date,postal_code,zip_name,pending_ratio,new_listing_count,median_days_on_market,price_reduced_share,median_listing_price_per_square_foot
2026-08,32828,"orlando, fl",0.3316,60,65.0,0.3003,224.0
2026-08,32712,"apopka, fl",0.5946,72,72.0,0.265,207.0
2026-08,34761,"ocoee, fl",0.5547,44,68.0,0.2595,219.0
2026-08,32803,"orlando, fl",0.4091,40,54.0,0.2543,362.0
2026-08,32835,"orlando, fl",0.2615,52,80.0,0.196,194.0
2026-08,34787,"winter garden, fl",0.5102,204,72.0,0.2226,256.0
2026-08,32819,"orlando, fl",0.1869,44,87.0,0.2162,308.0
2026-08,32807,"orlando, fl",0.5185,32,62.0,0.1806,258.0
2026-08,34786,"windermere, fl",0.3391,56,75.0,0.2353,341.0
2026-08,32703,"apopka, fl",0.574,68,66.0,0.2779,219.0
2026-08,32817,"orlando, fl",0.4717,24,50.0,0.2545,247.0
2026-08,32810,"orlando, fl",0.3404,32,73.0,0.2483,237.0
2026-08,32808,"orlando, fl",0.3567,48,63.0,0.1763,190.0
2026-08,32832,"orlando, fl",0.2896,60,72.0,0.2799,241.0
2026-08,32804,"orlando, fl",0.3571,36,72.0,0.2148,368.0
2026-08,32806,"orlando, fl",0.3077,52,72.0,0.3604,299.0
2026-08,32827,"orlando, fl",0.3135,40,82.0,0.2509,292.0
2026-08,32801,"orlando, fl",0.1349,28,101.0,0.2273,303.0
2026-08,32805,"orlando, fl",0.2361,20,88.0,0.2545,225.0
2026-08,32826,"orlando, fl",0.3906,20,42.0,0.1441,211.0
2026-07,32817,"orlando, fl",0.5789,32,44.0,0.193,253.0
2026-07,32826,"orlando, fl",0.5138,26,49.0,0.1806,220.0
2026-07,32808,"orlando, fl",0.3872,58,52.0,0.2094,195.0
2026-07,32803,"orlando, fl",0.3652,38,51.0,0.2073,360.0
2026-07,32703,"apopka, fl",0.7344,58,61.0,0.2327,222.0
2026-07,32804,"orlando, fl",0.3802,40,71.0,0.2754,369.0
2026-07,32810,"orlando, fl",0.3511,28,66.0,0.2666,240.0
2026-07,32712,"apopka, fl",0.5845,100,69.0,0.1852,208.0
2026-07,34787,"winter garden, fl",0.5053,218,66.0,0.206,255.0
2026-07,32835,"orlando, fl",0.189,64,72.0,0.2165,193.0
2026-07,34761,"ocoee, fl",0.5651,50,63.0,0.1976,220.0
2026-07,32806,"orlando, fl",0.3693,48,69.0,0.2689,301.0
2026-07,32828,"orlando, fl",0.4039,80,59.0,0.2322,223.0
2026-07,32805,"orlando, fl",0.2537,18,81.0,0.2017,220.0
2026-07,32819,"orlando, fl",0.2065,44,90.0,0.1985,308.0
2026-07,32832,"orlando, fl",0.2679,54,71.0,0.219,243.0
2026-07,32827,"orlando, fl",0.3,44,73.0,0.2929,297.0
2026-07,32807,"orlando, fl",0.5419,30,61.0,0.1458,264.0
2026-07,34786,"windermere, fl",0.3264,82,70.0,0.2124,345.0
2026-07,32801,"orlando, fl",0.1094,24,109.0,0.2354,304.0
2026-06,32808,"orlando, fl",0.3623,58,57.0,0.123,196.0
2026-06,34761,"ocoee, fl",0.7927,44,55.0,0.2878,222.0
2026-06,32826,"orlando, fl",0.6625,26,43.0,0.0838,234.0
2026-06,34786,"windermere, fl",0.39,88,68.0,0.1644,357.0
2026-06,32805,"orlando, fl",0.3231,22,76.0,0.1988,227.0
2026-06,34787,"winter garden, fl",0.5375,262,61.0,0.2263,255.0
2026-06,32712,"apopka, fl",0.5249,98,67.0,0.2129,214.0
2026-06,32835,"orlando, fl",0.163,86,75.0,0.2256,193.0
2026-06,32806,"orlando, fl",0.4561,42,63.0,0.2771,304.0
2026-06,32827,"orlando, fl",0.3832,66,62.0,0.1959,303.0
2026-06,32817,"orlando, fl",0.8925,30,44.0,0.1867,256.0
2026-06,32810,"orlando, fl",0.3098,38,62.0,0.1823,237.0
2026-06,32804,"orlando, fl",0.4892,38,69.0,0.2605,368.0
2026-06,32801,"orlando, fl",0.1654,24,100.0,0.2181,309.0
2026-06,32819,"orlando, fl",0.3131,78,87.0,0.1533,308.0
2026-06,32832,"orlando, fl",0.3478,78,66.0,0.2131,248.0
2026-06,32803,"orlando, fl",0.4713,42,49.0,0.1876,356.0
2026-06,32828,"orlando, fl",0.3675,70,44.0,0.3546,226.0
2026-06,32703,"apopka, fl",0.7927,80,59.0,0.1927,221.0
2026-06,32807,"orlando, fl",0.5063,36,60.0,0.1985,262.0
2026-05,34761,"ocoee, fl",0.7192,72,47.0,0.1942,220.0
2026-05,34787,"winter garden, fl",0.5327,232,65.0,0.1882,256.0
2026-05,32712,"apopka, fl",0.5682,76,66.0,0.1986,210.0
2026-05,32832,"orlando, fl",0.4322,56,65.0,0.1877,252.0
2026-05,32835,"orlando, fl",0.2152,60,70.0,0.2018,194.0
2026-05,32801,"orlando, fl",0.1769,24,89.0,0.2073,314.0
2026-05,32826,"orlando, fl",0.5882,24,46.0,0.1538,229.0
2026-05,32817,"orlando, fl",0.973,36,43.0,0.1101,253.0
2026-05,32819,"orlando, fl",0.2388,56,79.0,0.2173,305.0
2026-05,32808,"orlando, fl",0.5385,44,60.0,0.1368,195.0
2026-05,32806,"orlando, fl",0.4775,56,57.0,0.3049,306.0
2026-05,32827,"orlando, fl",0.3366,64,57.0,0.2402,306.0
2026-05,32810,"orlando, fl",0.3494,28,61.0,0.1967,234.0
2026-05,32803,"orlando, fl",0.5946,40,58.0,0.1879,350.0
2026-05,32828,"orlando, fl",0.426,96,40.0,0.2524,224.0
2026-05,32804,"orlando, fl",0.4949,48,61.0,0.2826,353.0
2026-05,32805,"orlando, fl",0.3056,24,66.0,0.2917,234.0
2026-05,32703,"apopka, fl",0.7857,64,50.0,0.129,218.0
2026-05,32807,"orlando, fl",0.4321,24,70.0,0.2993,250.0
2026-05,34786,"windermere, fl",0.4071,92,62.0,0.1776,357.0
2026-04,32817,"orlando, fl",0.8333,18,56.0,0.149,257.0
2026-04,32826,"orlando, fl",0.4366,12,39.0,0.1209,236.0
2026-04,32835,"orlando, fl",0.176,66,66.0,0.1919,195.0
2026-04,32804,"orlando, fl",0.402,40,58.0,0.3265,350.0
2026-04,32828,"orlando, fl",0.5502,72,51.0,0.2345,229.0
2026-04,32703,"apopka, fl",0.8549,76,56.0,0.1917,221.0
2026-04,32819,"orlando, fl",0.1986,68,72.0,0.1614,309.0
2026-04,32712,"apopka, fl",0.4861,94,62.0,0.1854,209.0
2026-04,32808,"orlando, fl",0.4884,38,53.0,0.202,196.0
2026-04,34786,"windermere, fl",0.4566,94,62.0,0.1655,342.0
2026-04,32803,"orlando, fl",0.5379,30,60.0,0.3207,358.0
2026-04,32810,"orlando, fl",0.4012,34,63.0,0.2303,230.0
2026-04,34761,"ocoee, fl",0.598,94,45.0,0.1823,219.0
2026-04,32805,"orlando, fl",0.2901,20,68.0,0.2247,227.0
2026-04,32801,"orlando, fl",0.1438,34,70.0,0.1875,317.0
2026-04,32832,"orlando, fl",0.4262,74,60.0,0.2116,251.0
2026-04,32827,"orlando, fl",0.3599,66,66.0,0.2122,302.0
2026-04,32806,"orlando, fl",0.5075,46,56.0,0.2083,305.0
2026-04,32807,"orlando, fl",0.5241,24,65.0,0.1921,241.0
2026-04,34787,"winter garden, fl",0.5109,226,65.0,0.1872,256.0
2026-03,34787,"winter garden, fl",0.4699,248,59.0,0.2233,257.0
2026-03,32712,"apopka, fl",0.5835,98,65.0,0.1823,212.0
2026-03,32810,"orlando, fl",0.4595,34,78.0,0.2222,232.0
2026-03,34761,"ocoee, fl",0.4899,80,52.0,0.223,221.0
2026-03,34786,"windermere, fl",0.3296,90,61.0,0.1849,351.0
2026-03,32807,"orlando, fl",0.4524,34,53.0,0.2237,243.0
2026-03,32835,"orlando, fl",0.216,66,77.0,0.1823,194.0
2026-03,32817,"orlando, fl",0.7143,36,61.0,0.1918,250.0
2026-03,32801,"orlando, fl",0.1217,36,67.0,0.2912,325.0
2026-03,32703,"apopka, fl",0.8268,78,57.0,0.2035,222.0
2026-03,32804,"orlando, fl",0.4467,32,55.0,0.195,354.0
2026-03,32819,"orlando, fl",0.1911,56,70.0,0.2223,305.0
2026-03,32806,"orlando, fl",0.5152,46,61.0,0.2825,304.0
2026-03,32826,"orlando, fl",0.4203,24,37.0,0.2172,245.0
2026-03,32805,"orlando, fl",0.2593,16,55.0,0.309,230.0
2026-03,32832,"orlando, fl",0.3908,82,65.0,0.1993,254.0
2026-03,32828,"orlando, fl",0.6198,58,53.0,0.2305,230.0
2026-03,32808,"orlando, fl",0.4549,56,63.0,0.2089,201.0
2026-03,32827,"orlando, fl",0.3107,66,58.0,0.347,304.0
2026-03,32803,"orlando, fl",0.5409,34,62.0,0.1867,348.0
2026-02,32810,"orlando, fl",0.3718,26,73.0,0.2266,236.0
2026-02,34786,"windermere, fl",0.3586,76,88.0,0.2034,337.0
2026-02,32819,"orlando, fl",0.2173,60,81.0,0.1493,308.0
2026-02,32712,"apopka, fl",0.5811,66,72.0,0.2108,214.0
2026-02,32806,"orlando, fl",0.3333,46,88.0,0.2389,302.0
2026-02,32805,"orlando, fl",0.2541,28,68.0,0.2845,231.0
2026-02,32835,"orlando, fl",0.2,56,95.0,0.2297,195.0
2026-02,32826,"orlando, fl",0.5763,10,63.0,0.3752,238.0
2026-02,34761,"ocoee, fl",0.4748,60,72.0,0.1743,223.0
2026-02,32832,"orlando, fl",0.3283,62,90.0,0.2119,251.0
2026-02,32808,"orlando, fl",0.3851,52,75.0,0.1981,201.0
2026-02,32801,"orlando, fl",0.1143,42,100.0,0.1965,316.0
2026-02,32827,"orlando, fl",0.3676,52,57.0,0.2027,310.0
2026-02,32828,"orlando, fl",0.4531,62,46.0,0.1902,228.0
2026-02,32803,"orlando, fl",0.4884,34,73.0,0.2407,348.0
2026-02,34787,"winter garden, fl",0.4173,258,80.0,0.2067,254.0
2026-02,32703,"apopka, fl",0.648,72,64.0,0.2566,220.0
2026-02,32804,"orlando, fl",0.3632,40,60.0,0.2678,351.0
2026-02,32807,"orlando, fl",0.4671,38,53.0,0.2124,234.0
2026-02,32817,"orlando, fl",0.6067,26,51.0,0.1662,248.0
2026-01,32804,"orlando, fl",0.3956,44,74.0,0.25,350.0
2026-01,32817,"orlando, fl",0.4884,12,78.0,0.2807,246.0
2026-01,32808,"orlando, fl",0.3311,60,86.0,0.1977,201.0
2026-01,32828,"orlando, fl",0.3981,64,66.0,0.2364,225.0
2026-01,32703,"apopka, fl",0.4737,64,88.0,0.2222,220.0
2026-01,32805,"orlando, fl",0.2881,20,87.0,0.1869,228.0
2026-01,32807,"orlando, fl",0.5067,32,67.0,0.25,232.0
2026-01,34787,"winter garden, fl",0.3588,192,82.0,0.211,256.0
2026-01,32803,"orlando, fl",0.3438,24,79.0,0.1931,340.0
2026-01,32819,"orlando, fl",0.1897,60,98.0,0.1836,310.0
2026-01,32832,"orlando, fl",0.2139,68,96.0,0.2403,252.0
2026-01,32827,"orlando, fl",0.2792,60,73.0,0.188,307.0
2026-01,34786,"windermere, fl",0.3128,64,92.0,0.1581,327.0
2026-01,32801,"orlando, fl",0.136,32,130.0,0.2011,317.0
2026-01,32712,"apopka, fl",0.4174,88,78.0,0.2278,215.0
2026-01,34761,"ocoee, fl",0.3913,48,75.0,0.2162,227.0
2026-01,32835,"orlando, fl",0.2217,44,108.0,0.1881,192.0
2026-01,32806,"orlando, fl",0.2843,28,95.0,0.2667,290.0
2026-01,32826,"orlando, fl",0.3333,8,61.0,0.2069,237.0
2026-01,32810,"orlando, fl",0.3,24,73.0,0.2171,233.0
2025-12,32804,"orlando, fl",0.29,22,65.0,0.1623,348.0
2025-12,32832,"orlando, fl",0.1667,32,89.0,0.1917,252.0
2025-12,32826,"orlando, fl",0.3571,8,69.0,0.1488,239.0
2025-12,32817,"orlando, fl",0.5222,14,88.0,0.3592,247.0
2025-12,32828,"orlando, fl",0.416,30,71.0,0.1547,225.0
2025-12,32827,"orlando, fl",0.3145,34,82.0,0.1562,305.0
2025-12,32801,"orlando, fl",0.1165,14,118.0,0.1644,318.0
2025-12,32807,"orlando, fl",0.4329,28,68.0,0.2066,232.0
2025-12,32808,"orlando, fl",0.3449,48,75.0,0.1387,195.0
2025-12,32712,"apopka, fl",0.4269,62,68.0,0.1457,214.0
2025-12,34761,"ocoee, fl",0.3926,42,67.0,0.1516,228.0
2025-12,32803,"orlando, fl",0.335,24,76.0,0.1648,333.0
2025-12,32806,"orlando, fl",0.3628,22,85.0,0.2278,296.0
2025-12,32703,"apopka, fl",0.5419,34,79.0,0.1594,218.0
2025-12,32805,"orlando, fl",0.304,12,83.0,0.1562,222.0
2025-12,32810,"orlando, fl",0.3718,22,64.0,0.1964,233.0
2025-12,32835,"orlando, fl",0.1677,46,112.0,0.1012,192.0
2025-12,34787,"winter garden, fl",0.3163,126,81.0,0.104,258.0
2025-12,32819,"orlando, fl",0.1663,46,94.0,0.1889,316.0
2025-12,34786,"windermere, fl",0.3077,34,81.0,0.1845,347.0
2025-11,32810,"orlando, fl",0.3875,32,69.0,0.2353,233.0
2025-11,32801,"orlando, fl",0.125,20,100.0,0.1826,316.0
2025-11,34787,"winter garden, fl",0.3846,184,78.0,0.2253,259.0
2025-11,32819,"orlando, fl",0.1644,36,93.0,0.1948,311.0
2025-11,32804,"orlando, fl",0.3182,28,66.0,0.2562,358.0
2025-11,32827,"orlando, fl",0.325,48,71.0,0.1712,306.0
2025-11,34786,"windermere, fl",0.2368,56,80.0,0.2077,344.0
2025-11,32806,"orlando, fl",0.418,40,80.0,0.1636,306.0
2025-11,32817,"orlando, fl",0.62,12,75.0,0.2222,257.0
2025-11,32828,"orlando, fl",0.3456,44,67.0,0.1667,225.0
2025-11,32832,"orlando, fl",0.157,48,79.0,0.2397,253.0
2025-11,32808,"orlando, fl",0.3655,32,72.0,0.2632,200.0
2025-11,32712,"apopka, fl",0.4917,72,73.0,0.1801,212.0
2025-11,32807,"orlando, fl",0.3409,44,76.0,0.2276,234.0
2025-11,32826,"orlando, fl",0.35,8,79.0,0.1333,242.0
2025-11,32703,"apopka, fl",0.6561,60,70.0,0.1954,218.0
2025-11,32835,"orlando, fl",0.1612,40,106.0,0.2025,196.0
2025-11,34761,"ocoee, fl",0.4622,36,60.0,0.2115,228.0
2025-11,32803,"orlando, fl",0.3636,28,82.0,0.2118,337.0
2025-11,32805,"orlando, fl",0.2615,16,75.0,0.2247,222.0
2025-10,32826,"orlando, fl",0.3218,12,76.0,0.273,243.0
2025-10,32835,"orlando, fl",0.1412,44,99.0,0.2111,199.0
2025-10,32819,"orlando, fl",0.1814,58,80.0,0.2346,312.0
2025-10,32827,"orlando, fl",0.2929,42,74.0,0.1921,299.0
2025-10,34787,"winter garden, fl",0.3503,182,75.0,0.2457,259.0
2025-10,32712,"apopka, fl",0.4538,80,67.0,0.2476,214.0
2025-10,32828,"orlando, fl",0.3453,52,64.0,0.2985,227.0
2025-10,32804,"orlando, fl",0.381,36,76.0,0.2288,361.0
2025-10,34786,"windermere, fl",0.2917,68,86.0,0.2633,330.0
2025-10,32808,"orlando, fl",0.3805,40,87.0,0.2251,193.0
2025-10,32803,"orlando, fl",0.3697,36,68.0,0.2762,330.0
2025-10,32801,"orlando, fl",0.1013,22,103.0,0.2031,313.0
2025-10,32810,"orlando, fl",0.3515,24,79.0,0.2945,233.0
2025-10,32806,"orlando, fl",0.2701,30,77.0,0.3107,305.0
2025-10,32805,"orlando, fl",0.3008,22,62.0,0.3359,224.0
2025-10,32703,"apopka, fl",0.6258,58,69.0,0.197,220.0
2025-10,32807,"orlando, fl",0.5141,30,66.0,0.1987,237.0
2025-10,34761,"ocoee, fl",0.5297,56,53.0,0.2063,231.0
2025-10,32817,"orlando, fl",0.5897,18,89.0,0.2975,257.0
2025-10,32832,"orlando, fl",0.2489,68,84.0,0.2071,252.0
2025-09,32703,"apopka, fl",0.5787,56,67.0,0.217,221.0
2025-09,32801,"orlando, fl",0.1115,24,98.0,0.1605,316.0
2025-09,32805,"orlando, fl",0.3894,16,48.0,0.2006,228.0
2025-09,34761,"ocoee, fl",0.5,56,61.0,0.1974,230.0
2025-09,32835,"orlando, fl",0.1589,44,96.0,0.2285,199.0
2025-09,32817,"orlando, fl",0.4806,22,91.0,0.2724,257.0
2025-09,32827,"orlando, fl",0.2922,60,76.0,0.2112,303.0
2025-09,32819,"orlando, fl",0.2356,58,82.0,0.2024,313.0
2025-09,32804,"orlando, fl",0.3612,40,74.0,0.31,347.0
2025-09,32712,"apopka, fl",0.4094,92,63.0,0.2349,216.0
2025-09,32828,"orlando, fl",0.3439,58,56.0,0.3599,226.0
2025-09,34787,"winter garden, fl",0.3175,164,72.0,0.2465,260.0
2025-09,32806,"orlando, fl",0.2482,44,77.0,0.1981,304.0
2025-09,32808,"orlando, fl",0.3795,56,83.0,0.1823,193.0
2025-09,34786,"windermere, fl",0.3265,60,76.0,0.222,315.0
2025-09,32832,"orlando, fl",0.2551,58,79.0,0.244,249.0
2025-09,32826,"orlando, fl",0.266,18,56.0,0.2652,248.0
2025-09,32810,"orlando, fl",0.3176,22,79.0,0.3082,233.0
2025-09,32807,"orlando, fl",0.3831,24,60.0,0.1872,241.0
2025-09,32803,"orlando, fl",0.3084,32,59.0,0.2753,338.0
2025-08,32803,"orlando, fl",0.4037,48,66.0,0.2,341.0
2025-08,32810,"orlando, fl",0.3951,32,80.0,0.2207,235.0
2025-08,32828,"orlando, fl",0.3103,48,57.0,0.322,232.0
2025-08,32806,"orlando, fl",0.2963,40,66.0,0.3005,298.0
2025-08,32819,"orlando, fl",0.1941,60,80.0,0.1988,312.0
2025-08,32832,"orlando, fl",0.1931,44,66.0,0.3107,253.0
2025-08,34787,"winter garden, fl",0.2815,184,72.0,0.2307,261.0
2025-08,34761,"ocoee, fl",0.5882,48,57.0,0.2667,228.0
2025-08,32808,"orlando, fl",0.4241,40,81.0,0.2605,191.0
2025-08,32712,"apopka, fl",0.4875,80,61.0,0.2299,219.0
2025-08,32801,"orlando, fl",0.1154,32,94.0,0.1956,316.0
2025-08,32827,"orlando, fl",0.2848,36,87.0,0.2424,301.0
2025-08,34786,"windermere, fl",0.336,64,66.0,0.2188,310.0
2025-08,32817,"orlando, fl",0.4627,20,81.0,0.3333,257.0
2025-08,32703,"apopka, fl",0.642,68,60.0,0.2561,221.0
2025-08,32804,"orlando, fl",0.35,40,68.0,0.2593,347.0
2025-08,32807,"orlando, fl",0.4247,24,55.0,0.2406,236.0
2025-08,32835,"orlando, fl",0.1447,44,86.0,0.2228,200.0
2025-08,32805,"orlando, fl",0.434,20,77.0,0.2182,220.0
2025-08,32826,"orlando, fl",0.3261,20,50.0,0.3373,248.0
2025-07,32819,"orlando, fl",0.1652,60,71.0,0.2444,311.0
2025-07,32808,"orlando, fl",0.514,64,70.0,0.1954,196.0
2025-07,32817,"orlando, fl",0.5811,28,66.0,0.3363,259.0
2025-07,34787,"winter garden, fl",0.2734,220,67.0,0.2594,262.0
2025-07,32832,"orlando, fl",0.1992,74,65.0,0.2885,254.0
2025-07,34786,"windermere, fl",0.2888,84,60.0,0.284,324.0
2025-07,32803,"orlando, fl",0.3641,28,80.0,0.3542,325.0
2025-07,34761,"ocoee, fl",0.4276,42,61.0,0.3064,228.0
2025-07,32835,"orlando, fl",0.1661,74,86.0,0.2068,203.0
2025-07,32827,"orlando, fl",0.2922,42,74.0,0.2435,304.0
2025-07,32806,"orlando, fl",0.3091,44,61.0,0.3422,300.0
2025-07,32828,"orlando, fl",0.4637,48,51.0,0.2685,233.0
2025-07,32805,"orlando, fl",0.5437,8,76.0,0.2747,216.0
2025-07,32703,"apopka, fl",0.6579,76,51.0,0.2737,225.0
2025-07,32712,"apopka, fl",0.4946,82,59.0,0.2272,219.0
2025-07,32804,"orlando, fl",0.305,38,62.0,0.2679,350.0
2025-07,32810,"orlando, fl",0.3855,28,72.0,0.3705,236.0
2025-07,32826,"orlando, fl",0.3409,18,46.0,0.3699,250.0
2025-07,32801,"orlando, fl",0.1649,20,97.0,0.2536,324.0
2025-07,32807,"orlando, fl",0.4636,18,52.0,0.1912,247.0
2025-06,32807,"orlando, fl",0.4779,34,70.0,0.2816,246.0
2025-06,32819,"orlando, fl",0.1509,72,67.0,0.2684,308.0
2025-06,32703,"apopka, fl",0.6875,84,62.0,0.2438,222.0
2025-06,32826,"orlando, fl",0.3708,28,41.0,0.1558,257.0
2025-06,32828,"orlando, fl",0.4918,80,49.0,0.2853,233.0
2025-06,32804,"orlando, fl",0.375,60,58.0,0.2971,355.0
2025-06,32808,"orlando, fl",0.5617,62,80.0,0.1754,203.0
2025-06,34787,"winter garden, fl",0.3041,214,63.0,0.2579,263.0
2025-06,34761,"ocoee, fl",0.5352,68,54.0,0.2707,229.0
2025-06,32805,"orlando, fl",0.5086,30,72.0,0.2024,221.0
2025-06,32712,"apopka, fl",0.554,86,54.0,0.2618,217.0
2025-06,32827,"orlando, fl",0.2326,42,63.0,0.3274,306.0
2025-06,32806,"orlando, fl",0.3395,58,65.0,0.316,302.0
2025-06,32803,"orlando, fl",0.3636,40,62.0,0.3075,340.0
2025-06,32817,"orlando, fl",0.5333,30,52.0,0.2453,261.0
2025-06,32832,"orlando, fl",0.2241,74,65.0,0.2808,251.0
2025-06,34786,"windermere, fl",0.3446,86,58.0,0.267,344.0
2025-06,32810,"orlando, fl",0.4317,24,63.0,0.3066,235.0
2025-06,32801,"orlando, fl",0.1743,30,80.0,0.3757,326.0
2025-06,32835,"orlando, fl",0.1644,70,77.0,0.2455,201.0
2025-05,32804,"orlando, fl",0.3445,44,59.0,0.2752,346.0
2025-05,34761,"ocoee, fl",0.5682,60,53.0,0.2059,229.0
2025-05,32712,"apopka, fl",0.5468,84,60.0,0.2381,216.0
2025-05,32835,"orlando, fl",0.2169,64,68.0,0.2388,203.0
2025-05,32817,"orlando, fl",0.3867,44,45.0,0.2432,263.0
2025-05,34787,"winter garden, fl",0.3925,216,58.0,0.2487,264.0
2025-05,32807,"orlando, fl",0.5065,24,64.0,0.303,253.0
2025-05,32801,"orlando, fl",0.1307,36,66.0,0.2667,333.0
2025-05,32832,"orlando, fl",0.3423,76,57.0,0.2249,256.0
2025-05,34786,"windermere, fl",0.3917,80,57.0,0.2537,346.0
2025-05,32703,"apopka, fl",0.9324,52,67.0,0.2643,219.0
2025-05,32806,"orlando, fl",0.3609,36,59.0,0.4,312.0
2025-05,32808,"orlando, fl",0.5353,60,78.0,0.2007,203.0
2025-05,32810,"orlando, fl",0.4318,32,59.0,0.3355,236.0
2025-05,32827,"orlando, fl",0.2857,68,55.0,0.2893,310.0
2025-05,32803,"orlando, fl",0.4455,36,57.0,0.221,360.0
2025-05,32805,"orlando, fl",0.5088,12,61.0,0.1818,228.0
2025-05,32819,"orlando, fl",0.1714,64,66.0,0.2973,312.0
2025-05,32828,"orlando, fl",0.4667,76,51.0,0.3087,234.0
2025-05,32826,"orlando, fl",0.6563,16,38.0,0.1714,256.0
2025-04,32805,"orlando, fl",0.4538,22,61.0,0.2075,223.0
2025-04,32819,"orlando, fl",0.1873,60,59.0,0.2886,310.0
2025-04,32817,"orlando, fl",0.5317,30,46.0,0.2913,257.0
2025-04,32703,"apopka, fl",0.9178,60,58.0,0.166,220.0
2025-04,32835,"orlando, fl",0.1863,86,61.0,0.2426,202.0
2025-04,32803,"orlando, fl",0.3694,58,47.0,0.3114,361.0
2025-04,32712,"apopka, fl",0.5839,82,60.0,0.1727,214.0
2025-04,34761,"ocoee, fl",0.6131,60,55.0,0.2383,233.0
2025-04,32808,"orlando, fl",0.3632,54,66.0,0.2908,203.0
2025-04,32832,"orlando, fl",0.3857,68,59.0,0.2373,259.0
2025-04,32804,"orlando, fl",0.3186,50,52.0,0.364,342.0
2025-04,32826,"orlando, fl",0.8246,24,45.0,0.104,251.0
2025-04,32801,"orlando, fl",0.1548,38,57.0,0.3456,329.0
2025-04,32807,"orlando, fl",0.4717,24,53.0,0.3398,253.0
2025-04,34787,"winter garden, fl",0.4183,234,53.0,0.2344,266.0
2025-04,34786,"windermere, fl",0.4021,100,55.0,0.2099,360.0
2025-04,32806,"orlando, fl",0.3134,52,46.0,0.3471,310.0
2025-04,32827,"orlando, fl",0.2767,76,50.0,0.2358,311.0
2025-04,32810,"orlando, fl",0.5,38,59.0,0.2202,236.0
2025-04,32828,"orlando, fl",0.6,64,51.0,0.2486,234.0
2025-03,34761,"ocoee, fl",0.4167,56,52.0,0.3014,234.0
2025-03,32827,"orlando, fl",0.3226,64,57.0,0.2249,299.0
2025-03,32807,"orlando, fl",0.4096,44,52.0,0.3436,234.0
2025-03,32835,"orlando, fl",0.22,88,63.0,0.2776,204.0
2025-03,32810,"orlando, fl",0.4368,24,57.0,0.3143,231.0
2025-03,32808,"orlando, fl",0.4175,56,57.0,0.2234,205.0
2025-03,32803,"orlando, fl",0.3895,44,56.0,0.2339,358.0
2025-03,32828,"orlando, fl",0.5352,68,50.0,0.2973,237.0
2025-03,34786,"windermere, fl",0.4081,92,57.0,0.1949,353.0
2025-03,32804,"orlando, fl",0.4184,48,49.0,0.3404,347.0
2025-03,32832,"orlando, fl",0.2727,68,63.0,0.2794,258.0
2025-03,32819,"orlando, fl",0.2258,64,67.0,0.254,312.0
2025-03,32712,"apopka, fl",0.5849,64,58.0,0.2306,213.0
2025-03,32806,"orlando, fl",0.3451,60,47.0,0.3168,306.0
2025-03,34787,"winter garden, fl",0.4167,224,52.0,0.2583,266.0
2025-03,32826,"orlando, fl",0.4706,16,43.0,0.1194,254.0
2025-03,32801,"orlando, fl",0.1699,52,54.0,0.2643,333.0
2025-03,32805,"orlando, fl",0.4603,20,60.0,0.2017,221.0
2025-03,32703,"apopka, fl",0.6994,64,53.0,0.2353,219.0
2025-03,32817,"orlando, fl",0.569,32,42.0,0.252,252.0
2025-02,32805,"orlando, fl",0.4077,26,63.0,0.2081,217.0
2025-02,32827,"orlando, fl",0.3432,40,76.0,0.186,303.0
2025-02,32828,"orlando, fl",0.4137,76,48.0,0.249,236.0
2025-02,32806,"orlando, fl",0.3463,50,79.0,0.2634,309.0
2025-02,32807,"orlando, fl",0.3671,30,67.0,0.2093,231.0
2025-02,32819,"orlando, fl",0.2765,60,84.0,0.2249,306.0
2025-02,32703,"apopka, fl",0.6704,76,60.0,0.2379,221.0
2025-02,34786,"windermere, fl",0.3714,78,76.0,0.1926,339.0
2025-02,34761,"ocoee, fl",0.3566,70,59.0,0.2368,234.0
2025-02,32832,"orlando, fl",0.2605,72,71.0,0.2429,255.0
2025-02,32808,"orlando, fl",0.4731,74,55.0,0.2169,206.0
2025-02,32801,"orlando, fl",0.1864,48,75.0,0.2319,328.0
2025-02,32810,"orlando, fl",0.3228,46,68.0,0.2538,241.0
2025-02,32826,"orlando, fl",0.6441,18,50.0,0.1688,254.0
2025-02,34787,"winter garden, fl",0.3964,220,64.0,0.212,265.0
2025-02,32804,"orlando, fl",0.3886,52,71.0,0.1908,332.0
2025-02,32835,"orlando, fl",0.2078,82,76.0,0.2814,204.0
2025-02,32803,"orlando, fl",0.3422,44,68.0,0.3141,360.0
2025-02,32712,"apopka, fl",0.4454,110,61.0,0.2091,215.0
2025-02,32817,"orlando, fl",0.4762,40,77.0,0.3086,252.0
2025-01,32801,"orlando, fl",0.159,50,81.0,0.2566,335.0
2025-01,32805,"orlando, fl",0.3955,32,67.0,0.3174,209.0
2025-01,32807,"orlando, fl",0.2819,28,77.0,0.1497,233.0
2025-01,32828,"orlando, fl",0.2745,56,64.0,0.3162,232.0
2025-01,32703,"apopka, fl",0.5414,90,65.0,0.1944,220.0
2025-01,32832,"orlando, fl",0.2039,64,77.0,0.2506,253.0
2025-01,32835,"orlando, fl",0.1643,70,77.0,0.2229,208.0
2025-01,32827,"orlando, fl",0.2656,56,83.0,0.2838,305.0
2025-01,32804,"orlando, fl",0.3412,38,83.0,0.2358,335.0
2025-01,32817,"orlando, fl",0.3387,20,68.0,0.309,262.0
2025-01,32826,"orlando, fl",0.6066,10,82.0,0.1923,247.0
2025-01,34786,"windermere, fl",0.272,64,87.0,0.1374,352.0
2025-01,32819,"orlando, fl",0.2086,50,85.0,0.201,305.0
2025-01,34761,"ocoee, fl",0.2996,62,59.0,0.2083,231.0
2025-01,32803,"orlando, fl",0.322,28,72.0,0.2718,352.0
2025-01,34787,"winter garden, fl",0.3327,188,80.0,0.2151,265.0
2025-01,32806,"orlando, fl",0.25,26,83.0,0.2516,307.0
2025-01,32712,"apopka, fl",0.4873,112,65.0,0.2195,213.0
2025-01,32808,"orlando, fl",0.4025,68,63.0,0.179,207.0
2025-01,32810,"orlando, fl",0.2805,22,79.0,0.2306,239.0
2024-12,32828,"orlando, fl",0.3669,34,62.0,0.1901,235.0
2024-12,32826,"orlando, fl",0.5942,8,74.0,0.1209,241.0
2024-12,32803,"orlando, fl",0.3466,24,69.0,0.1686,349.0
2024-12,32712,"apopka, fl",0.4684,44,65.0,0.1659,214.0
2024-12,34787,"winter garden, fl",0.441,108,85.0,0.1508,266.0
2024-12,32810,"orlando, fl",0.3875,18,69.0,0.1845,249.0
2024-12,32808,"orlando, fl",0.4613,38,62.0,0.1939,210.0
2024-12,32827,"orlando, fl",0.3295,30,85.0,0.1391,308.0
2024-12,32835,"orlando, fl",0.1576,44,73.0,0.2053,212.0
2024-12,32703,"apopka, fl",0.5771,56,63.0,0.1158,221.0
2024-12,32804,"orlando, fl",0.3642,14,77.0,0.15,339.0
2024-12,34786,"windermere, fl",0.2968,48,87.0,0.1573,344.0
2024-12,32801,"orlando, fl",0.1098,22,86.0,0.195,335.0
2024-12,32817,"orlando, fl",0.3566,14,67.0,0.1796,262.0
2024-12,32819,"orlando, fl",0.1823,40,90.0,0.1835,305.0
2024-12,32832,"orlando, fl",0.2239,44,74.0,0.1184,250.0
2024-12,32805,"orlando, fl",0.5234,18,64.0,0.1595,214.0
2024-12,34761,"ocoee, fl",0.4118,42,57.0,0.1398,228.0
2024-12,32806,"orlando, fl",0.2707,30,81.0,0.1799,307.0
2024-12,32807,"orlando, fl",0.331,30,64.0,0.164,241.0
2024-11,32817,"orlando, fl",0.3151,28,52.0,0.2188,262.0
2024-11,32803,"orlando, fl",0.3295,28,66.0,0.25,346.0
2024-11,32835,"orlando, fl",0.2228,72,68.0,0.2214,211.0
2024-11,32832,"orlando, fl",0.2299,44,71.0,0.3053,250.0
2024-11,34786,"windermere, fl",0.3458,68,82.0,0.2071,335.0
2024-11,32712,"apopka, fl",0.4885,72,64.0,0.1609,213.0
2024-11,32819,"orlando, fl",0.2034,48,93.0,0.1212,316.0
2024-11,32703,"apopka, fl",0.6359,68,61.0,0.1504,221.0
2024-11,32807,"orlando, fl",0.3514,20,59.0,0.2302,252.0
2024-11,32804,"orlando, fl",0.3579,24,64.0,0.225,341.0
2024-11,32826,"orlando, fl",0.5116,20,72.0,0.1667,236.0
2024-11,32806,"orlando, fl",0.2906,32,78.0,0.2365,301.0
2024-11,34761,"ocoee, fl",0.4098,52,63.0,0.1593,226.0
2024-11,32810,"orlando, fl",0.443,32,54.0,0.2416,248.0
2024-11,34787,"winter garden, fl",0.5571,164,78.0,0.1643,265.0
2024-11,32805,"orlando, fl",0.4194,28,60.0,0.2435,214.0
2024-11,32808,"orlando, fl",0.4901,56,60.0,0.2621,213.0
2024-11,32827,"orlando, fl",0.3503,20,81.0,0.1794,307.0
2024-11,32828,"orlando, fl",0.3433,48,67.0,0.2629,229.0
2024-11,32801,"orlando, fl",0.1496,28,79.0,0.1749,327.0
2024-10,32808,"orlando, fl",0.4943,60,47.0,0.1803,211.0
2024-10,32835,"orlando, fl",0.2775,52,66.0,0.1905,214.0
2024-10,32817,"orlando, fl",0.4224,30,39.0,0.1067,255.0
2024-10,34786,"windermere, fl",0.3145,60,73.0,0.2801,338.0
2024-10,32827,"orlando, fl",0.3406,62,66.0,0.2168,307.0
2024-10,32801,"orlando, fl",0.1107,22,77.0,0.2708,321.0
2024-10,32805,"orlando, fl",0.5769,14,72.0,0.3372,225.0
2024-10,32828,"orlando, fl",0.3489,58,64.0,0.342,225.0
2024-10,32703,"apopka, fl",0.5366,84,49.0,0.228,224.0
2024-10,32807,"orlando, fl",0.4109,30,53.0,0.2324,241.0
2024-10,32810,"orlando, fl",0.5102,34,41.0,0.3581,246.0
2024-10,34761,"ocoee, fl",0.4895,44,57.0,0.2812,224.0
2024-10,32803,"orlando, fl",0.2788,32,60.0,0.2473,350.0
2024-10,32826,"orlando, fl",0.4086,20,75.0,0.3037,237.0
2024-10,32819,"orlando, fl",0.1923,38,82.0,0.1672,318.0
2024-10,32712,"apopka, fl",0.525,74,58.0,0.21,214.0
2024-10,32804,"orlando, fl",0.3153,50,61.0,0.2506,340.0
2024-10,32806,"orlando, fl",0.309,42,79.0,0.2365,301.0
2024-10,32832,"orlando, fl",0.2435,62,71.0,0.3554,257.0
2024-10,34787,"winter garden, fl",0.5417,188,73.0,0.1898,268.0
2024-09,32712,"apopka, fl",0.4879,94,55.0,0.2131,213.0
2024-09,32806,"orlando, fl",0.313,42,68.0,0.225,302.0
2024-09,32804,"orlando, fl",0.3631,42,60.0,0.2567,350.0
2024-09,34786,"windermere, fl",0.3186,60,71.0,0.2743,344.0
2024-09,32810,"orlando, fl",0.529,40,47.0,0.1792,248.0
2024-09,32703,"apopka, fl",0.4735,64,42.0,0.2013,226.0
2024-09,32835,"orlando, fl",0.3204,48,70.0,0.2588,216.0
2024-09,32808,"orlando, fl",0.5851,66,39.0,0.2384,204.0
2024-09,32807,"orlando, fl",0.4919,30,46.0,0.2895,242.0
2024-09,34787,"winter garden, fl",0.5273,170,65.0,0.209,266.0
2024-09,32817,"orlando, fl",0.5591,28,40.0,0.2352,253.0
2024-09,32801,"orlando, fl",0.1728,28,79.0,0.222,326.0
2024-09,34761,"ocoee, fl",0.4545,74,47.0,0.1908,226.0
2024-09,32805,"orlando, fl",0.5408,22,67.0,0.1996,218.0
2024-09,32826,"orlando, fl",0.4205,14,66.0,0.2417,231.0
2024-09,32803,"orlando, fl",0.3313,36,50.0,0.1918,356.0
2024-09,32827,"orlando, fl",0.4203,38,66.0,0.1554,308.0
2024-09,32832,"orlando, fl",0.2912,50,70.0,0.2109,261.0
2024-09,32828,"orlando, fl",0.3407,50,65.0,0.2699,226.0
2024-09,32819,"orlando, fl",0.2215,36,75.0,0.1876,313.0
2024-08,32826,"orlando, fl",0.5714,16,51.0,0.241,232.0
2024-08,34761,"ocoee, fl",0.4701,52,40.0,0.2319,232.0
2024-08,32806,"orlando, fl",0.439,36,67.0,0.3038,304.0
2024-08,32827,"orlando, fl",0.3733,52,60.0,0.1825,311.0
2024-08,32808,"orlando, fl",0.5946,48,47.0,0.1747,210.0
2024-08,34786,"windermere, fl",0.3304,68,61.0,0.2105,350.0
2024-08,32712,"apopka, fl",0.6038,112,46.0,0.2416,214.0
2024-08,32828,"orlando, fl",0.4745,40,53.0,0.4103,231.0
2024-08,32832,"orlando, fl",0.2874,60,65.0,0.2658,266.0
2024-08,32805,"orlando, fl",0.6383,12,82.0,0.2222,216.0
2024-08,32807,"orlando, fl",0.4444,44,61.0,0.25,245.0
2024-08,32804,"orlando, fl",0.2935,28,51.0,0.3059,347.0
2024-08,32835,"orlando, fl",0.3253,48,71.0,0.252,211.0
2024-08,32703,"apopka, fl",0.6286,68,37.0,0.1974,225.0
2024-08,32819,"orlando, fl",0.227,52,71.0,0.1781,316.0
2024-08,34787,"winter garden, fl",0.5072,228,66.0,0.2476,265.0
2024-08,32803,"orlando, fl",0.4375,28,51.0,0.2623,356.0
2024-08,32810,"orlando, fl",0.5313,40,50.0,0.2435,248.0
2024-08,32801,"orlando, fl",0.2393,28,76.0,0.2667,325.0
2024-08,32817,"orlando, fl",0.5556,20,39.0,0.2449,252.0
2024-07,32827,"orlando, fl",0.5603,54,53.0,0.2582,314.0
2024-07,32826,"orlando, fl",0.5632,22,32.0,0.1709,224.0
2024-07,32801,"orlando, fl",0.2375,36,71.0,0.2432,330.0
2024-07,32712,"apopka, fl",0.5616,84,43.0,0.2391,216.0
2024-07,34787,"winter garden, fl",0.5342,162,64.0,0.2572,266.0
2024-07,32805,"orlando, fl",0.6322,28,64.0,0.2281,226.0
2024-07,32832,"orlando, fl",0.3248,64,52.0,0.3307,268.0
2024-07,34786,"windermere, fl",0.4059,72,65.0,0.2003,353.0
2024-07,32703,"apopka, fl",0.8204,82,43.0,0.182,229.0
2024-07,32804,"orlando, fl",0.3488,44,48.0,0.2735,345.0
2024-07,32817,"orlando, fl",0.5667,24,42.0,0.2388,266.0
2024-07,32808,"orlando, fl",0.8207,52,54.0,0.1688,202.0
2024-07,32807,"orlando, fl",0.6075,18,54.0,0.226,235.0
2024-07,32828,"orlando, fl",0.4634,82,36.0,0.3291,234.0
2024-07,32810,"orlando, fl",0.7231,30,48.0,0.2094,246.0
2024-07,32835,"orlando, fl",0.3434,50,56.0,0.3017,215.0
2024-07,32806,"orlando, fl",0.4215,46,58.0,0.3292,305.0
2024-07,32803,"orlando, fl",0.4058,38,45.0,0.22,357.0
2024-07,34761,"ocoee, fl",0.6321,52,39.0,0.3162,230.0
2024-07,32819,"orlando, fl",0.2792,48,64.0,0.1766,319.0
2024-06,32806,"orlando, fl",0.439,56,57.0,0.3229,302.0
2024-06,32819,"orlando, fl",0.3194,64,64.0,0.1575,304.0
2024-06,32807,"orlando, fl",0.5345,36,42.0,0.2449,235.0
2024-06,34786,"windermere, fl",0.4949,76,66.0,0.2308,351.0
2024-06,32703,"apopka, fl",0.9083,76,41.0,0.1761,227.0
2024-06,32835,"orlando, fl",0.4321,68,47.0,0.1993,212.0
2024-06,32808,"orlando, fl",0.734,48,53.0,0.2667,206.0
2024-06,32804,"orlando, fl",0.4324,36,48.0,0.3188,346.0
2024-06,32805,"orlando, fl",0.4808,12,55.0,0.3218,232.0
2024-06,32810,"orlando, fl",0.6176,40,49.0,0.2416,240.0
2024-06,34761,"ocoee, fl",0.8046,52,36.0,0.233,230.0
2024-06,32832,"orlando, fl",0.4037,68,45.0,0.2516,269.0
2024-06,32712,"apopka, fl",0.6989,96,50.0,0.1919,218.0
2024-06,32801,"orlando, fl",0.2185,32,65.0,0.3023,333.0
2024-06,32803,"orlando, fl",0.4154,36,32.0,0.2748,345.0
2024-06,32828,"orlando, fl",0.5045,84,36.0,0.2146,237.0
2024-06,32817,"orlando, fl",0.6809,32,38.0,0.2783,267.0
2024-06,34787,"winter garden, fl",0.5119,212,57.0,0.2405,269.0
2024-06,32827,"orlando, fl",0.7328,68,50.0,0.1979,315.0
2024-06,32826,"orlando, fl",0.6389,24,41.0,0.2105,229.0
2024-05,32805,"orlando, fl",0.53,30,55.0,0.2065,236.0
2024-05,34787,"winter garden, fl",0.5966,208,50.0,0.2007,269.0
2024-05,32819,"orlando, fl",0.3835,58,71.0,0.1432,307.0
2024-05,32826,"orlando, fl",0.9322,26,47.0,0.2312,232.0
2024-05,32832,"orlando, fl",0.6815,70,40.0,0.2107,269.0
2024-05,32810,"orlando, fl",0.7008,36,44.0,0.2443,244.0
2024-05,32803,"orlando, fl",0.6078,44,39.0,0.1632,319.0
2024-05,32817,"orlando, fl",0.7381,26,37.0,0.25,265.0
2024-05,32827,"orlando, fl",0.9378,58,46.0,0.1362,312.0
2024-05,32712,"apopka, fl",0.767,92,51.0,0.2218,217.0
2024-05,32804,"orlando, fl",0.7426,46,59.0,0.2671,351.0
2024-05,32806,"orlando, fl",0.4796,52,44.0,0.3334,304.0
2024-05,32808,"orlando, fl",0.649,56,49.0,0.2648,205.0
2024-05,32807,"orlando, fl",0.6726,42,32.0,0.1563,241.0
2024-05,34786,"windermere, fl",0.4501,80,61.0,0.2539,378.0
2024-05,32703,"apopka, fl",0.8631,70,37.0,0.1694,222.0
2024-05,32801,"orlando, fl",0.2658,36,53.0,0.2462,336.0
2024-05,32835,"orlando, fl",0.4263,86,54.0,0.1646,212.0
2024-05,34761,"ocoee, fl",0.8125,56,37.0,0.2224,226.0
2024-05,32828,"orlando, fl",0.7174,70,32.0,0.1737,234.0
2024-04,34787,"winter garden, fl",0.6482,248,51.0,0.1876,269.0
2024-04,32703,"apopka, fl",0.8634,88,48.0,0.1868,221.0
2024-04,32803,"orlando, fl",0.814,32,38.0,0.214,329.0
2024-04,32827,"orlando, fl",1.1362,58,47.0,0.1144,310.0
2024-04,32712,"apopka, fl",0.7191,104,42.0,0.1963,218.0
2024-04,32804,"orlando, fl",0.7259,40,50.0,0.1647,355.0
2024-04,32819,"orlando, fl",0.4516,48,63.0,0.2089,306.0
2024-04,32828,"orlando, fl",0.7189,70,36.0,0.1677,237.0
2024-04,34786,"windermere, fl",0.3854,72,57.0,0.2541,365.0
2024-04,32801,"orlando, fl",0.237,42,59.0,0.2104,319.0
2024-04,32835,"orlando, fl",0.4466,58,57.0,0.2113,214.0
2024-04,32810,"orlando, fl",0.7795,34,39.0,0.2255,242.0
2024-04,32817,"orlando, fl",0.8442,28,38.0,0.1633,259.0
2024-04,32826,"orlando, fl",0.6563,20,38.0,0.1868,233.0
2024-04,34761,"ocoee, fl",0.9026,60,44.0,0.1353,226.0
2024-04,32832,"orlando, fl",0.749,74,38.0,0.205,272.0
2024-04,32807,"orlando, fl",1.1098,46,32.0,0.1114,248.0
2024-04,32805,"orlando, fl",0.5313,20,54.0,0.21,239.0
2024-04,32808,"orlando, fl",0.6765,44,45.0,0.2552,203.0
2024-04,32806,"orlando, fl",0.5873,56,47.0,0.282,296.0
2024-03,32803,"orlando, fl",0.9231,24,41.0,0.2083,343.0
2024-03,32806,"orlando, fl",0.5213,48,45.0,0.2887,296.0
2024-03,34761,"ocoee, fl",0.9865,40,50.0,0.1768,226.0
2024-03,32808,"orlando, fl",0.7347,56,42.0,0.1739,198.0
2024-03,32807,"orlando, fl",1.0556,40,41.0,0.1404,247.0
2024-03,32817,"orlando, fl",0.8108,28,34.0,0.2105,258.0
2024-03,34787,"winter garden, fl",0.7337,200,53.0,0.1795,272.0
2024-03,32828,"orlando, fl",0.8684,56,40.0,0.2222,239.0
2024-03,32826,"orlando, fl",0.75,16,37.0,0.2222,232.0
2024-03,32801,"orlando, fl",0.2556,36,63.0,0.2564,318.0
2024-03,32827,"orlando, fl",1.3725,40,53.0,0.1254,308.0
2024-03,32805,"orlando, fl",0.5111,24,42.0,0.2526,239.0
2024-03,32804,"orlando, fl",0.6087,32,37.0,0.274,341.0
2024-03,32703,"apopka, fl",0.8438,52,49.0,0.1717,233.0
2024-03,32832,"orlando, fl",0.6909,76,50.0,0.1967,272.0
2024-03,34786,"windermere, fl",0.538,72,44.0,0.2275,353.0
2024-03,32835,"orlando, fl",0.3725,72,50.0,0.1635,219.0
2024-03,32810,"orlando, fl",0.6338,56,38.0,0.2469,241.0
2024-03,32712,"apopka, fl",0.7516,116,45.0,0.1663,217.0
2024-03,32819,"orlando, fl",0.5299,60,54.0,0.1296,300.0
2024-02,32805,"orlando, fl",0.7595,18,54.0,0.211,225.0
2024-02,32803,"orlando, fl",0.7765,24,60.0,0.1891,335.0
2024-02,32808,"orlando, fl",0.5989,50,61.0,0.2325,192.0
2024-02,32835,"orlando, fl",0.4332,62,54.0,0.21,215.0
2024-02,34787,"winter garden, fl",0.6818,170,53.0,0.2109,269.0
2024-02,32832,"orlando, fl",0.806,52,74.0,0.2138,273.0
2024-02,32807,"orlando, fl",0.6235,28,39.0,0.1565,256.0
2024-02,32801,"orlando, fl",0.2819,24,72.0,0.2611,318.0
2024-02,34761,"ocoee, fl",0.9264,48,45.0,0.2442,226.0
2024-02,32703,"apopka, fl",0.7387,48,45.0,0.175,226.0
2024-02,32827,"orlando, fl",1.1356,50,65.0,0.1034,304.0
2024-02,32828,"orlando, fl",0.6279,76,41.0,0.1702,236.0
2024-02,32804,"orlando, fl",0.5,46,46.0,0.1925,336.0
2024-02,32712,"apopka, fl",0.8745,70,55.0,0.1789,211.0
2024-02,32817,"orlando, fl",0.7857,36,35.0,0.1594,254.0
2024-02,32810,"orlando, fl",0.5725,30,44.0,0.2425,242.0
2024-02,32806,"orlando, fl",0.5083,54,54.0,0.25,294.0
2024-02,34786,"windermere, fl",0.441,106,39.0,0.1554,350.0
2024-02,32819,"orlando, fl",0.4007,66,66.0,0.1738,298.0
2024-02,32826,"orlando, fl",0.7903,16,43.0,0.1765,238.0
2024-01,32803,"orlando, fl",0.6222,32,55.0,0.2207,333.0
2024-01,32712,"apopka, fl",0.5439,66,60.0,0.1773,212.0
2024-01,34761,"ocoee, fl",0.6425,46,61.0,0.2022,228.0
2024-01,32703,"apopka, fl",0.6127,58,51.0,0.226,225.0
2024-01,32832,"orlando, fl",0.5622,32,66.0,0.177,265.0
2024-01,32804,"orlando, fl",0.4608,22,66.0,0.1988,338.0
2024-01,34787,"winter garden, fl",0.533,178,58.0,0.1515,270.0
2024-01,32801,"orlando, fl",0.2697,30,64.0,0.2385,320.0
2024-01,32810,"orlando, fl",0.5763,26,59.0,0.3626,238.0
2024-01,32805,"orlando, fl",0.4674,18,76.0,0.2839,224.0
2024-01,32819,"orlando, fl",0.3086,58,61.0,0.1333,299.0
2024-01,34786,"windermere, fl",0.3284,76,61.0,0.164,331.0
2024-01,32807,"orlando, fl",0.6364,18,62.0,0.2207,252.0
2024-01,32808,"orlando, fl",0.5525,42,64.0,0.2739,194.0
2024-01,32827,"orlando, fl",1.1239,46,73.0,0.1311,303.0
2024-01,32806,"orlando, fl",0.3626,40,69.0,0.2775,290.0
2024-01,32817,"orlando, fl",0.7344,20,58.0,0.1456,245.0
2024-01,32835,"orlando, fl",0.3657,60,56.0,0.1539,217.0
2024-01,32826,"orlando, fl",0.45,20,42.0,0.2561,231.0
2024-01,32828,"orlando, fl",0.5724,46,53.0,0.2125,238.0
2023-12,32801,"orlando, fl",0.25,28,65.0,0.1739,333.0
2023-12,32817,"orlando, fl",0.575,12,45.0,0.1231,251.0
2023-12,32819,"orlando, fl",0.2868,48,57.0,0.1182,307.0
2023-12,32806,"orlando, fl",0.3696,24,65.0,0.2045,282.0
2023-12,32805,"orlando, fl",0.3958,20,59.0,0.1364,226.0
2023-12,32832,"orlando, fl",0.4957,32,60.0,0.1353,265.0
2023-12,34787,"winter garden, fl",0.5052,132,57.0,0.1139,269.0
2023-12,32807,"orlando, fl",0.5116,20,62.0,0.3038,255.0
2023-12,32810,"orlando, fl",0.4833,16,47.0,0.2276,239.0
2023-12,34761,"ocoee, fl",0.5714,32,52.0,0.137,231.0
2023-12,32827,"orlando, fl",1.3303,32,79.0,0.0779,300.0
2023-12,32828,"orlando, fl",0.4568,36,50.0,0.1418,231.0
2023-12,32835,"orlando, fl",0.3798,56,59.0,0.1538,215.0
2023-12,32808,"orlando, fl",0.679,40,53.0,0.1136,188.0
2023-12,34786,"windermere, fl",0.3566,40,61.0,0.1739,319.0
2023-12,32803,"orlando, fl",0.5778,16,56.0,0.1039,336.0
2023-12,32826,"orlando, fl",0.4828,16,30.0,0.1569,229.0
2023-12,32712,"apopka, fl",0.7099,52,52.0,0.1667,214.0
2023-12,32703,"apopka, fl",0.7128,32,51.0,0.181,226.0
2023-12,32804,"orlando, fl",0.2586,8,67.0,0.1026,344.0
2023-11,34786,"windermere, fl",0.4328,56,53.0,0.1886,331.0
2023-11,32805,"orlando, fl",0.5056,22,44.0,0.1676,222.0
2023-11,32807,"orlando, fl",0.4578,20,39.0,0.2058,257.0
2023-11,32810,"orlando, fl",0.5641,32,39.0,0.3159,238.0
2023-11,32804,"orlando, fl",0.3969,18,49.0,0.2115,345.0
2023-11,32803,"orlando, fl",0.4811,28,52.0,0.19,343.0
2023-11,32828,"orlando, fl",0.5425,36,36.0,0.1988,232.0
2023-11,32819,"orlando, fl",0.2709,54,52.0,0.1426,311.0
2023-11,32817,"orlando, fl",0.6753,20,40.0,0.1268,249.0
2023-11,32832,"orlando, fl",0.5625,40,53.0,0.2534,263.0
2023-11,32801,"orlando, fl",0.2822,26,54.0,0.208,345.0
2023-11,34761,"ocoee, fl",0.602,42,36.0,0.263,225.0
2023-11,32808,"orlando, fl",0.8782,42,44.0,0.1758,190.0
2023-11,32703,"apopka, fl",0.6355,50,40.0,0.2329,225.0
2023-11,32827,"orlando, fl",1.3348,30,73.0,0.0956,304.0
2023-11,32712,"apopka, fl",0.6065,58,50.0,0.1997,214.0
2023-11,32835,"orlando, fl",0.3787,52,52.0,0.1843,217.0
2023-11,32826,"orlando, fl",0.5,12,46.0,0.1281,217.0
2023-11,34787,"winter garden, fl",0.5915,148,56.0,0.1766,268.0
2023-11,32806,"orlando, fl",0.3617,38,49.0,0.324,288.0
2023-10,34787,"winter garden, fl",0.6778,150,65.0,0.2202,267.0
2023-10,32810,"orlando, fl",0.5758,38,36.0,0.2715,241.0
2023-10,32828,"orlando, fl",0.8593,54,42.0,0.1955,231.0
2023-10,32712,"apopka, fl",0.6268,62,47.0,0.2635,216.0
2023-10,32835,"orlando, fl",0.5,56,42.0,0.2148,220.0
2023-10,32803,"orlando, fl",0.5824,18,46.0,0.196,335.0
2023-10,32817,"orlando, fl",0.5526,28,41.0,0.173,246.0
2023-10,32805,"orlando, fl",0.6588,32,45.0,0.1563,232.0
2023-10,32804,"orlando, fl",0.4462,38,38.0,0.3024,339.0
2023-10,32807,"orlando, fl",0.6,28,30.0,0.1483,251.0
2023-10,34761,"ocoee, fl",0.6344,68,33.0,0.2144,227.0
2023-10,32703,"apopka, fl",1.1083,62,41.0,0.1623,229.0
2023-10,32801,"orlando, fl",0.2883,32,42.0,0.2351,340.0
2023-10,32819,"orlando, fl",0.3644,52,44.0,0.2881,316.0
2023-10,32826,"orlando, fl",0.3889,16,42.0,0.3644,226.0
2023-10,32832,"orlando, fl",0.6912,48,44.0,0.2173,265.0
2023-10,34786,"windermere, fl",0.5192,60,50.0,0.1804,334.0
2023-10,32806,"orlando, fl",0.4111,46,38.0,0.2835,291.0
2023-10,32827,"orlando, fl",1.2964,26,74.0,0.1399,305.0
2023-10,32808,"orlando, fl",0.9145,58,42.0,0.1351,194.0
2023-09,32806,"orlando, fl",0.5181,52,35.0,0.2476,291.0
2023-09,32835,"orlando, fl",0.7292,60,38.0,0.1416,216.0
2023-09,32803,"orlando, fl",0.5952,40,39.0,0.2478,344.0
2023-09,32832,"orlando, fl",0.8161,48,43.0,0.1765,266.0
2023-09,32807,"orlando, fl",1.2692,16,34.0,0.0702,246.0
2023-09,32819,"orlando, fl",0.5263,64,46.0,0.125,309.0
2023-09,32828,"orlando, fl",0.7067,36,38.0,0.2614,224.0
2023-09,32801,"orlando, fl",0.274,36,61.0,0.1653,330.0
2023-09,32703,"apopka, fl",1.3562,48,46.0,0.1414,230.0
2023-09,32826,"orlando, fl",0.8571,12,30.0,0.1455,233.0
2023-09,32810,"orlando, fl",0.8611,24,44.0,0.2151,235.0
2023-09,34761,"ocoee, fl",0.8088,48,33.0,0.2286,228.0
2023-09,32827,"orlando, fl",1.4574,36,74.0,0.124,308.0
2023-09,32805,"orlando, fl",0.8857,20,43.0,0.15,214.0
2023-09,32817,"orlando, fl",1.2222,16,37.0,0.2162,240.0
2023-09,32712,"apopka, fl",0.7522,68,44.0,0.1972,216.0
2023-09,34786,"windermere, fl",0.5615,56,53.0,0.2317,322.0
2023-09,34787,"winter garden, fl",0.7699,148,57.0,0.1977,271.0
2023-09,32808,"orlando, fl",1.1739,52,33.0,0.1182,196.0
2023-09,32804,"orlando, fl",0.6071,36,42.0,0.1887,336.0
2023-08,32826,"orlando, fl",1.2286,20,21.0,0.1726,243.0
2023-08,32801,"orlando, fl",0.4769,22,56.0,0.2093,326.0
2023-08,34761,"ocoee, fl",0.9318,56,38.0,0.2112,232.0
2023-08,32835,"orlando, fl",0.7956,88,34.0,0.1643,221.0
2023-08,32827,"orlando, fl",1.5654,42,64.0,0.1295,308.0
2023-08,32808,"orlando, fl",1.5505,56,33.0,0.1049,205.0
2023-08,34787,"winter garden, fl",0.7287,188,50.0,0.2345,272.0
2023-08,32712,"apopka, fl",0.9745,68,41.0,0.1868,217.0
2023-08,32805,"orlando, fl",0.76,26,37.0,0.2142,218.0
2023-08,34786,"windermere, fl",0.5393,74,45.0,0.203,317.0
2023-08,32803,"orlando, fl",0.8308,26,40.0,0.2121,357.0
2023-08,32828,"orlando, fl",0.8647,64,36.0,0.1894,226.0
2023-08,32804,"orlando, fl",0.7156,26,42.0,0.2477,333.0
2023-08,32810,"orlando, fl",1.0375,32,36.0,0.1456,244.0
2023-08,32819,"orlando, fl",0.7852,50,43.0,0.1494,322.0
2023-08,32817,"orlando, fl",0.95,26,32.0,0.2039,234.0
2023-08,32832,"orlando, fl",1.0719,46,44.0,0.0999,266.0
2023-08,32807,"orlando, fl",1.7917,22,48.0,0.0658,243.0
2023-08,32703,"apopka, fl",1.2375,52,45.0,0.1869,229.0
2023-08,32806,"orlando, fl",0.6458,48,37.0,0.1854,295.0
2023-07,32810,"orlando, fl",1.0,28,41.0,0.1277,235.0
2023-07,32826,"orlando, fl",0.875,24,32.0,0.087,238.0
2023-07,32712,"apopka, fl",1.2209,72,44.0,0.1857,220.0
2023-07,32803,"orlando, fl",0.9722,20,36.0,0.1519,330.0
2023-07,32807,"orlando, fl",1.4615,20,45.0,0.1067,243.0
2023-07,32806,"orlando, fl",0.8769,52,38.0,0.2514,297.0
2023-07,32808,"orlando, fl",1.4464,60,45.0,0.1326,200.0
2023-07,32827,"orlando, fl",1.4797,60,60.0,0.1315,308.0
2023-07,34786,"windermere, fl",0.5522,68,45.0,0.1983,339.0
2023-07,32819,"orlando, fl",0.6866,64,38.0,0.1714,322.0
2023-07,32805,"orlando, fl",1.0571,24,34.0,0.1237,217.0
2023-07,32832,"orlando, fl",1.0385,60,39.0,0.1788,265.0
2023-07,34761,"ocoee, fl",1.0476,44,38.0,0.1722,227.0
2023-07,32801,"orlando, fl",0.4058,28,53.0,0.2406,336.0
2023-07,32804,"orlando, fl",0.7193,40,40.0,0.2993,340.0
2023-07,34787,"winter garden, fl",0.85,176,46.0,0.1794,275.0
2023-07,32828,"orlando, fl",1.1905,56,33.0,0.1466,229.0
2023-07,32835,"orlando, fl",0.8554,48,45.0,0.1748,220.0
2023-07,32703,"apopka, fl",1.2029,56,42.0,0.1878,225.0
2023-07,32817,"orlando, fl",1.1923,28,39.0,0.1364,236.0
2023-06,32808,"orlando, fl",1.4486,46,33.0,0.1131,189.0
2023-06,32835,"orlando, fl",0.8935,70,38.0,0.151,221.0
2023-06,32807,"orlando, fl",1.6964,24,33.0,0.0956,241.0
2023-06,32827,"orlando, fl",1.4669,46,62.0,0.1558,308.0
2023-06,32826,"orlando, fl",1.5417,14,31.0,0.181,239.0
2023-06,32801,"orlando, fl",0.4417,36,50.0,0.2123,339.0
2023-06,32832,"orlando, fl",1.14,50,51.0,0.1893,262.0
2023-06,32712,"apopka, fl",1.0747,74,34.0,0.1476,212.0
2023-06,34761,"ocoee, fl",1.042,62,35.0,0.1046,233.0
2023-06,32805,"orlando, fl",0.9697,28,46.0,0.1314,211.0
2023-06,32806,"orlando, fl",0.8983,42,38.0,0.2333,287.0
2023-06,32804,"orlando, fl",0.8235,30,43.0,0.1317,346.0
2023-06,32828,"orlando, fl",1.9184,76,31.0,0.0781,231.0
2023-06,32803,"orlando, fl",0.9722,32,44.0,0.1183,334.0
2023-06,34786,"windermere, fl",0.629,80,42.0,0.1898,351.0
2023-06,32817,"orlando, fl",1.878,26,51.0,0.0952,239.0
2023-06,34787,"winter garden, fl",0.9517,196,44.0,0.1771,274.0
2023-06,32819,"orlando, fl",0.7851,48,36.0,0.1145,316.0
2023-06,32810,"orlando, fl",1.2838,40,33.0,0.1406,234.0
2023-06,32703,"apopka, fl",1.406,54,38.0,0.093,220.0
2023-05,32703,"apopka, fl",1.378,70,46.0,0.144,214.0
2023-05,34786,"windermere, fl",0.8784,80,47.0,0.1255,347.0
2023-05,32804,"orlando, fl",1.0753,26,49.0,0.1933,332.0
2023-05,34761,"ocoee, fl",1.0891,58,29.0,0.1389,229.0
2023-05,32835,"orlando, fl",0.9623,66,34.0,0.1379,213.0
2023-05,32801,"orlando, fl",0.604,34,41.0,0.1786,328.0
2023-05,32808,"orlando, fl",1.3143,54,33.0,0.0783,194.0
2023-05,32806,"orlando, fl",0.9725,40,39.0,0.2054,291.0
2023-05,32803,"orlando, fl",1.2121,26,51.0,0.1095,330.0
2023-05,32807,"orlando, fl",1.4407,42,32.0,0.0876,235.0
2023-05,32828,"orlando, fl",1.7333,60,31.0,0.1541,231.0
2023-05,32817,"orlando, fl",1.925,24,36.0,0.0836,245.0
2023-05,34787,"winter garden, fl",1.2689,170,50.0,0.118,274.0
2023-05,32810,"orlando, fl",1.1084,38,45.0,0.1484,219.0
2023-05,32712,"apopka, fl",1.0989,66,41.0,0.2157,211.0
2023-05,32819,"orlando, fl",1.1038,44,40.0,0.0933,309.0
2023-05,32826,"orlando, fl",2.4444,10,27.0,0.0444,241.0
2023-05,32827,"orlando, fl",1.371,60,57.0,0.1111,302.0
2023-05,32805,"orlando, fl",1.0781,24,39.0,0.1147,217.0
2023-05,32832,"orlando, fl",1.4027,48,35.0,0.0928,267.0
2023-04,32832,"orlando, fl",1.4394,72,36.0,0.1553,258.0
2023-04,32835,"orlando, fl",0.9722,64,58.0,0.0825,209.0
2023-04,32801,"orlando, fl",0.561,32,41.0,0.1527,354.0
2023-04,32817,"orlando, fl",1.24,24,33.0,0.0952,246.0
2023-04,32810,"orlando, fl",0.9565,36,47.0,0.1062,225.0
2023-04,32826,"orlando, fl",1.5833,16,47.0,0.0976,226.0
2023-04,34761,"ocoee, fl",1.3256,52,34.0,0.16,227.0
2023-04,32819,"orlando, fl",1.0727,44,64.0,0.2014,302.0
2023-04,32807,"orlando, fl",1.7407,28,45.0,0.0727,241.0
2023-04,32828,"orlando, fl",1.3276,48,36.0,0.1326,227.0
2023-04,32803,"orlando, fl",1.375,24,40.0,0.0417,320.0
2023-04,32806,"orlando, fl",0.807,44,44.0,0.2148,291.0
2023-04,34787,"winter garden, fl",1.2612,140,54.0,0.1101,272.0
2023-04,32805,"orlando, fl",0.7179,28,35.0,0.086,212.0
2023-04,32808,"orlando, fl",1.62,48,61.0,0.087,202.0
2023-04,32827,"orlando, fl",1.2063,52,66.0,0.068,305.0
2023-04,32804,"orlando, fl",1.2083,24,50.0,0.1299,323.0
2023-04,32712,"apopka, fl",1.2619,68,47.0,0.1555,212.0
2023-04,34786,"windermere, fl",0.8596,64,50.0,0.125,355.0
2023-04,32703,"apopka, fl",1.3385,56,39.0,0.1517,218.0
2023-03,32808,"orlando, fl",1.5042,42,56.0,0.1626,206.0
2023-03,34787,"winter garden, fl",1.2202,168,52.0,0.1107,262.0
2023-03,32828,"orlando, fl",1.4685,66,35.0,0.1152,223.0
2023-03,32817,"orlando, fl",1.2766,14,54.0,0.0611,256.0
2023-03,32826,"orlando, fl",1.4516,8,43.0,0.0952,223.0
2023-03,32835,"orlando, fl",0.8405,58,45.0,0.1321,209.0
2023-03,32703,"apopka, fl",1.1481,52,49.0,0.1091,215.0
2023-03,32810,"orlando, fl",0.73,26,50.0,0.1503,230.0
2023-03,32712,"apopka, fl",1.1932,66,56.0,0.1891,208.0
2023-03,32819,"orlando, fl",0.8,50,68.0,0.1132,287.0
2023-03,34761,"ocoee, fl",1.425,48,36.0,0.0781,223.0
2023-03,32806,"orlando, fl",0.9423,36,40.0,0.2061,290.0
2023-03,32804,"orlando, fl",1.13,28,58.0,0.1135,319.0
2023-03,32827,"orlando, fl",1.304,44,69.0,0.1165,306.0
2023-03,32805,"orlando, fl",0.8033,26,40.0,0.1078,203.0
2023-03,32832,"orlando, fl",1.3404,56,39.0,0.1219,249.0
2023-03,34786,"windermere, fl",0.7137,76,60.0,0.1497,342.0
2023-03,32807,"orlando, fl",1.2656,30,41.0,0.112,241.0
2023-03,32803,"orlando, fl",1.0395,32,59.0,0.1374,312.0
2023-03,32801,"orlando, fl",0.7222,20,43.0,0.2302,358.0
2023-02,32712,"apopka, fl",1.1538,56,55.0,0.1649,203.0
2023-02,32805,"orlando, fl",0.6724,16,47.0,0.1425,193.0
2023-02,32806,"orlando, fl",0.9397,44,47.0,0.1686,285.0
2023-02,34787,"winter garden, fl",0.971,174,63.0,0.111,258.0
2023-02,32810,"orlando, fl",0.6729,36,45.0,0.1702,222.0
2023-02,32808,"orlando, fl",1.1214,52,53.0,0.16,205.0
2023-02,32807,"orlando, fl",1.0779,20,45.0,0.142,239.0
2023-02,32703,"apopka, fl",1.1418,52,54.0,0.1014,212.0
2023-02,32817,"orlando, fl",1.129,24,49.0,0.0976,255.0
2023-02,32828,"orlando, fl",0.9774,40,44.0,0.1665,223.0
2023-02,34786,"windermere, fl",0.6372,62,89.0,0.1306,339.0
2023-02,32819,"orlando, fl",0.6474,28,68.0,0.0998,297.0
2023-02,32832,"orlando, fl",1.2606,50,43.0,0.1423,253.0
2023-02,34761,"ocoee, fl",1.163,32,41.0,0.1327,220.0
2023-02,32803,"orlando, fl",0.967,30,62.0,0.1839,314.0
2023-02,32835,"orlando, fl",0.8589,54,56.0,0.1563,211.0
2023-02,32804,"orlando, fl",0.8938,26,80.0,0.1828,295.0
2023-02,32827,"orlando, fl",1.2056,80,73.0,0.099,303.0
2023-02,32826,"orlando, fl",1.0,18,51.0,0.1968,226.0
2023-02,32801,"orlando, fl",0.5647,28,50.0,0.1059,330.0
2023-01,32806,"orlando, fl",0.6504,40,64.0,0.192,290.0
2023-01,32835,"orlando, fl",0.5574,56,66.0,0.1506,211.0
2023-01,32703,"apopka, fl",0.5899,50,67.0,0.246,216.0
2023-01,32826,"orlando, fl",0.7018,14,79.0,0.2876,215.0
2023-01,32801,"orlando, fl",0.4302,20,61.0,0.1068,335.0
2023-01,32828,"orlando, fl",0.5871,42,52.0,0.178,224.0
2023-01,32803,"orlando, fl",0.5688,20,70.0,0.2152,323.0
2023-01,32712,"apopka, fl",0.6154,62,73.0,0.233,200.0
2023-01,34761,"ocoee, fl",0.9495,48,66.0,0.1733,221.0
2023-01,32804,"orlando, fl",0.609,38,98.0,0.2404,298.0
2023-01,32808,"orlando, fl",0.6316,62,53.0,0.2393,203.0
2023-01,32817,"orlando, fl",0.6184,22,81.0,0.2158,254.0
2023-01,32805,"orlando, fl",0.5714,16,85.0,0.1332,194.0
2023-01,32827,"orlando, fl",0.9721,42,93.0,0.1852,291.0
2023-01,34786,"windermere, fl",0.418,50,91.0,0.1819,341.0
2023-01,32810,"orlando, fl",0.6538,32,49.0,0.1566,219.0
2023-01,34787,"winter garden, fl",0.7012,116,72.0,0.1715,258.0
2023-01,32819,"orlando, fl",0.4718,44,72.0,0.1281,288.0
2023-01,32807,"orlando, fl",0.9481,30,55.0,0.1933,243.0
2023-01,32832,"orlando, fl",0.8272,42,53.0,0.2665,251.0
2022-12,32832,"orlando, fl",0.7625,36,51.0,0.1364,256.0
2022-12,32808,"orlando, fl",0.6729,48,56.0,0.1566,201.0
2022-12,32806,"orlando, fl",0.5821,36,64.0,0.274,291.0
2022-12,32826,"orlando, fl",0.3056,12,61.0,0.1633,233.0
2022-12,32810,"orlando, fl",0.7021,20,46.0,0.202,222.0
2022-12,32801,"orlando, fl",0.4468,24,65.0,0.1111,313.0
2022-12,32828,"orlando, fl",0.5059,28,54.0,0.16,220.0
2022-12,32807,"orlando, fl",0.8636,16,54.0,0.2247,240.0
2022-12,34787,"winter garden, fl",0.6273,116,68.0,0.1313,258.0
2022-12,32803,"orlando, fl",0.5714,32,59.0,0.1,320.0
2022-12,32805,"orlando, fl",0.6333,8,91.0,0.1791,202.0
2022-12,32835,"orlando, fl",0.3796,36,65.0,0.1111,208.0
2022-12,32817,"orlando, fl",0.5778,8,66.0,0.1519,251.0
2022-12,34761,"ocoee, fl",0.5538,16,62.0,0.2302,219.0
2022-12,32703,"apopka, fl",0.7021,32,70.0,0.181,221.0
2022-12,32827,"orlando, fl",0.7311,32,92.0,0.1081,288.0
2022-12,32819,"orlando, fl",0.4118,36,67.0,0.1183,291.0
2022-12,34786,"windermere, fl",0.4,40,81.0,0.1481,315.0
2022-12,32804,"orlando, fl",0.4853,24,105.0,0.2014,304.0
2022-12,32712,"apopka, fl",0.6186,32,74.0,0.2467,206.0
2022-11,32807,"orlando, fl",0.4286,26,51.0,0.2762,246.0
2022-11,32803,"orlando, fl",0.5354,32,71.0,0.1843,311.0
2022-11,34786,"windermere, fl",0.4691,58,66.0,0.1752,307.0
2022-11,32804,"orlando, fl",0.4303,22,93.0,0.1772,311.0
2022-11,32703,"apopka, fl",0.6071,44,50.0,0.329,220.0
2022-11,32817,"orlando, fl",0.4433,26,49.0,0.1978,243.0
2022-11,32806,"orlando, fl",0.513,30,69.0,0.2725,293.0
2022-11,32805,"orlando, fl",0.8413,6,72.0,0.099,203.0
2022-11,32828,"orlando, fl",0.6554,44,53.0,0.215,221.0
2022-11,32826,"orlando, fl",0.4054,14,46.0,0.4251,223.0
2022-11,34761,"ocoee, fl",0.5762,32,66.0,0.2014,220.0
2022-11,32712,"apopka, fl",0.5103,58,66.0,0.2878,203.0
2022-11,32819,"orlando, fl",0.4408,52,65.0,0.1728,291.0
2022-11,32810,"orlando, fl",0.6207,36,47.0,0.1961,222.0
2022-11,32827,"orlando, fl",0.4884,30,103.0,0.1071,284.0
2022-11,32801,"orlando, fl",0.5625,18,75.0,0.1712,329.0
2022-11,32832,"orlando, fl",0.8187,42,56.0,0.1813,249.0
2022-11,32808,"orlando, fl",0.7489,50,45.0,0.1979,202.0
2022-11,32835,"orlando, fl",0.5347,44,62.0,0.1804,207.0
2022-11,34787,"winter garden, fl",0.7209,106,64.0,0.1644,257.0
2022-10,34786,"windermere, fl",0.5533,68,63.0,0.1678,319.0
2022-10,32805,"orlando, fl",0.6341,16,57.0,0.25,206.0
2022-10,32826,"orlando, fl",0.5862,20,42.0,0.3043,224.0
2022-10,32810,"orlando, fl",0.7679,40,48.0,0.1504,221.0
2022-10,34761,"ocoee, fl",0.8143,36,63.0,0.1749,219.0
2022-10,32827,"orlando, fl",0.4431,36,93.0,0.1471,278.0
2022-10,32801,"orlando, fl",0.4237,20,57.0,0.1961,343.0
2022-10,32828,"orlando, fl",0.8462,52,45.0,0.214,218.0
2022-10,34787,"winter garden, fl",0.7109,136,57.0,0.2264,259.0
2022-10,32712,"apopka, fl",0.6615,44,60.0,0.204,205.0
2022-10,32832,"orlando, fl",0.7326,48,50.0,0.173,251.0
2022-10,32703,"apopka, fl",0.6,76,43.0,0.1571,219.0
2022-10,32817,"orlando, fl",0.6098,16,42.0,0.2051,254.0
2022-10,32808,"orlando, fl",0.95,60,51.0,0.1753,200.0
2022-10,32819,"orlando, fl",0.3364,32,63.0,0.1839,287.0
2022-10,32807,"orlando, fl",0.8864,20,44.0,0.1584,239.0
2022-10,32806,"orlando, fl",0.5513,40,65.0,0.3171,293.0
2022-10,32804,"orlando, fl",0.4138,24,78.0,0.1958,326.0
2022-10,32835,"orlando, fl",0.5581,52,52.0,0.2055,208.0
2022-10,32803,"orlando, fl",0.5238,24,58.0,0.3582,315.0
2022-09,32805,"orlando, fl",0.8378,30,44.0,0.1435,209.0
2022-09,32826,"orlando, fl",0.8644,20,41.0,0.2956,225.0
2022-09,32819,"orlando, fl",0.3695,52,44.0,0.2303,281.0
2022-09,34787,"winter garden, fl",0.8941,202,47.0,0.221,263.0
2022-09,32712,"apopka, fl",0.7456,64,53.0,0.3362,207.0
2022-09,32817,"orlando, fl",1.1549,38,34.0,0.246,254.0
2022-09,32806,"orlando, fl",0.5902,44,50.0,0.2723,297.0
2022-09,34786,"windermere, fl",0.6688,72,59.0,0.208,313.0
2022-09,32810,"orlando, fl",1.0367,46,35.0,0.2196,227.0
2022-09,32835,"orlando, fl",0.5296,96,44.0,0.195,208.0
2022-09,32803,"orlando, fl",0.6929,46,48.0,0.2109,321.0
2022-09,34761,"ocoee, fl",0.9241,48,48.0,0.2499,216.0
2022-09,32827,"orlando, fl",0.4367,52,66.0,0.1177,278.0
2022-09,32801,"orlando, fl",0.4685,28,48.0,0.2473,357.0
2022-09,32804,"orlando, fl",0.452,50,62.0,0.2638,322.0
2022-09,32703,"apopka, fl",0.693,88,37.0,0.2646,215.0
2022-09,32808,"orlando, fl",0.9688,54,35.0,0.1389,198.0
2022-09,32832,"orlando, fl",0.6042,48,42.0,0.2516,252.0
2022-09,32807,"orlando, fl",1.1848,34,43.0,0.1542,237.0
2022-09,32828,"orlando, fl",0.831,80,38.0,0.2216,223.0
2022-08,32828,"orlando, fl",0.6966,72,36.0,0.2679,223.0
2022-08,32832,"orlando, fl",0.6154,56,36.0,0.2292,252.0
2022-08,32703,"apopka, fl",0.6682,86,30.0,0.2783,220.0
2022-08,32801,"orlando, fl",0.5714,34,41.0,0.1377,361.0
2022-08,32805,"orlando, fl",0.7901,32,41.0,0.1862,208.0
2022-08,34761,"ocoee, fl",0.8118,58,38.0,0.3093,218.0
2022-08,32804,"orlando, fl",0.4819,30,53.0,0.3684,322.0
2022-08,32817,"orlando, fl",0.9625,40,35.0,0.2005,257.0
2022-08,32803,"orlando, fl",0.7895,42,35.0,0.3593,325.0
2022-08,32826,"orlando, fl",0.8209,28,35.0,0.2715,229.0
2022-08,32712,"apopka, fl",0.8374,64,44.0,0.3291,207.0
2022-08,34786,"windermere, fl",0.635,76,43.0,0.2038,311.0
2022-08,32819,"orlando, fl",0.4892,60,43.0,0.1888,285.0
2022-08,32827,"orlando, fl",0.4543,50,44.0,0.1926,282.0
2022-08,34787,"winter garden, fl",0.8877,222,41.0,0.2031,263.0
2022-08,32807,"orlando, fl",1.1489,46,38.0,0.1698,251.0
2022-08,32808,"orlando, fl",1.0111,94,31.0,0.1282,201.0
2022-08,32806,"orlando, fl",0.617,50,40.0,0.3065,301.0
2022-08,32835,"orlando, fl",0.6844,74,38.0,0.1786,208.0
2022-08,32810,"orlando, fl",0.8807,50,37.0,0.1164,223.0
2022-07,32826,"orlando, fl",0.871,24,30.0,0.3544,226.0
2022-07,32832,"orlando, fl",0.6707,60,30.0,0.2275,249.0
2022-07,32806,"orlando, fl",0.6279,80,33.0,0.2985,296.0
2022-07,34761,"ocoee, fl",0.734,76,26.0,0.2509,216.0
2022-07,32712,"apopka, fl",0.8832,128,27.0,0.2562,210.0
2022-07,34786,"windermere, fl",0.6488,120,30.0,0.2251,325.0
2022-07,32808,"orlando, fl",1.1408,76,25.0,0.1923,207.0
2022-07,32828,"orlando, fl",1.1146,92,29.0,0.2562,224.0
2022-07,32805,"orlando, fl",0.8158,32,33.0,0.1455,214.0
2022-07,32804,"orlando, fl",0.5309,36,42.0,0.35,337.0
2022-07,32807,"orlando, fl",1.2105,28,29.0,0.1761,254.0
2022-07,32835,"orlando, fl",0.7736,88,26.0,0.2264,214.0
2022-07,32810,"orlando, fl",0.7719,44,30.0,0.1778,226.0
2022-07,32703,"apopka, fl",1.1184,72,30.0,0.2069,223.0
2022-07,34787,"winter garden, fl",0.8929,188,36.0,0.2103,267.0
2022-07,32817,"orlando, fl",0.8485,28,24.0,0.1818,254.0
2022-07,32801,"orlando, fl",0.551,36,33.0,0.1835,372.0
2022-07,32819,"orlando, fl",0.6875,56,36.0,0.2162,286.0
2022-07,32803,"orlando, fl",0.7231,52,33.0,0.2367,327.0
2022-07,32827,"orlando, fl",0.4301,72,30.0,0.1519,282.0
2022-06,32828,"orlando, fl",1.6544,104,23.0,0.1625,231.0
2022-06,32803,"orlando, fl",0.9348,44,28.0,0.1529,329.0
2022-06,32832,"orlando, fl",1.3868,66,19.0,0.1465,257.0
2022-06,34761,"ocoee, fl",1.4808,86,19.0,0.1356,220.0
2022-06,32806,"orlando, fl",1.0583,46,39.0,0.2371,296.0
2022-06,32817,"orlando, fl",1.3333,42,17.0,0.0348,245.0
2022-06,32807,"orlando, fl",1.6721,46,22.0,0.1758,255.0
2022-06,32810,"orlando, fl",1.2817,46,27.0,0.1014,230.0
2022-06,32712,"apopka, fl",2.0069,102,22.0,0.1025,213.0
2022-06,32801,"orlando, fl",0.8571,32,36.0,0.1921,363.0
2022-06,32804,"orlando, fl",0.8288,48,32.0,0.1809,351.0
2022-06,32808,"orlando, fl",1.6452,76,24.0,0.1356,200.0
2022-06,34786,"windermere, fl",0.9955,118,25.0,0.1174,342.0
2022-06,32805,"orlando, fl",0.8125,32,50.0,0.0915,214.0
2022-06,32826,"orlando, fl",1.2826,30,27.0,0.0664,226.0
2022-06,32835,"orlando, fl",1.0058,92,27.0,0.1332,220.0
2022-06,32827,"orlando, fl",0.5214,86,18.0,0.1235,286.0
2022-06,34787,"winter garden, fl",1.146,254,30.0,0.1523,269.0
2022-06,32703,"apopka, fl",1.6417,80,29.0,0.1267,224.0
2022-06,32819,"orlando, fl",0.8243,70,28.0,0.1559,278.0
2022-05,32803,"orlando, fl",1.1316,46,20.0,0.0917,324.0
2022-05,34787,"winter garden, fl",1.6174,224,32.0,0.0995,267.0
2022-05,32806,"orlando, fl",1.598,62,30.0,0.0986,297.0
2022-05,32817,"orlando, fl",3.0476,32,22.0,0.0225,253.0
2022-05,32805,"orlando, fl",1.3913,14,37.0,0.1426,201.0
2022-05,32819,"orlando, fl",0.874,76,28.0,0.0916,282.0
2022-05,32801,"orlando, fl",1.0123,40,37.0,0.159,359.0
2022-05,32835,"orlando, fl",1.8142,88,28.0,0.0328,220.0
2022-05,32827,"orlando, fl",1.6702,56,27.0,0.0667,294.0
2022-05,32832,"orlando, fl",1.8974,80,14.0,0.0855,250.0
2022-05,32808,"orlando, fl",2.2429,60,27.0,0.0459,198.0
2022-05,32810,"orlando, fl",1.6667,42,26.0,0.0694,221.0
2022-05,32804,"orlando, fl",1.1667,36,39.0,0.0968,354.0
2022-05,32712,"apopka, fl",2.4727,108,24.0,0.0793,210.0
2022-05,32828,"orlando, fl",2.8889,116,11.0,0.0457,221.0
2022-05,34761,"ocoee, fl",3.2679,64,23.0,0.0429,216.0
2022-05,32826,"orlando, fl",1.5938,36,19.0,0.0571,226.0
2022-05,32807,"orlando, fl",2.2727,42,30.0,0.1262,244.0
2022-05,34786,"windermere, fl",1.6596,100,29.0,0.0535,348.0
2022-05,32703,"apopka, fl",1.5357,70,31.0,0.1521,217.0
2022-04,32801,"orlando, fl",0.8462,40,36.0,0.1416,361.0
2022-04,32827,"orlando, fl",1.9459,56,16.0,0.0238,286.0
2022-04,32828,"orlando, fl",4.037,100,22.0,0.0351,219.0
2022-04,32808,"orlando, fl",2.9063,56,41.0,0.0437,190.0
2022-04,32832,"orlando, fl",2.7037,68,23.0,0.0659,233.0
2022-04,32804,"orlando, fl",1.2195,44,31.0,0.0984,339.0
2022-04,32712,"apopka, fl",3.5238,72,32.0,0.0567,213.0
2022-04,32805,"orlando, fl",1.44,24,32.0,0.0404,204.0
2022-04,32806,"orlando, fl",2.1081,60,34.0,0.1099,296.0
2022-04,34761,"ocoee, fl",3.5833,60,27.0,0.0553,211.0
2022-04,34786,"windermere, fl",2.2642,76,30.0,0.0482,349.0
2022-04,32817,"orlando, fl",3.0,16,22.0,0.0455,261.0
2022-04,32703,"apopka, fl",1.6042,72,29.0,0.0877,225.0
2022-04,32803,"orlando, fl",2.08,36,39.0,0.0,322.0
2022-04,32819,"orlando, fl",1.7111,52,26.0,0.0229,281.0
2022-04,32835,"orlando, fl",1.7091,92,26.0,0.0714,211.0
2022-04,32810,"orlando, fl",2.7368,32,38.0,0.0684,210.0
2022-04,32826,"orlando, fl",2.4545,28,23.0,0.0,217.0
2022-04,32807,"orlando, fl",2.0526,36,35.0,0.0964,223.0
2022-04,34787,"winter garden, fl",1.8247,208,30.0,0.0576,269.0
2022-03,32801,"orlando, fl",1.7895,30,36.0,0.0547,355.0
2022-03,32712,"apopka, fl",3.8171,64,37.0,0.0545,206.0
2022-03,32835,"orlando, fl",1.7174,74,27.0,0.0253,206.0
2022-03,32806,"orlando, fl",1.7222,66,31.0,0.0622,268.0
2022-03,32817,"orlando, fl",3.4762,24,28.0,0.085,225.0
2022-03,32828,"orlando, fl",4.34,76,25.0,0.0077,213.0
2022-03,32808,"orlando, fl",2.9861,62,38.0,0.0516,192.0
2022-03,32810,"orlando, fl",2.2292,32,39.0,0.0662,221.0
2022-03,32804,"orlando, fl",1.4828,42,27.0,0.0764,344.0
2022-03,34787,"winter garden, fl",2.3376,178,33.0,0.0351,255.0
2022-03,32827,"orlando, fl",2.72,56,18.0,0.0517,281.0
2022-03,34786,"windermere, fl",2.3922,76,35.0,0.0302,355.0
2022-03,32819,"orlando, fl",2.1786,82,25.0,0.0289,277.0
2022-03,32805,"orlando, fl",1.6136,40,50.0,0.0,194.0
2022-03,32832,"orlando, fl",2.7292,58,21.0,0.0577,238.0
2022-03,32826,"orlando, fl",2.3,24,18.0,0.0698,227.0
2022-03,32807,"orlando, fl",2.5556,34,24.0,0.0417,215.0
2022-03,34761,"ocoee, fl",2.9245,60,31.0,0.0584,205.0
2022-03,32803,"orlando, fl",1.7895,44,29.0,0.0955,309.0
2022-03,32703,"apopka, fl",1.7619,54,38.0,0.0711,215.0
2022-02,32801,"orlando, fl",1.2877,44,40.0,0.0706,359.0
2022-02,32828,"orlando, fl",3.7358,74,22.0,0.0,201.0
2022-02,32819,"orlando, fl",1.734,76,29.0,0.035,267.0
2022-02,34761,"ocoee, fl",3.7111,46,35.0,0.0274,196.0
2022-02,32827,"orlando, fl",2.75,32,33.0,0.0,310.0
2022-02,32826,"orlando, fl",1.875,14,27.0,0.0377,234.0
2022-02,32805,"orlando, fl",1.7059,14,48.0,0.0747,194.0
2022-02,32712,"apopka, fl",2.5833,90,30.0,0.0504,199.0
2022-02,34787,"winter garden, fl",2.0756,168,32.0,0.0341,249.0
2022-02,32803,"orlando, fl",2.102,44,44.0,0.0301,311.0
2022-02,34786,"windermere, fl",2.4343,82,31.0,0.0222,311.0
2022-02,32808,"orlando, fl",2.1975,70,29.0,0.0293,187.0
2022-02,32703,"apopka, fl",1.5116,60,29.0,0.0437,203.0
2022-02,32835,"orlando, fl",2.2632,80,36.0,0.0213,193.0
2022-02,32832,"orlando, fl",4.375,40,29.0,0.0329,234.0
2022-02,32804,"orlando, fl",1.8364,32,38.0,0.0187,321.0
2022-02,32817,"orlando, fl",2.8929,36,23.0,0.0621,224.0
2022-02,32807,"orlando, fl",1.8667,38,34.0,0.1153,213.0
2022-02,32806,"orlando, fl",2.3103,44,30.0,0.0775,258.0
2022-02,32810,"orlando, fl",2.34,38,30.0,0.0328,206.0
2022-01,32819,"orlando, fl",1.4468,44,52.0,0.0759,249.0
2022-01,32810,"orlando, fl",1.8214,32,45.0,0.1081,181.0
2022-01,32703,"apopka, fl",1.4872,36,41.0,0.1053,198.0
2022-01,32806,"orlando, fl",1.6757,52,39.0,0.0714,257.0
2022-01,32801,"orlando, fl",1.1795,24,67.0,0.0584,359.0
2022-01,32808,"orlando, fl",2.8485,40,40.0,0.0244,178.0
2022-01,32827,"orlando, fl",2.9048,24,40.0,0.0374,286.0
2022-01,32832,"orlando, fl",3.0,44,47.0,0.0537,242.0
2022-01,34786,"windermere, fl",2.0,44,49.0,0.043,309.0
2022-01,32807,"orlando, fl",2.1053,28,46.0,0.036,213.0
2022-01,32805,"orlando, fl",1.3871,28,38.0,0.1333,194.0
2022-01,32826,"orlando, fl",1.5556,16,30.0,0.125,225.0
2022-01,32828,"orlando, fl",2.4286,52,35.0,0.0256,206.0
2022-01,32835,"orlando, fl",2.0909,52,31.0,0.0538,178.0
2022-01,32817,"orlando, fl",2.3077,20,29.0,0.0,218.0
2022-01,32712,"apopka, fl",2.4583,80,25.0,0.048,189.0
2022-01,34787,"winter garden, fl",2.1351,152,55.0,0.0327,244.0
2022-01,32804,"orlando, fl",1.2162,32,57.0,0.086,302.0
2022-01,34761,"ocoee, fl",2.2333,56,41.0,0.0615,196.0
2022-01,32803,"orlando, fl",1.3235,28,55.0,0.1441,305.0
2021-12,32712,"apopka, fl",2.1262,58,51.0,0.067,187.0
2021-12,32819,"orlando, fl",1.5,40,55.0,0.0395,245.0
2021-12,34787,"winter garden, fl",1.8727,152,54.0,0.0447,235.0
2021-12,32810,"orlando, fl",1.8413,30,55.0,0.0702,196.0
2021-12,32801,"orlando, fl",0.9286,26,71.0,0.1023,339.0
2021-12,32832,"orlando, fl",2.7368,34,68.0,0.0316,237.0
2021-12,32807,"orlando, fl",1.8205,20,62.0,0.0976,217.0
2021-12,32826,"orlando, fl",1.95,10,53.0,0.0,208.0
2021-12,32804,"orlando, fl",1.07,32,63.0,0.0494,293.0
2021-12,32827,"orlando, fl",3.0435,30,60.0,0.0286,267.0
2021-12,34761,"ocoee, fl",2.2923,36,65.0,0.0427,194.0
2021-12,32805,"orlando, fl",0.8548,22,39.0,0.0949,196.0
2021-12,32806,"orlando, fl",1.6744,44,69.0,0.0735,249.0
2021-12,32703,"apopka, fl",1.908,44,52.0,0.0555,193.0
2021-12,32835,"orlando, fl",1.6296,66,69.0,0.0211,182.0
2021-12,34786,"windermere, fl",2.1696,60,68.0,0.02,293.0
2021-12,32808,"orlando, fl",2.3605,58,40.0,0.0466,177.0
2021-12,32803,"orlando, fl",1.76,22,54.0,0.0977,297.0
2021-12,32817,"orlando, fl",2.3214,20,43.0,0.0606,221.0
2021-12,32828,"orlando, fl",2.3971,56,53.0,0.0469,199.0
2021-11,34787,"winter garden, fl",1.9118,140,43.0,0.056,235.0
2021-11,32828,"orlando, fl",2.3467,52,35.0,0.05,186.0
2021-11,32703,"apopka, fl",2.1957,52,36.0,0.0494,189.0
2021-11,32819,"orlando, fl",1.2748,60,51.0,0.0433,244.0
2021-11,34786,"windermere, fl",1.8777,78,41.0,0.0412,287.0
2021-11,32835,"orlando, fl",1.7,60,44.0,0.029,178.0
2021-11,32712,"apopka, fl",1.9,66,41.0,0.0946,186.0
2021-11,32826,"orlando, fl",2.3182,18,24.0,0.0618,212.0
2021-11,32827,"orlando, fl",2.0,38,33.0,0.0336,267.0
2021-11,32817,"orlando, fl",2.7931,16,36.0,0.0632,209.0
2021-11,32803,"orlando, fl",1.156,34,44.0,0.0913,293.0
2021-11,32810,"orlando, fl",2.1231,36,30.0,0.0901,186.0
2021-11,32806,"orlando, fl",1.4248,38,57.0,0.1644,252.0
2021-11,32807,"orlando, fl",2.1667,22,60.0,0.0627,219.0
2021-11,32808,"orlando, fl",1.9792,74,40.0,0.0542,166.0
2021-11,32804,"orlando, fl",0.8594,34,57.0,0.1244,283.0
2021-11,32832,"orlando, fl",2.5634,44,46.0,0.0105,228.0
2021-11,34761,"ocoee, fl",2.2619,60,36.0,0.0549,190.0
2021-11,32805,"orlando, fl",1.16,28,38.0,0.1245,194.0
2021-11,32801,"orlando, fl",0.845,46,65.0,0.1081,336.0
2021-10,32827,"orlando, fl",2.7826,32,41.0,0.04,275.0
2021-10,34787,"winter garden, fl",1.5536,148,41.0,0.0901,232.0
2021-10,32835,"orlando, fl",1.2632,88,35.0,0.0738,173.0
2021-10,32832,"orlando, fl",1.66,72,22.0,0.078,209.0
2021-10,32703,"apopka, fl",2.3191,60,43.0,0.0885,185.0
2021-10,32828,"orlando, fl",2.4651,64,33.0,0.0635,184.0
2021-10,32801,"orlando, fl",0.5789,36,57.0,0.2156,327.0
2021-10,34786,"windermere, fl",1.6986,96,39.0,0.0401,268.0
2021-10,32810,"orlando, fl",1.7027,44,30.0,0.1039,182.0
2021-10,32808,"orlando, fl",2.2391,60,38.0,0.0904,156.0
2021-10,32804,"orlando, fl",0.8209,40,61.0,0.2588,270.0
2021-10,32806,"orlando, fl",1.0513,40,46.0,0.2581,249.0
2021-10,34761,"ocoee, fl",1.8333,80,38.0,0.0623,192.0
2021-10,32826,"orlando, fl",1.5385,20,40.0,0.0,203.0
2021-10,32817,"orlando, fl",2.381,28,35.0,0.1304,209.0
2021-10,32819,"orlando, fl",1.0123,52,45.0,0.099,243.0
2021-10,32805,"orlando, fl",1.16,28,36.0,0.0506,190.0
2021-10,32803,"orlando, fl",0.806,36,44.0,0.1538,284.0
2021-10,32807,"orlando, fl",1.6897,28,38.0,0.1277,215.0
2021-10,32712,"apopka, fl",2.3571,72,37.0,0.1275,183.0
2021-09,32828,"orlando, fl",2.8667,76,30.0,0.0789,186.0
2021-09,32805,"orlando, fl",1.5111,20,34.0,0.1812,180.0
2021-09,32827,"orlando, fl",2.2419,46,28.0,0.0271,279.0
2021-09,32712,"apopka, fl",1.8244,76,39.0,0.0975,180.0
2021-09,34786,"windermere, fl",2.146,72,50.0,0.0341,271.0
2021-09,32703,"apopka, fl",1.6613,74,38.0,0.1226,187.0
2021-09,32808,"orlando, fl",1.8261,70,30.0,0.0934,161.0
2021-09,34761,"ocoee, fl",1.9474,58,30.0,0.0627,191.0
2021-09,34787,"winter garden, fl",1.7375,188,38.0,0.0743,231.0
2021-09,32804,"orlando, fl",0.7687,42,49.0,0.2708,270.0
2021-09,32806,"orlando, fl",0.9771,56,36.0,0.2575,252.0
2021-09,32807,"orlando, fl",1.4853,34,36.0,0.2011,220.0
2021-09,32801,"orlando, fl",0.5767,34,54.0,0.1899,309.0
2021-09,32826,"orlando, fl",2.4783,18,35.0,0.0678,195.0
2021-09,32832,"orlando, fl",1.8182,60,30.0,0.0571,209.0
2021-09,32817,"orlando, fl",2.0638,28,34.0,0.0577,196.0
2021-09,32810,"orlando, fl",1.5857,44,35.0,0.1879,182.0
2021-09,32835,"orlando, fl",1.3429,80,37.0,0.0775,170.0
2021-09,32803,"orlando, fl",0.78,40,43.0,0.3315,275.0
2021-09,32819,"orlando, fl",0.8977,82,40.0,0.1293,236.0
2021-08,32807,"orlando, fl",1.4189,38,28.0,0.0616,213.0
2021-08,32835,"orlando, fl",1.1678,84,40.0,0.0493,168.0
2021-08,32819,"orlando, fl",1.0,60,34.0,0.1259,238.0
2021-08,32810,"orlando, fl",1.7344,34,37.0,0.1419,193.0
2021-08,34761,"ocoee, fl",2.4318,76,31.0,0.0578,189.0
2021-08,32828,"orlando, fl",2.1607,106,26.0,0.0907,185.0
2021-08,32805,"orlando, fl",1.5122,20,51.0,0.0508,166.0
2021-08,32804,"orlando, fl",0.6196,46,41.0,0.285,268.0
2021-08,34786,"windermere, fl",1.5562,106,44.0,0.0715,258.0
2021-08,32832,"orlando, fl",1.9211,50,31.0,0.088,200.0
2021-08,32703,"apopka, fl",1.7045,84,27.0,0.1668,184.0
2021-08,32801,"orlando, fl",0.777,40,41.0,0.155,300.0
2021-08,34787,"winter garden, fl",1.7358,184,37.0,0.0808,225.0
2021-08,32712,"apopka, fl",2.2049,78,36.0,0.1341,177.0
2021-08,32806,"orlando, fl",0.7105,70,43.0,0.2775,246.0
2021-08,32817,"orlando, fl",2.5208,46,21.0,0.0809,200.0
2021-08,32826,"orlando, fl",1.8378,18,33.0,0.2673,179.0
2021-08,32827,"orlando, fl",2.6316,24,44.0,0.0,257.0
2021-08,32808,"orlando, fl",1.8922,68,33.0,0.1036,167.0
2021-08,32803,"orlando, fl",0.7516,52,36.0,0.2214,276.0
2021-07,32804,"orlando, fl",0.6944,56,41.0,0.2796,274.0
2021-07,32808,"orlando, fl",1.8077,76,30.0,0.0659,156.0
2021-07,32832,"orlando, fl",2.0976,72,37.0,0.0628,197.0
2021-07,32806,"orlando, fl",0.7356,80,32.0,0.2407,247.0
2021-07,32807,"orlando, fl",1.8966,44,25.0,0.0625,191.0
2021-07,32835,"orlando, fl",1.6324,80,38.0,0.0889,166.0
2021-07,32703,"apopka, fl",1.875,72,29.0,0.14,181.0
2021-07,32819,"orlando, fl",1.1974,68,39.0,0.098,233.0
2021-07,32817,"orlando, fl",2.4762,52,22.0,0.0696,200.0
2021-07,32801,"orlando, fl",0.75,64,52.0,0.1878,285.0
2021-07,32826,"orlando, fl",1.7391,32,35.0,0.15,179.0
2021-07,32827,"orlando, fl",2.5625,40,32.0,0.023,269.0
2021-07,32803,"orlando, fl",1.0,48,36.0,0.2222,266.0
2021-07,32805,"orlando, fl",1.3077,16,51.0,0.1143,163.0
2021-07,32810,"orlando, fl",1.875,48,34.0,0.169,177.0
2021-07,32828,"orlando, fl",2.1887,108,28.0,0.0836,184.0
2021-07,34786,"windermere, fl",1.6238,104,37.0,0.095,256.0
2021-07,34787,"winter garden, fl",2.0473,172,38.0,0.0977,213.0
2021-07,32712,"apopka, fl",2.6833,92,31.0,0.0795,175.0
2021-07,34761,"ocoee, fl",3.4595,76,31.0,0.0705,184.0
2021-06,32803,"orlando, fl",1.3846,62,32.0,0.1604,269.0
2021-06,32712,"apopka, fl",2.1803,94,28.0,0.0551,170.0
2021-06,32808,"orlando, fl",1.76,80,24.0,0.0405,146.0
2021-06,34787,"winter garden, fl",2.0847,212,34.0,0.0655,216.0
2021-06,32807,"orlando, fl",2.0,44,40.0,0.0341,197.0
2021-06,34761,"ocoee, fl",3.8333,74,31.0,0.0082,177.0
2021-06,32806,"orlando, fl",1.3058,68,33.0,0.1966,248.0
2021-06,32810,"orlando, fl",1.8413,50,22.0,0.1031,182.0
2021-06,32805,"orlando, fl",1.5208,24,37.0,0.1182,178.0
2021-06,32819,"orlando, fl",1.6761,82,44.0,0.0519,222.0
2021-06,32817,"orlando, fl",3.0313,34,20.0,0.0638,198.0
2021-06,32801,"orlando, fl",0.6829,34,46.0,0.1525,280.0
2021-06,32826,"orlando, fl",2.1714,34,23.0,0.0667,171.0
2021-06,32828,"orlando, fl",2.7396,112,23.0,0.0583,179.0
2021-06,32835,"orlando, fl",1.6241,88,32.0,0.0721,165.0
2021-06,32804,"orlando, fl",0.7357,40,39.0,0.245,273.0
2021-06,32827,"orlando, fl",2.807,42,36.0,0.0262,250.0
2021-06,32703,"apopka, fl",2.1765,74,27.0,0.0922,175.0
2021-06,34786,"windermere, fl",1.9572,100,34.0,0.0621,255.0
2021-06,32832,"orlando, fl",2.3218,78,25.0,0.0425,190.0
2021-05,32808,"orlando, fl",1.9512,56,28.0,0.0219,137.0
2021-05,32807,"orlando, fl",2.2174,40,29.0,0.0342,192.0
2021-05,32835,"orlando, fl",1.48,88,39.0,0.0272,157.0
2021-05,34761,"ocoee, fl",3.8824,68,37.0,0.0351,174.0
2021-05,32832,"orlando, fl",2.8182,64,25.0,0.0388,188.0
2021-05,32827,"orlando, fl",3.0323,40,47.0,0.0421,233.0
2021-05,32806,"orlando, fl",1.35,56,36.0,0.1489,240.0
2021-05,32817,"orlando, fl",3.7857,24,34.0,0.0,192.0
2021-05,32826,"orlando, fl",1.8,36,27.0,0.0,171.0
2021-05,32828,"orlando, fl",3.5,100,27.0,0.0292,177.0
2021-05,32703,"apopka, fl",2.8333,84,29.0,0.0543,174.0
2021-05,34787,"winter garden, fl",2.3385,212,37.0,0.0532,211.0
2021-05,32801,"orlando, fl",0.7471,52,42.0,0.1633,272.0
2021-05,32804,"orlando, fl",0.8696,56,34.0,0.1436,268.0
2021-05,32803,"orlando, fl",1.3208,60,31.0,0.1481,258.0
2021-05,34786,"windermere, fl",1.9891,132,43.0,0.0494,256.0
2021-05,32712,"apopka, fl",3.0208,80,33.0,0.0537,166.0
2021-05,32819,"orlando, fl",1.2333,80,56.0,0.0424,223.0
2021-05,32805,"orlando, fl",1.65,28,28.0,0.0,169.0
2021-05,32810,"orlando, fl",2.0476,44,34.0,0.0526,177.0
2021-04,32826,"orlando, fl",4.0588,18,32.0,0.0282,165.0
2021-04,32805,"orlando, fl",1.4146,28,28.0,0.0466,156.0
2021-04,32827,"orlando, fl",2.5783,42,41.0,0.0,230.0
2021-04,34786,"windermere, fl",1.8168,116,49.0,0.0494,273.0
2021-04,32835,"orlando, fl",1.2414,86,47.0,0.0479,149.0
2021-04,32819,"orlando, fl",0.8476,76,75.0,0.0757,217.0
2021-04,32808,"orlando, fl",2.1711,66,28.0,0.0952,134.0
2021-04,32806,"orlando, fl",1.3504,50,39.0,0.1227,236.0
2021-04,34761,"ocoee, fl",5.1695,72,25.0,0.023,169.0
2021-04,32712,"apopka, fl",2.9149,88,33.0,0.0343,164.0
2021-04,32801,"orlando, fl",0.7097,64,53.0,0.1312,272.0
2021-04,32828,"orlando, fl",4.7255,92,19.0,0.0338,164.0
2021-04,32804,"orlando, fl",1.2632,44,45.0,0.1442,271.0
2021-04,34787,"winter garden, fl",2.3569,184,41.0,0.0451,206.0
2021-04,32817,"orlando, fl",3.6129,32,28.0,0.0964,189.0
2021-04,32703,"apopka, fl",3.8644,76,32.0,0.0684,167.0
2021-04,32810,"orlando, fl",1.717,40,34.0,0.0336,175.0
2021-04,32807,"orlando, fl",2.0,44,29.0,0.11,179.0
2021-04,32832,"orlando, fl",3.2931,80,36.0,0.0464,183.0
2021-04,32803,"orlando, fl",1.3048,50,29.0,0.1096,252.0
2021-03,32807,"orlando, fl",2.3243,26,28.0,0.0905,190.0
2021-03,32804,"orlando, fl",1.1328,38,51.0,0.2016,258.0
2021-03,34786,"windermere, fl",1.5459,106,47.0,0.0575,249.0
2021-03,32712,"apopka, fl",2.5743,80,38.0,0.0389,159.0
2021-03,32810,"orlando, fl",2.2826,38,43.0,0.0541,150.0
2021-03,32806,"orlando, fl",1.1037,60,48.0,0.1387,232.0
2021-03,32819,"orlando, fl",1.0188,48,89.0,0.07,205.0
2021-03,32805,"orlando, fl",1.5714,26,19.0,0.1171,150.0
2021-03,34761,"ocoee, fl",5.5323,56,35.0,0.0454,164.0
2021-03,32832,"orlando, fl",3.3333,52,37.0,0.0189,187.0
2021-03,32703,"apopka, fl",3.6269,76,34.0,0.0523,168.0
2021-03,32826,"orlando, fl",3.3636,22,31.0,0.075,171.0
2021-03,32817,"orlando, fl",4.1034,42,13.0,0.035,187.0
2021-03,32828,"orlando, fl",4.1,90,19.0,0.0179,168.0
2021-03,34787,"winter garden, fl",2.2672,180,43.0,0.0451,201.0
2021-03,32801,"orlando, fl",0.5314,44,62.0,0.1751,268.0
2021-03,32803,"orlando, fl",1.5684,58,46.0,0.1093,257.0
2021-03,32808,"orlando, fl",1.9278,50,44.0,0.096,132.0
2021-03,32835,"orlando, fl",0.9858,76,51.0,0.1105,148.0
2021-03,32827,"orlando, fl",1.9808,52,50.0,0.0475,230.0
2021-02,32803,"orlando, fl",1.2909,36,74.0,0.1292,254.0
2021-02,32804,"orlando, fl",1.073,50,63.0,0.1463,253.0
2021-02,32819,"orlando, fl",0.6596,66,100.0,0.1404,204.0
2021-02,34786,"windermere, fl",1.4238,116,73.0,0.0832,246.0
2021-02,32828,"orlando, fl",4.1455,58,40.0,0.0282,157.0
2021-02,34787,"winter garden, fl",1.9604,156,48.0,0.0657,196.0
2021-02,32805,"orlando, fl",1.6071,26,24.0,0.1102,153.0
2021-02,34761,"ocoee, fl",4.4583,68,31.0,0.0459,158.0
2021-02,32827,"orlando, fl",1.4646,56,49.0,0.0681,225.0
2021-02,32712,"apopka, fl",2.125,68,59.0,0.0569,156.0
2021-02,32817,"orlando, fl",3.3846,30,31.0,0.0,180.0
2021-02,32826,"orlando, fl",2.6154,20,43.0,0.1242,158.0
2021-02,32806,"orlando, fl",1.0352,58,58.0,0.1245,224.0
2021-02,32835,"orlando, fl",0.823,68,56.0,0.1221,146.0
2021-02,32810,"orlando, fl",1.8448,30,35.0,0.1217,157.0
2021-02,32801,"orlando, fl",0.5721,38,73.0,0.2459,255.0
2021-02,32703,"apopka, fl",2.8395,70,41.0,0.0577,166.0
2021-02,32832,"orlando, fl",2.9315,44,40.0,0.0307,185.0
2021-02,32808,"orlando, fl",1.7368,58,48.0,0.0476,134.0
2021-02,32807,"orlando, fl",2.4242,34,42.0,0.0538,174.0
2021-01,32806,"orlando, fl",0.7778,40,59.0,0.1333,223.0
2021-01,32828,"orlando, fl",2.8,60,46.0,0.0734,160.0
2021-01,32801,"orlando, fl",0.3879,48,78.0,0.1748,254.0
2021-01,32827,"orlando, fl",1.0685,36,58.0,0.0408,222.0
2021-01,32832,"orlando, fl",1.4167,64,50.0,0.0603,178.0
2021-01,32835,"orlando, fl",0.6277,76,62.0,0.0735,144.0
2021-01,32712,"apopka, fl",1.3671,64,63.0,0.0916,154.0
2021-01,32803,"orlando, fl",0.7324,40,78.0,0.1739,253.0
2021-01,32819,"orlando, fl",0.443,60,87.0,0.1755,202.0
2021-01,34761,"ocoee, fl",3.8409,60,43.0,0.0508,156.0
2021-01,32826,"orlando, fl",1.5263,20,43.0,0.0656,164.0
2021-01,32703,"apopka, fl",1.6364,48,38.0,0.1116,166.0
2021-01,32817,"orlando, fl",2.1765,20,55.0,0.0571,176.0
2021-01,32808,"orlando, fl",1.1549,52,60.0,0.0619,134.0
2021-01,34787,"winter garden, fl",1.1626,152,64.0,0.0591,190.0
2021-01,34786,"windermere, fl",0.7068,104,78.0,0.1124,224.0
2021-01,32805,"orlando, fl",2.7778,12,54.0,0.0,140.0
2021-01,32807,"orlando, fl",2.1176,12,54.0,0.0635,175.0
2021-01,32804,"orlando, fl",0.7763,28,65.0,0.1905,249.0
2021-01,32810,"orlando, fl",1.3235,40,45.0,0.0833,154.0
2020-12,32806,"orlando, fl",0.5714,48,50.0,0.1801,220.0
2020-12,34761,"ocoee, fl",2.4876,82,36.0,0.0627,155.0
2020-12,32804,"orlando, fl",0.7765,36,64.0,0.1235,247.0
2020-12,32807,"orlando, fl",1.7407,34,43.0,0.1027,171.0
2020-12,32712,"apopka, fl",1.5723,46,50.0,0.0894,152.0
2020-12,32805,"orlando, fl",4.1176,12,46.0,0.0,147.0
2020-12,34787,"winter garden, fl",1.0292,104,61.0,0.0999,188.0
2020-12,32828,"orlando, fl",1.8843,60,42.0,0.1233,156.0
2020-12,32810,"orlando, fl",1.5606,22,52.0,0.0791,159.0
2020-12,32826,"orlando, fl",1.0588,22,40.0,0.0523,160.0
2020-12,32817,"orlando, fl",2.1,18,45.0,0.0955,177.0
2020-12,32808,"orlando, fl",0.9308,44,82.0,0.0508,134.0
2020-12,32703,"apopka, fl",2.1038,50,46.0,0.0748,159.0
2020-12,32801,"orlando, fl",0.298,22,78.0,0.1605,254.0
2020-12,32819,"orlando, fl",0.4167,46,78.0,0.1356,200.0
2020-12,32832,"orlando, fl",1.2687,42,58.0,0.0959,178.0
2020-12,32827,"orlando, fl",0.8824,24,58.0,0.0678,219.0
2020-12,34786,"windermere, fl",0.5514,86,74.0,0.0935,215.0
2020-12,32803,"orlando, fl",0.6875,28,56.0,0.1218,251.0
2020-12,32835,"orlando, fl",0.625,58,64.0,0.118,143.0
2020-11,32807,"orlando, fl",2.0926,18,34.0,0.068,172.0
2020-11,32805,"orlando, fl",1.8529,14,69.0,0.0647,144.0
2020-11,32703,"apopka, fl",1.6934,54,37.0,0.1052,155.0
2020-11,32835,"orlando, fl",0.5556,68,52.0,0.1068,145.0
2020-11,32712,"apopka, fl",1.41,84,37.0,0.0849,150.0
2020-11,32810,"orlando, fl",1.2842,26,43.0,0.072,155.0
2020-11,32828,"orlando, fl",1.8333,66,39.0,0.112,154.0
2020-11,34761,"ocoee, fl",2.0935,68,32.0,0.1189,158.0
2020-11,32817,"orlando, fl",1.7736,32,36.0,0.1969,181.0
2020-11,32806,"orlando, fl",0.6193,52,50.0,0.1617,222.0
2020-11,32803,"orlando, fl",0.6,34,46.0,0.2046,255.0
2020-11,32804,"orlando, fl",0.614,40,60.0,0.1314,251.0
2020-11,32827,"orlando, fl",0.7282,40,64.0,0.1089,208.0
2020-11,32819,"orlando, fl",0.3894,52,67.0,0.1124,199.0
2020-11,32801,"orlando, fl",0.4,44,68.0,0.1598,256.0
2020-11,32826,"orlando, fl",1.2391,16,55.0,0.0308,156.0
2020-11,32832,"orlando, fl",1.2561,46,52.0,0.1237,176.0
2020-11,32808,"orlando, fl",0.9464,42,65.0,0.0746,133.0
2020-11,34787,"winter garden, fl",0.9208,204,53.0,0.1139,185.0
2020-11,34786,"windermere, fl",0.5682,84,67.0,0.1348,215.0
2020-10,34786,"windermere, fl",0.6105,104,64.0,0.1619,215.0
2020-10,32801,"orlando, fl",0.3828,36,61.0,0.2419,265.0
2020-10,32805,"orlando, fl",1.0714,16,81.0,0.1758,132.0
2020-10,32835,"orlando, fl",0.6065,80,49.0,0.161,144.0
2020-10,32712,"apopka, fl",1.5833,112,37.0,0.0686,146.0
2020-10,34761,"ocoee, fl",2.6094,88,41.0,0.0816,155.0
2020-10,34787,"winter garden, fl",0.9125,188,54.0,0.1237,182.0
2020-10,32819,"orlando, fl",0.4138,68,67.0,0.1765,198.0
2020-10,32810,"orlando, fl",1.413,44,44.0,0.1105,157.0
2020-10,32828,"orlando, fl",1.8421,96,36.0,0.1294,154.0
2020-10,32832,"orlando, fl",1.2157,56,60.0,0.1071,170.0
2020-10,32817,"orlando, fl",1.7143,28,40.0,0.1802,163.0
2020-10,32804,"orlando, fl",0.4825,52,54.0,0.3207,249.0
2020-10,32703,"apopka, fl",1.5921,76,30.0,0.1131,154.0
2020-10,32806,"orlando, fl",0.7604,52,58.0,0.3193,223.0
2020-10,32803,"orlando, fl",0.6495,60,42.0,0.2,258.0
2020-10,32808,"orlando, fl",0.9775,44,58.0,0.1407,135.0
2020-10,32827,"orlando, fl",0.7573,40,59.0,0.1416,207.0
2020-10,32826,"orlando, fl",1.0385,16,38.0,0.1818,156.0
2020-10,32807,"orlando, fl",2.0,28,42.0,0.0741,175.0
2020-09,32808,"orlando, fl",0.9137,66,48.0,0.1112,134.0
2020-09,32810,"orlando, fl",1.3571,40,53.0,0.091,155.0
2020-09,32801,"orlando, fl",0.229,46,51.0,0.2454,261.0
2020-09,32803,"orlando, fl",0.8247,52,43.0,0.2363,261.0
2020-09,32712,"apopka, fl",1.5322,76,45.0,0.0841,144.0
2020-09,32827,"orlando, fl",0.6983,34,73.0,0.1459,204.0
2020-09,32832,"orlando, fl",1.0204,58,54.0,0.1881,169.0
2020-09,32835,"orlando, fl",0.5822,76,58.0,0.1295,144.0
2020-09,32806,"orlando, fl",0.8112,56,45.0,0.2894,223.0
2020-09,32703,"apopka, fl",1.85,54,50.0,0.1081,155.0
2020-09,32805,"orlando, fl",0.8971,14,66.0,0.1386,144.0
2020-09,32826,"orlando, fl",1.4255,30,26.0,0.0464,158.0
2020-09,32817,"orlando, fl",1.614,32,46.0,0.1414,165.0
2020-09,34787,"winter garden, fl",1.0358,202,54.0,0.1332,180.0
2020-09,32807,"orlando, fl",1.75,38,36.0,0.0787,171.0
2020-09,34761,"ocoee, fl",2.6154,64,37.0,0.0942,155.0
2020-09,32828,"orlando, fl",2.0,90,33.0,0.1238,155.0
2020-09,32819,"orlando, fl",0.3707,78,64.0,0.1513,196.0
2020-09,34786,"windermere, fl",0.5677,116,75.0,0.1302,209.0
2020-09,32804,"orlando, fl",0.5576,64,48.0,0.2385,250.0
2020-08,32804,"orlando, fl",0.6667,52,51.0,0.25,250.0
2020-08,32817,"orlando, fl",1.5429,28,43.0,0.2121,171.0
2020-08,32826,"orlando, fl",2.5294,20,40.0,0.0519,162.0
2020-08,32810,"orlando, fl",1.6,36,50.0,0.1032,153.0
2020-08,32835,"orlando, fl",0.5694,68,65.0,0.1242,144.0
2020-08,32832,"orlando, fl",0.8841,80,52.0,0.1576,168.0
2020-08,32807,"orlando, fl",1.6667,32,42.0,0.0842,167.0
2020-08,34787,"winter garden, fl",0.8753,216,50.0,0.1578,176.0
2020-08,32805,"orlando, fl",0.8947,24,78.0,0.0833,144.0
2020-08,34786,"windermere, fl",0.5904,100,68.0,0.1812,208.0
2020-08,32801,"orlando, fl",0.2832,44,46.0,0.2412,264.0
2020-08,32712,"apopka, fl",1.4725,84,50.0,0.0964,140.0
2020-08,32703,"apopka, fl",1.6588,76,42.0,0.1443,154.0
2020-08,32819,"orlando, fl",0.4249,72,58.0,0.1672,199.0
2020-08,32828,"orlando, fl",1.7073,104,38.0,0.1065,151.0
2020-08,32803,"orlando, fl",0.7671,56,42.0,0.1988,259.0
2020-08,34761,"ocoee, fl",2.0,84,33.0,0.1042,153.0
2020-08,32827,"orlando, fl",0.6462,56,63.0,0.1569,201.0
2020-08,32808,"orlando, fl",1.1951,68,40.0,0.049,128.0
2020-08,32806,"orlando, fl",0.9535,64,51.0,0.2034,219.0
2020-07,32827,"orlando, fl",0.61,56,69.0,0.1943,200.0
2020-07,32807,"orlando, fl",2.0339,28,48.0,0.0705,161.0
2020-07,32806,"orlando, fl",0.8057,58,48.0,0.1715,212.0
2020-07,34786,"windermere, fl",0.4668,124,63.0,0.1835,209.0
2020-07,32828,"orlando, fl",1.8696,90,41.0,0.1602,149.0
2020-07,32803,"orlando, fl",0.7891,40,56.0,0.1959,242.0
2020-07,34761,"ocoee, fl",1.5793,78,38.0,0.0964,145.0
2020-07,32832,"orlando, fl",0.9091,76,50.0,0.131,166.0
2020-07,32819,"orlando, fl",0.4021,88,67.0,0.1683,196.0
2020-07,32817,"orlando, fl",1.2778,38,38.0,0.1356,172.0
2020-07,32801,"orlando, fl",0.4628,52,65.0,0.188,266.0
2020-07,32804,"orlando, fl",0.5385,44,60.0,0.2071,250.0
2020-07,34787,"winter garden, fl",0.8087,224,52.0,0.139,176.0
2020-07,32703,"apopka, fl",1.3046,86,47.0,0.1372,149.0
2020-07,32810,"orlando, fl",1.1845,32,55.0,0.1204,142.0
2020-07,32808,"orlando, fl",1.1543,46,58.0,0.1363,125.0
2020-07,32835,"orlando, fl",0.5492,62,55.0,0.1651,145.0
2020-07,32826,"orlando, fl",1.64,30,31.0,0.151,163.0
2020-07,32805,"orlando, fl",0.9444,24,73.0,0.1248,137.0
2020-07,32712,"apopka, fl",1.6771,84,58.0,0.1113,141.0
2020-06,32817,"orlando, fl",1.2254,22,47.0,0.1315,173.0
2020-06,32827,"orlando, fl",0.5458,56,67.0,0.2014,199.0
2020-06,32832,"orlando, fl",0.8686,74,47.0,0.2188,167.0
2020-06,32808,"orlando, fl",1.0722,52,55.0,0.0815,127.0
2020-06,32828,"orlando, fl",2.0683,102,42.0,0.0989,146.0
2020-06,32801,"orlando, fl",0.4044,28,82.0,0.221,272.0
2020-06,32807,"orlando, fl",1.3205,30,41.0,0.1362,160.0
2020-06,32819,"orlando, fl",0.3773,72,88.0,0.1824,190.0
2020-06,34786,"windermere, fl",0.3919,132,86.0,0.156,213.0
2020-06,34761,"ocoee, fl",1.1848,98,39.0,0.1605,146.0
2020-06,34787,"winter garden, fl",0.8541,256,55.0,0.1383,175.0
2020-06,32826,"orlando, fl",2.3889,22,38.0,0.077,157.0
2020-06,32835,"orlando, fl",0.5714,84,71.0,0.1531,146.0
2020-06,32810,"orlando, fl",1.1442,46,61.0,0.113,146.0
2020-06,32712,"apopka, fl",1.1261,78,53.0,0.1584,139.0
2020-06,32806,"orlando, fl",0.8343,52,49.0,0.1765,220.0
2020-06,32805,"orlando, fl",0.7671,22,82.0,0.1069,135.0
2020-06,32803,"orlando, fl",0.9397,40,71.0,0.199,243.0
2020-06,32804,"orlando, fl",0.6702,46,87.0,0.1639,242.0
2020-06,32703,"apopka, fl",1.0128,74,46.0,0.1414,150.0
2020-05,32826,"orlando, fl",1.0968,36,37.0,0.1176,160.0
2020-05,32808,"orlando, fl",0.8544,72,60.0,0.1049,130.0
2020-05,32832,"orlando, fl",0.4765,92,53.0,0.1236,168.0
2020-05,32804,"orlando, fl",0.4904,40,69.0,0.1706,229.0
2020-05,32803,"orlando, fl",0.6667,28,61.0,0.1727,243.0
2020-05,32810,"orlando, fl",1.0357,40,50.0,0.1081,147.0
2020-05,32828,"orlando, fl",1.2,100,45.0,0.1364,146.0
2020-05,34787,"winter garden, fl",0.6462,212,62.0,0.1389,173.0
2020-05,32806,"orlando, fl",0.5684,76,46.0,0.1584,219.0
2020-05,32817,"orlando, fl",1.0278,32,53.0,0.0842,163.0
2020-05,32819,"orlando, fl",0.2902,68,80.0,0.1562,190.0
2020-05,32827,"orlando, fl",0.3758,56,82.0,0.1733,197.0
2020-05,34761,"ocoee, fl",0.978,68,43.0,0.144,148.0
2020-05,32807,"orlando, fl",0.8974,40,50.0,0.0976,152.0
2020-05,32712,"apopka, fl",0.7929,72,51.0,0.1639,138.0
2020-05,32801,"orlando, fl",0.2376,36,80.0,0.1707,262.0
2020-05,32703,"apopka, fl",0.9391,76,48.0,0.1215,149.0
2020-05,32835,"orlando, fl",0.443,48,67.0,0.1263,144.0
2020-05,32805,"orlando, fl",0.5385,20,76.0,0.046,137.0
2020-05,34786,"windermere, fl",0.2455,100,81.0,0.156,216.0
2020-04,32806,"orlando, fl",0.5057,36,52.0,0.1896,215.0
2020-04,32703,"apopka, fl",0.9346,74,45.0,0.1357,151.0
2020-04,32819,"orlando, fl",0.2953,54,63.0,0.1424,192.0
2020-04,32827,"orlando, fl",0.3259,30,81.0,0.0958,198.0
2020-04,32805,"orlando, fl",0.4535,16,51.0,0.1887,134.0
2020-04,34786,"windermere, fl",0.2586,74,72.0,0.085,215.0
2020-04,32807,"orlando, fl",0.9868,20,41.0,0.1018,146.0
2020-04,32810,"orlando, fl",0.6183,36,40.0,0.1278,135.0
2020-04,32832,"orlando, fl",0.4922,50,50.0,0.1659,170.0
2020-04,34787,"winter garden, fl",0.5735,112,51.0,0.1303,171.0
2020-04,32817,"orlando, fl",0.8784,28,43.0,0.1635,164.0
2020-04,32828,"orlando, fl",1.0963,68,43.0,0.1074,147.0
2020-04,32826,"orlando, fl",1.1754,28,40.0,0.1119,162.0
2020-04,32835,"orlando, fl",0.4673,50,48.0,0.1146,148.0
2020-04,32804,"orlando, fl",0.4623,46,52.0,0.1413,232.0
2020-04,32803,"orlando, fl",0.5578,22,49.0,0.1779,236.0
2020-04,34761,"ocoee, fl",0.9574,62,44.0,0.0807,143.0
2020-04,32808,"orlando, fl",0.9278,38,58.0,0.1093,128.0
2020-04,32712,"apopka, fl",0.6396,94,37.0,0.1327,138.0
2020-04,32801,"orlando, fl",0.2406,22,64.0,0.1843,261.0
2020-03,32703,"apopka, fl",1.3472,92,43.0,0.1122,151.0
2020-03,32808,"orlando, fl",1.2361,54,46.0,0.1423,125.0
2020-03,34787,"winter garden, fl",0.8309,242,50.0,0.1243,170.0
2020-03,32828,"orlando, fl",1.4048,92,33.0,0.1112,145.0
2020-03,32819,"orlando, fl",0.5121,60,65.0,0.1611,197.0
2020-03,32826,"orlando, fl",1.907,26,33.0,0.1211,161.0
2020-03,32805,"orlando, fl",0.6479,18,53.0,0.0847,148.0
2020-03,32810,"orlando, fl",1.3232,56,35.0,0.0803,133.0
2020-03,32817,"orlando, fl",1.1667,34,32.0,0.0982,163.0
2020-03,32827,"orlando, fl",0.5314,46,72.0,0.1552,200.0
2020-03,32806,"orlando, fl",0.7844,66,39.0,0.1491,216.0
2020-03,34761,"ocoee, fl",1.6087,76,40.0,0.0982,141.0
2020-03,32835,"orlando, fl",0.8842,84,40.0,0.1046,148.0
2020-03,32803,"orlando, fl",0.7933,54,45.0,0.1637,244.0
2020-03,32804,"orlando, fl",0.7462,58,50.0,0.1584,230.0
2020-03,32807,"orlando, fl",1.7463,32,31.0,0.0788,152.0
2020-03,34786,"windermere, fl",0.4903,102,69.0,0.1451,218.0
2020-03,32801,"orlando, fl",0.5137,34,49.0,0.1624,258.0
2020-03,32712,"apopka, fl",1.2345,92,38.0,0.0899,139.0
2020-03,32832,"orlando, fl",0.9372,60,58.0,0.109,175.0
2020-02,32803,"orlando, fl",0.9697,40,70.0,0.2045,245.0
2020-02,32808,"orlando, fl",1.0,68,40.0,0.1169,127.0
2020-02,32804,"orlando, fl",0.7093,48,59.0,0.2022,227.0
2020-02,34786,"windermere, fl",0.4726,120,81.0,0.1281,221.0
2020-02,32807,"orlando, fl",1.6667,36,43.0,0.0385,149.0
2020-02,32810,"orlando, fl",1.3111,36,48.0,0.0938,138.0
2020-02,32712,"apopka, fl",0.9917,68,54.0,0.1022,135.0
2020-02,32819,"orlando, fl",0.5035,76,75.0,0.1085,196.0
2020-02,32806,"orlando, fl",0.942,36,65.0,0.1194,212.0
2020-02,32835,"orlando, fl",0.8017,68,56.0,0.0901,147.0
2020-02,32826,"orlando, fl",1.0435,28,19.0,0.0645,162.0
2020-02,32801,"orlando, fl",0.427,48,71.0,0.16,256.0
2020-02,34787,"winter garden, fl",0.8402,180,68.0,0.1495,168.0
2020-02,32828,"orlando, fl",1.266,96,36.0,0.1008,144.0
2020-02,32827,"orlando, fl",0.4908,64,81.0,0.1558,200.0
2020-02,32817,"orlando, fl",1.7917,24,42.0,0.1188,164.0
2020-02,32805,"orlando, fl",0.6286,20,57.0,0.2381,145.0
2020-02,34761,"ocoee, fl",1.1809,56,51.0,0.1374,141.0
2020-02,32832,"orlando, fl",0.8017,60,66.0,0.1648,171.0
2020-02,32703,"apopka, fl",1.23,76,45.0,0.1408,156.0
2020-01,32810,"orlando, fl",0.7297,40,54.0,0.1599,138.0
2020-01,32835,"orlando, fl",0.5731,68,69.0,0.109,147.0
2020-01,34787,"winter garden, fl",0.5517,146,72.0,0.1201,166.0
2020-01,32808,"orlando, fl",0.8538,72,59.0,0.0808,126.0
2020-01,34786,"windermere, fl",0.3229,100,87.0,0.112,226.0
2020-01,32827,"orlando, fl",0.4185,60,93.0,0.1275,199.0
2020-01,32804,"orlando, fl",0.4581,32,78.0,0.2359,226.0
2020-01,32832,"orlando, fl",0.6627,56,71.0,0.1352,168.0
2020-01,32828,"orlando, fl",0.9561,74,56.0,0.1504,140.0
2020-01,32807,"orlando, fl",1.0526,36,53.0,0.0976,162.0
2020-01,32703,"apopka, fl",0.6323,64,52.0,0.1552,148.0
2020-01,32817,"orlando, fl",0.9231,28,56.0,0.0864,160.0
2020-01,34761,"ocoee, fl",0.7606,64,61.0,0.1702,141.0
2020-01,32801,"orlando, fl",0.3198,20,85.0,0.1785,257.0
2020-01,32803,"orlando, fl",0.6513,46,74.0,0.0839,243.0
2020-01,32819,"orlando, fl",0.4007,64,80.0,0.1415,191.0
2020-01,32805,"orlando, fl",0.6143,16,79.0,0.1346,147.0
2020-01,32712,"apopka, fl",0.6092,60,61.0,0.164,133.0
2020-01,32806,"orlando, fl",0.5098,40,71.0,0.2051,208.0
2020-01,32826,"orlando, fl",1.2692,12,45.0,0.1111,151.0
2019-12,32703,"apopka, fl",0.6111,62,49.0,0.0773,148.0
2019-12,32804,"orlando, fl",0.4293,16,72.0,0.14,229.0
2019-12,34761,"ocoee, fl",0.7179,60,60.0,0.0768,145.0
2019-12,32807,"orlando, fl",0.9663,20,46.0,0.1182,164.0
2019-12,32826,"orlando, fl",1.1053,6,48.0,0.0556,157.0
2019-12,32806,"orlando, fl",0.4633,24,72.0,0.1631,206.0
2019-12,32810,"orlando, fl",0.9,24,46.0,0.0943,140.0
2019-12,32803,"orlando, fl",0.5414,24,74.0,0.1299,241.0
2019-12,32805,"orlando, fl",0.5753,10,65.0,0.0488,144.0
2019-12,32712,"apopka, fl",0.709,38,70.0,0.1632,134.0
2019-12,32832,"orlando, fl",0.5478,36,63.0,0.1476,165.0
2019-12,32819,"orlando, fl",0.4032,50,74.0,0.1218,190.0
2019-12,32827,"orlando, fl",0.3817,30,101.0,0.1049,197.0
2019-12,32817,"orlando, fl",1.4754,12,53.0,0.1193,158.0
2019-12,32801,"orlando, fl",0.2558,32,70.0,0.1627,263.0
2019-12,32835,"orlando, fl",0.6367,54,71.0,0.115,145.0
2019-12,34787,"winter garden, fl",0.5026,120,63.0,0.1111,166.0
2019-12,34786,"windermere, fl",0.3087,78,80.0,0.0918,222.0
2019-12,32808,"orlando, fl",1.0842,38,55.0,0.1126,124.0
2019-12,32828,"orlando, fl",0.9506,64,60.0,0.0922,144.0
2019-11,32819,"orlando, fl",0.4465,56,76.0,0.2143,186.0
2019-11,32817,"orlando, fl",1.1707,20,50.0,0.0863,159.0
2019-11,32828,"orlando, fl",0.8514,64,56.0,0.159,142.0
2019-11,32832,"orlando, fl",0.4936,44,51.0,0.2529,162.0
2019-11,32807,"orlando, fl",0.875,28,43.0,0.1441,160.0
2019-11,32827,"orlando, fl",0.4607,40,94.0,0.1241,196.0
2019-11,34787,"winter garden, fl",0.5561,152,62.0,0.1526,166.0
2019-11,34786,"windermere, fl",0.3477,80,82.0,0.1265,214.0
2019-11,32712,"apopka, fl",0.6145,68,65.0,0.2602,137.0
2019-11,32703,"apopka, fl",0.8692,44,49.0,0.1329,147.0
2019-11,32804,"orlando, fl",0.4336,28,64.0,0.3285,231.0
2019-11,32805,"orlando, fl",0.6579,20,37.0,0.0571,143.0
2019-11,34761,"ocoee, fl",0.8509,52,51.0,0.1733,142.0
2019-11,32806,"orlando, fl",0.5918,40,62.0,0.2574,208.0
2019-11,32803,"orlando, fl",0.4679,28,69.0,0.2979,248.0
2019-11,32808,"orlando, fl",0.8319,60,45.0,0.1465,123.0
2019-11,32801,"orlando, fl",0.2617,40,68.0,0.16,263.0
2019-11,32835,"orlando, fl",0.6144,64,72.0,0.1433,147.0
2019-11,32810,"orlando, fl",0.94,32,33.0,0.1613,137.0
2019-11,32826,"orlando, fl",1.35,16,44.0,0.1319,153.0
2019-10,32826,"orlando, fl",1.1887,24,53.0,0.1758,157.0
2019-10,32832,"orlando, fl",0.49,56,57.0,0.1938,161.0
2019-10,32805,"orlando, fl",0.5921,28,45.0,0.1307,141.0
2019-10,32827,"orlando, fl",0.3333,36,78.0,0.1528,193.0
2019-10,32712,"apopka, fl",0.5692,84,64.0,0.3017,134.0
2019-10,34787,"winter garden, fl",0.5323,196,64.0,0.1989,166.0
2019-10,32806,"orlando, fl",0.486,36,63.0,0.2674,204.0
2019-10,34786,"windermere, fl",0.3566,138,86.0,0.1412,220.0
2019-10,32703,"apopka, fl",0.8384,66,55.0,0.2384,145.0
2019-10,32835,"orlando, fl",0.512,86,62.0,0.1068,147.0
2019-10,32819,"orlando, fl",0.4237,52,77.0,0.1841,186.0
2019-10,32828,"orlando, fl",0.7695,108,65.0,0.1374,141.0
2019-10,34761,"ocoee, fl",0.7453,88,45.0,0.1356,138.0
2019-10,32810,"orlando, fl",1.0947,42,49.0,0.155,140.0
2019-10,32801,"orlando, fl",0.2811,28,77.0,0.175,262.0
2019-10,32808,"orlando, fl",0.7778,86,38.0,0.1585,122.0
2019-10,32807,"orlando, fl",1.0392,32,33.0,0.2509,162.0
2019-10,32803,"orlando, fl",0.3942,40,71.0,0.3527,245.0
2019-10,32804,"orlando, fl",0.4163,38,67.0,0.3176,225.0
2019-10,32817,"orlando, fl",0.9451,38,52.0,0.2551,157.0
2019-09,32806,"orlando, fl",0.5524,42,55.0,0.2531,203.0
2019-09,32703,"apopka, fl",0.8383,74,52.0,0.2001,144.0
2019-09,32810,"orlando, fl",1.0865,34,52.0,0.1684,139.0
2019-09,32817,"orlando, fl",0.9053,46,47.0,0.2052,160.0
2019-09,32804,"orlando, fl",0.4549,36,71.0,0.3141,225.0
2019-09,34761,"ocoee, fl",0.7663,88,47.0,0.1567,139.0
2019-09,34786,"windermere, fl",0.3618,136,82.0,0.1551,218.0
2019-09,32826,"orlando, fl",1.1356,28,51.0,0.1312,154.0
2019-09,32819,"orlando, fl",0.4345,58,75.0,0.1943,188.0
2019-09,32827,"orlando, fl",0.346,40,75.0,0.1681,192.0
2019-09,32828,"orlando, fl",0.7441,118,61.0,0.1651,141.0
2019-09,32712,"apopka, fl",0.5775,82,61.0,0.2872,134.0
2019-09,32801,"orlando, fl",0.3122,24,71.0,0.1882,264.0
2019-09,32803,"orlando, fl",0.4239,44,67.0,0.3687,247.0
2019-09,32832,"orlando, fl",0.5326,56,58.0,0.2079,162.0
2019-09,32835,"orlando, fl",0.5394,100,56.0,0.1188,147.0
2019-09,32807,"orlando, fl",1.1327,30,32.0,0.2327,161.0
2019-09,32808,"orlando, fl",0.8193,96,43.0,0.1404,120.0
2019-09,32805,"orlando, fl",0.6081,28,55.0,0.0914,140.0
2019-09,34787,"winter garden, fl",0.5686,204,61.0,0.2147,165.0
2019-08,32817,"orlando, fl",0.9,56,41.0,0.1854,164.0
2019-08,32801,"orlando, fl",0.3478,24,61.0,0.2045,268.0
2019-08,32803,"orlando, fl",0.4524,52,57.0,0.3404,248.0
2019-08,32806,"orlando, fl",0.6311,60,50.0,0.2115,201.0
2019-08,32819,"orlando, fl",0.4571,68,75.0,0.2086,189.0
2019-08,32804,"orlando, fl",0.4729,40,72.0,0.3013,224.0
2019-08,32832,"orlando, fl",0.5915,56,58.0,0.2686,162.0
2019-08,32835,"orlando, fl",0.5854,104,52.0,0.1421,147.0
2019-08,32810,"orlando, fl",1.0,24,47.0,0.1633,135.0
2019-08,32827,"orlando, fl",0.4059,40,72.0,0.2,193.0
2019-08,34761,"ocoee, fl",0.8031,80,49.0,0.1942,141.0
2019-08,32808,"orlando, fl",0.9018,104,54.0,0.1262,117.0
2019-08,34787,"winter garden, fl",0.6268,208,55.0,0.2105,164.0
2019-08,32807,"orlando, fl",1.381,20,36.0,0.2,157.0
2019-08,32805,"orlando, fl",0.7222,28,57.0,0.1333,139.0
2019-08,32703,"apopka, fl",0.843,92,50.0,0.1397,142.0
2019-08,32826,"orlando, fl",1.1515,24,44.0,0.1277,149.0
2019-08,34786,"windermere, fl",0.3851,108,73.0,0.1837,214.0
2019-08,32712,"apopka, fl",0.6517,96,56.0,0.266,133.0
2019-08,32828,"orlando, fl",0.7415,132,54.0,0.1881,142.0
2019-07,32808,"orlando, fl",0.95,76,62.0,0.1179,116.0
2019-07,32703,"apopka, fl",0.9221,80,51.0,0.1205,141.0
2019-07,32805,"orlando, fl",0.7606,14,81.0,0.2586,134.0
2019-07,32804,"orlando, fl",0.4906,50,72.0,0.2637,227.0
2019-07,32826,"orlando, fl",1.1268,28,35.0,0.0962,146.0
2019-07,34786,"windermere, fl",0.4093,98,68.0,0.1836,212.0
2019-07,32828,"orlando, fl",0.8173,126,50.0,0.2126,141.0
2019-07,32803,"orlando, fl",0.4859,50,50.0,0.2905,249.0
2019-07,32806,"orlando, fl",0.5413,50,47.0,0.2252,197.0
2019-07,34787,"winter garden, fl",0.6814,212,53.0,0.1925,165.0
2019-07,32817,"orlando, fl",1.2326,38,43.0,0.1498,162.0
2019-07,32819,"orlando, fl",0.4814,70,73.0,0.1557,189.0
2019-07,32835,"orlando, fl",0.6844,84,52.0,0.1678,146.0
2019-07,32827,"orlando, fl",0.3814,66,63.0,0.1505,193.0
2019-07,32801,"orlando, fl",0.3333,48,60.0,0.1577,271.0
2019-07,32712,"apopka, fl",0.6862,98,51.0,0.2305,133.0
2019-07,32807,"orlando, fl",1.1183,26,44.0,0.1685,158.0
2019-07,34761,"ocoee, fl",0.7683,74,48.0,0.2085,142.0
2019-07,32832,"orlando, fl",0.7138,56,54.0,0.1993,163.0
2019-07,32810,"orlando, fl",1.0229,52,43.0,0.1542,132.0
2019-06,32826,"orlando, fl",1.1579,36,36.0,0.0769,144.0
2019-06,34761,"ocoee, fl",0.75,84,47.0,0.1395,140.0
2019-06,32801,"orlando, fl",0.3248,48,77.0,0.254,263.0
2019-06,32819,"orlando, fl",0.5,68,68.0,0.1783,189.0
2019-06,32810,"orlando, fl",1.1667,56,44.0,0.129,131.0
2019-06,32804,"orlando, fl",0.3971,44,67.0,0.2698,228.0
2019-06,32805,"orlando, fl",0.7179,20,59.0,0.2581,122.0
2019-06,32827,"orlando, fl",0.3813,48,68.0,0.229,204.0
2019-06,34787,"winter garden, fl",0.6755,228,50.0,0.1533,164.0
2019-06,34786,"windermere, fl",0.4504,116,65.0,0.1852,210.0
2019-06,32712,"apopka, fl",0.7207,96,53.0,0.2177,134.0
2019-06,32807,"orlando, fl",1.3111,40,46.0,0.1088,155.0
2019-06,32808,"orlando, fl",0.9474,60,58.0,0.1123,116.0
2019-06,32817,"orlando, fl",1.4348,40,41.0,0.1143,163.0
2019-06,32828,"orlando, fl",0.7749,140,44.0,0.2259,141.0
2019-06,32803,"orlando, fl",0.5856,40,64.0,0.1897,247.0
2019-06,32835,"orlando, fl",0.723,76,52.0,0.1154,143.0
2019-06,32832,"orlando, fl",0.7319,80,49.0,0.1767,164.0
2019-06,32703,"apopka, fl",0.837,72,58.0,0.1605,141.0
2019-06,32806,"orlando, fl",0.6195,88,46.0,0.2735,197.0
2019-05,32803,"orlando, fl",0.6405,48,66.0,0.2337,246.0
2019-05,32810,"orlando, fl",1.359,48,50.0,0.107,129.0
2019-05,32801,"orlando, fl",0.2259,34,69.0,0.2145,266.0
2019-05,32804,"orlando, fl",0.4885,58,66.0,0.2206,228.0
2019-05,32805,"orlando, fl",0.75,24,43.0,0.1618,126.0
2019-05,32807,"orlando, fl",1.2584,44,51.0,0.1435,156.0
2019-05,32806,"orlando, fl",0.6195,54,52.0,0.2649,199.0
2019-05,32826,"orlando, fl",1.0,34,41.0,0.1316,145.0
2019-05,32835,"orlando, fl",0.6825,86,46.0,0.1457,141.0
2019-05,32712,"apopka, fl",0.7584,106,46.0,0.2067,134.0
2019-05,32817,"orlando, fl",1.0288,46,41.0,0.1579,157.0
2019-05,32828,"orlando, fl",0.7368,166,38.0,0.2351,141.0
2019-05,32832,"orlando, fl",1.2455,60,53.0,0.1491,164.0
2019-05,34786,"windermere, fl",0.4419,136,60.0,0.1868,213.0
2019-05,32819,"orlando, fl",0.6426,50,67.0,0.1574,189.0
2019-05,32827,"orlando, fl",0.4811,54,63.0,0.1549,206.0
2019-05,34787,"winter garden, fl",0.79,232,45.0,0.1665,163.0
2019-05,32808,"orlando, fl",1.0,78,41.0,0.1478,114.0
2019-05,34761,"ocoee, fl",0.9868,82,50.0,0.1309,138.0
2019-05,32703,"apopka, fl",0.9517,90,49.0,0.1441,141.0
2019-04,32832,"orlando, fl",1.0361,86,52.0,0.1237,165.0
2019-04,34786,"windermere, fl",0.4581,116,67.0,0.2137,218.0
2019-04,32817,"orlando, fl",1.2778,36,32.0,0.1439,158.0
2019-04,32804,"orlando, fl",0.5479,48,65.0,0.2955,227.0
2019-04,32806,"orlando, fl",0.6699,52,46.0,0.2208,201.0
2019-04,34761,"ocoee, fl",1.1343,68,53.0,0.1336,134.0
2019-04,32819,"orlando, fl",0.5099,72,61.0,0.1718,185.0
2019-04,32712,"apopka, fl",0.6229,120,57.0,0.1823,135.0
2019-04,32826,"orlando, fl",0.9452,24,42.0,0.1264,146.0
2019-04,32827,"orlando, fl",0.4478,52,65.0,0.1283,203.0
2019-04,32703,"apopka, fl",0.8694,78,53.0,0.1688,141.0
2019-04,32801,"orlando, fl",0.2455,34,61.0,0.2099,270.0
2019-04,34787,"winter garden, fl",0.7453,188,52.0,0.1549,161.0
2019-04,32803,"orlando, fl",0.5373,50,58.0,0.205,249.0
2019-04,32807,"orlando, fl",0.8911,34,45.0,0.1487,153.0
2019-04,32810,"orlando, fl",1.232,38,45.0,0.1324,131.0
2019-04,32808,"orlando, fl",1.0651,84,45.0,0.1183,116.0
2019-04,32828,"orlando, fl",0.7565,156,39.0,0.197,141.0
2019-04,32805,"orlando, fl",0.9242,28,50.0,0.1953,128.0
2019-04,32835,"orlando, fl",0.6879,80,44.0,0.1342,144.0
2019-03,32810,"orlando, fl",0.9706,44,40.0,0.1808,132.0
2019-03,32803,"orlando, fl",0.4085,64,59.0,0.2137,246.0
2019-03,32804,"orlando, fl",0.4818,44,74.0,0.2753,225.0
2019-03,32835,"orlando, fl",0.6194,76,45.0,0.1957,144.0
2019-03,32817,"orlando, fl",1.25,40,34.0,0.1081,158.0
2019-03,32806,"orlando, fl",0.6078,48,51.0,0.2642,201.0
2019-03,32807,"orlando, fl",0.8136,40,41.0,0.1879,154.0
2019-03,32808,"orlando, fl",0.9913,80,41.0,0.1165,115.0
2019-03,32819,"orlando, fl",0.4396,76,61.0,0.2149,186.0
2019-03,34786,"windermere, fl",0.4176,100,79.0,0.1873,219.0
2019-03,32826,"orlando, fl",0.8919,16,40.0,0.1,146.0
2019-03,32805,"orlando, fl",0.7368,24,46.0,0.2222,123.0
2019-03,34787,"winter garden, fl",0.7054,184,50.0,0.1422,158.0
2019-03,32801,"orlando, fl",0.2407,52,62.0,0.172,266.0
2019-03,34761,"ocoee, fl",0.9391,72,51.0,0.1486,136.0
2019-03,32828,"orlando, fl",0.6488,120,41.0,0.1659,140.0
2019-03,32703,"apopka, fl",0.7956,68,46.0,0.2038,139.0
2019-03,32712,"apopka, fl",0.6369,116,58.0,0.176,134.0
2019-03,32832,"orlando, fl",0.8947,76,49.0,0.1718,160.0
2019-03,32827,"orlando, fl",0.4295,40,85.0,0.1423,202.0
2019-02,34786,"windermere, fl",0.3826,118,91.0,0.1482,222.0
2019-02,32807,"orlando, fl",0.8095,38,39.0,0.2263,158.0
2019-02,32827,"orlando, fl",0.4239,28,102.0,0.1797,203.0
2019-02,32801,"orlando, fl",0.2827,48,77.0,0.1473,267.0
2019-02,32828,"orlando, fl",0.5362,100,42.0,0.1767,142.0
2019-02,32819,"orlando, fl",0.3994,90,68.0,0.2075,186.0
2019-02,32826,"orlando, fl",0.8873,16,47.0,0.1697,145.0
2019-02,32703,"apopka, fl",0.6242,86,38.0,0.2247,137.0
2019-02,32810,"orlando, fl",0.9077,46,48.0,0.1767,134.0
2019-02,32817,"orlando, fl",1.0099,36,32.0,0.1359,157.0
2019-02,32832,"orlando, fl",0.7114,66,43.0,0.1513,156.0
2019-02,32803,"orlando, fl",0.3405,70,68.0,0.2147,244.0
2019-02,34761,"ocoee, fl",0.7967,68,62.0,0.1596,137.0
2019-02,34787,"winter garden, fl",0.6894,184,55.0,0.1339,158.0
2019-02,32712,"apopka, fl",0.6208,68,61.0,0.2015,134.0
2019-02,32808,"orlando, fl",0.8504,72,39.0,0.1454,112.0
2019-02,32805,"orlando, fl",0.7342,20,52.0,0.165,124.0
2019-02,32835,"orlando, fl",0.6172,70,63.0,0.2091,143.0
2019-02,32806,"orlando, fl",0.5524,48,69.0,0.276,195.0
2019-02,32804,"orlando, fl",0.4028,44,89.0,0.2012,226.0
2019-01,32832,"orlando, fl",0.5629,78,54.0,0.1591,155.0
2019-01,32835,"orlando, fl",0.4533,78,59.0,0.1254,141.0
2019-01,32828,"orlando, fl",0.4321,126,59.0,0.282,140.0
2019-01,32806,"orlando, fl",0.3966,52,87.0,0.2023,191.0
2019-01,32803,"orlando, fl",0.3094,38,76.0,0.2549,244.0
2019-01,34786,"windermere, fl",0.2986,94,105.0,0.1493,212.0
2019-01,32826,"orlando, fl",0.6575,28,46.0,0.1858,143.0
2019-01,32703,"apopka, fl",0.521,76,71.0,0.2015,137.0
2019-01,34761,"ocoee, fl",0.8008,48,67.0,0.1946,136.0
2019-01,32817,"orlando, fl",0.7339,28,60.0,0.1375,157.0
2019-01,32827,"orlando, fl",0.2976,42,103.0,0.1569,201.0
2019-01,32805,"orlando, fl",0.5349,20,49.0,0.1415,117.0
2019-01,34787,"winter garden, fl",0.5335,160,62.0,0.1832,157.0
2019-01,32801,"orlando, fl",0.225,30,91.0,0.182,274.0
2019-01,32819,"orlando, fl",0.3933,50,80.0,0.1545,184.0
2019-01,32810,"orlando, fl",0.8871,42,59.0,0.1907,135.0
2019-01,32807,"orlando, fl",0.7407,38,61.0,0.1845,157.0
2019-01,32808,"orlando, fl",0.7809,74,65.0,0.1329,113.0
2019-01,32804,"orlando, fl",0.2639,50,93.0,0.2789,220.0
2019-01,32712,"apopka, fl",0.4882,86,60.0,0.2372,133.0
2018-12,32801,"orlando, fl",0.2245,24,78.0,0.1039,287.0
2018-12,32810,"orlando, fl",0.9254,28,54.0,0.1143,132.0
2018-12,34787,"winter garden, fl",0.5167,144,61.0,0.1087,160.0
2018-12,32806,"orlando, fl",0.439,32,78.0,0.2476,190.0
2018-12,32808,"orlando, fl",0.6923,28,71.0,0.139,115.0
2018-12,32835,"orlando, fl",0.4903,72,60.0,0.087,142.0
2018-12,32832,"orlando, fl",0.5496,44,47.0,0.1667,149.0
2018-12,32804,"orlando, fl",0.2587,32,85.0,0.1914,215.0
2018-12,32712,"apopka, fl",0.5131,56,53.0,0.1922,131.0
2018-12,32819,"orlando, fl",0.3467,48,65.0,0.15,185.0
2018-12,32807,"orlando, fl",0.8,20,43.0,0.1399,156.0
2018-12,32803,"orlando, fl",0.3358,44,66.0,0.1572,237.0
2018-12,32805,"orlando, fl",0.5,28,38.0,0.1633,119.0
2018-12,34786,"windermere, fl",0.2807,72,99.0,0.1277,217.0
2018-12,34761,"ocoee, fl",0.6439,48,52.0,0.1891,136.0
2018-12,32826,"orlando, fl",0.3659,20,37.0,0.1579,146.0
2018-12,32817,"orlando, fl",0.7458,28,59.0,0.186,155.0
2018-12,32827,"orlando, fl",0.2632,28,92.0,0.1191,200.0
2018-12,32828,"orlando, fl",0.5057,52,60.0,0.2197,139.0
2018-12,32703,"apopka, fl",0.6466,56,66.0,0.1384,136.0
2018-11,32807,"orlando, fl",0.6721,42,37.0,0.194,154.0
2018-11,32804,"orlando, fl",0.2815,38,67.0,0.2249,222.0
2018-11,32810,"orlando, fl",0.7725,48,53.0,0.209,130.0
2018-11,32827,"orlando, fl",0.2443,38,82.0,0.1479,201.0
2018-11,34787,"winter garden, fl",0.5613,112,59.0,0.1681,160.0
2018-11,32801,"orlando, fl",0.1724,18,57.0,0.2989,274.0
2018-11,32703,"apopka, fl",0.568,62,52.0,0.2837,136.0
2018-11,32832,"orlando, fl",0.7851,72,48.0,0.1142,149.0
2018-11,34761,"ocoee, fl",0.6475,78,36.0,0.1657,137.0
2018-11,32828,"orlando, fl",0.5399,78,52.0,0.3302,137.0
2018-11,32835,"orlando, fl",0.6183,78,56.0,0.1342,141.0
2018-11,32803,"orlando, fl",0.2698,40,60.0,0.2566,232.0
2018-11,32826,"orlando, fl",0.9474,18,35.0,0.1601,145.0
2018-11,32806,"orlando, fl",0.5318,60,63.0,0.2182,190.0
2018-11,32817,"orlando, fl",0.68,30,57.0,0.1723,151.0
2018-11,32805,"orlando, fl",0.7,16,42.0,0.1486,104.0
2018-11,32819,"orlando, fl",0.348,68,57.0,0.2121,177.0
2018-11,34786,"windermere, fl",0.2792,72,96.0,0.1741,207.0
2018-11,32808,"orlando, fl",0.681,66,55.0,0.207,116.0
2018-11,32712,"apopka, fl",0.5345,84,54.0,0.2382,127.0
2018-10,32835,"orlando, fl",0.5892,90,44.0,0.1506,139.0
2018-10,34787,"winter garden, fl",0.6022,152,60.0,0.2467,158.0
2018-10,32827,"orlando, fl",0.2651,46,79.0,0.2293,198.0
2018-10,32832,"orlando, fl",0.7787,50,47.0,0.2464,151.0
2018-10,32807,"orlando, fl",0.9018,48,46.0,0.2143,152.0
2018-10,32712,"apopka, fl",0.5601,82,51.0,0.3448,128.0
2018-10,32806,"orlando, fl",0.4444,40,69.0,0.399,193.0
2018-10,32828,"orlando, fl",0.5914,90,49.0,0.3627,138.0
2018-10,32801,"orlando, fl",0.2944,38,44.0,0.2062,279.0
2018-10,32808,"orlando, fl",0.69,76,39.0,0.2897,116.0
2018-10,34786,"windermere, fl",0.2796,104,88.0,0.2663,208.0
2018-10,32817,"orlando, fl",0.6241,30,39.0,0.316,151.0
2018-10,32805,"orlando, fl",0.5263,26,40.0,0.2124,106.0
2018-10,34761,"ocoee, fl",0.8109,88,39.0,0.2303,137.0
2018-10,32803,"orlando, fl",0.3538,46,62.0,0.3819,227.0
2018-10,32810,"orlando, fl",0.7055,40,43.0,0.272,132.0
2018-10,32819,"orlando, fl",0.4218,80,51.0,0.2,175.0
2018-10,32826,"orlando, fl",0.7778,26,42.0,0.2792,142.0
2018-10,32804,"orlando, fl",0.3531,48,60.0,0.2961,223.0
2018-10,32703,"apopka, fl",0.6722,66,42.0,0.2511,135.0
2018-09,32826,"orlando, fl",1.1379,16,41.0,0.3836,142.0
2018-09,32712,"apopka, fl",0.7401,84,51.0,0.3969,129.0
2018-09,32828,"orlando, fl",0.7314,92,48.0,0.4043,138.0
2018-09,32832,"orlando, fl",0.7025,52,53.0,0.318,151.0
2018-09,32819,"orlando, fl",0.5146,76,66.0,0.3012,174.0
2018-09,32810,"orlando, fl",0.8974,52,44.0,0.25,131.0
2018-09,32817,"orlando, fl",0.746,44,35.0,0.3741,151.0
2018-09,32835,"orlando, fl",0.7483,92,47.0,0.2606,141.0
2018-09,32806,"orlando, fl",0.4577,60,58.0,0.4509,198.0
2018-09,32807,"orlando, fl",0.7937,32,46.0,0.3562,160.0
2018-09,32801,"orlando, fl",0.3444,40,59.0,0.2821,270.0
2018-09,32808,"orlando, fl",0.8083,84,45.0,0.1954,114.0
2018-09,34787,"winter garden, fl",0.6416,128,58.0,0.2799,157.0
2018-09,32703,"apopka, fl",0.6812,96,42.0,0.2561,133.0
2018-09,34761,"ocoee, fl",0.8929,56,46.0,0.2907,129.0
2018-09,34786,"windermere, fl",0.3064,92,84.0,0.3267,210.0
2018-09,32827,"orlando, fl",0.3503,40,75.0,0.2615,197.0
2018-09,32804,"orlando, fl",0.2971,52,62.0,0.3478,227.0
2018-09,32805,"orlando, fl",0.6471,28,32.0,0.2564,107.0
2018-09,32803,"orlando, fl",0.4167,44,65.0,0.3983,223.0
2018-08,32806,"orlando, fl",0.5789,58,59.0,0.2938,198.0
2018-08,32807,"orlando, fl",0.85,52,38.0,0.2627,156.0
2018-08,34761,"ocoee, fl",0.8723,70,44.0,0.2816,129.0
2018-08,32835,"orlando, fl",0.7188,76,54.0,0.2174,143.0
2018-08,32819,"orlando, fl",0.4084,60,81.0,0.2544,173.0
2018-08,32805,"orlando, fl",1.0385,22,43.0,0.2669,116.0
2018-08,34786,"windermere, fl",0.2908,98,75.0,0.2768,211.0
2018-08,32801,"orlando, fl",0.4881,30,72.0,0.2624,267.0
2018-08,32804,"orlando, fl",0.3182,46,57.0,0.369,222.0
2018-08,32832,"orlando, fl",0.8664,44,47.0,0.2511,150.0
2018-08,32803,"orlando, fl",0.4016,44,62.0,0.371,232.0
2018-08,32808,"orlando, fl",0.9009,60,48.0,0.2339,113.0
2018-08,32817,"orlando, fl",0.9524,42,39.0,0.3093,152.0
2018-08,32826,"orlando, fl",1.2222,36,31.0,0.3566,142.0
2018-08,32828,"orlando, fl",0.7294,122,37.0,0.3614,139.0
2018-08,32712,"apopka, fl",0.7784,104,40.0,0.2672,129.0
2018-08,32827,"orlando, fl",0.3866,40,71.0,0.3298,198.0
2018-08,32810,"orlando, fl",0.725,48,42.0,0.2479,132.0
2018-08,34787,"winter garden, fl",0.8155,168,57.0,0.2511,160.0
2018-08,32703,"apopka, fl",0.6339,96,43.0,0.3267,135.0
2018-07,32817,"orlando, fl",1.1837,40,35.0,0.3677,151.0
2018-07,32827,"orlando, fl",0.4019,48,60.0,0.2205,197.0
2018-07,32807,"orlando, fl",0.9381,56,44.0,0.2519,154.0
2018-07,32835,"orlando, fl",0.7102,76,56.0,0.2692,144.0
2018-07,32803,"orlando, fl",0.4163,56,65.0,0.3752,240.0
2018-07,32832,"orlando, fl",0.8577,86,55.0,0.2565,150.0
2018-07,32805,"orlando, fl",1.4419,14,44.0,0.3754,116.0
2018-07,32801,"orlando, fl",0.4241,24,72.0,0.2685,257.0
2018-07,32804,"orlando, fl",0.4423,52,53.0,0.3249,227.0
2018-07,32808,"orlando, fl",1.0372,74,49.0,0.2254,110.0
2018-07,34761,"ocoee, fl",1.1704,88,35.0,0.2622,130.0
2018-07,34787,"winter garden, fl",0.865,164,51.0,0.2823,159.0
2018-07,32826,"orlando, fl",1.5333,34,41.0,0.3246,137.0
2018-07,32703,"apopka, fl",0.88,70,44.0,0.3123,134.0
2018-07,32828,"orlando, fl",0.8309,124,37.0,0.3448,138.0
2018-07,34786,"windermere, fl",0.3261,136,69.0,0.2994,210.0
2018-07,32810,"orlando, fl",0.7469,50,42.0,0.2756,132.0
2018-07,32819,"orlando, fl",0.4527,64,73.0,0.3135,174.0
2018-07,32806,"orlando, fl",0.5529,68,58.0,0.3833,193.0
2018-07,32712,"apopka, fl",0.819,124,43.0,0.2993,128.0
2018-06,34761,"ocoee, fl",1.38,68,38.0,0.2347,133.0
2018-06,34787,"winter garden, fl",0.9049,140,46.0,0.223,155.0
2018-06,32817,"orlando, fl",0.9649,36,33.0,0.2487,155.0
2018-06,32712,"apopka, fl",0.98,100,40.0,0.2472,128.0
2018-06,32819,"orlando, fl",0.4793,60,67.0,0.32,176.0
2018-06,32826,"orlando, fl",1.2432,36,37.0,0.2336,138.0
2018-06,32807,"orlando, fl",1.4048,32,45.0,0.237,152.0
2018-06,34786,"windermere, fl",0.3723,108,61.0,0.2911,211.0
2018-06,32827,"orlando, fl",0.4295,48,55.0,0.272,194.0
2018-06,32804,"orlando, fl",0.7429,48,51.0,0.3826,224.0
2018-06,32806,"orlando, fl",0.6667,60,60.0,0.304,193.0
2018-06,32828,"orlando, fl",1.038,120,32.0,0.316,139.0
2018-06,32810,"orlando, fl",0.9028,40,58.0,0.2991,131.0
2018-06,32801,"orlando, fl",0.4057,28,65.0,0.3111,254.0
2018-06,32808,"orlando, fl",1.0761,60,45.0,0.2016,108.0
2018-06,32803,"orlando, fl",0.4872,32,61.0,0.3547,235.0
2018-06,32832,"orlando, fl",0.9915,48,60.0,0.242,150.0
2018-06,32805,"orlando, fl",1.3333,20,46.0,0.1739,114.0
2018-06,32703,"apopka, fl",1.2903,80,50.0,0.1848,135.0
2018-06,32835,"orlando, fl",0.8102,60,59.0,0.271,143.0
2018-05,34761,"ocoee, fl",1.342,72,38.0,0.2151,128.0
2018-05,32832,"orlando, fl",0.9593,58,59.0,0.2312,150.0
2018-05,32804,"orlando, fl",0.6581,60,47.0,0.3199,227.0
2018-05,32808,"orlando, fl",1.089,74,39.0,0.2545,108.0
2018-05,34786,"windermere, fl",0.5034,136,63.0,0.272,214.0
2018-05,32703,"apopka, fl",1.3436,68,36.0,0.2664,136.0
2018-05,32803,"orlando, fl",0.5983,64,55.0,0.3121,233.0
2018-05,34787,"winter garden, fl",0.8077,194,48.0,0.241,152.0
2018-05,32807,"orlando, fl",1.4865,38,51.0,0.1313,152.0
2018-05,32819,"orlando, fl",0.5946,66,68.0,0.3031,180.0
2018-05,32801,"orlando, fl",0.4417,42,58.0,0.2912,256.0
2018-05,32712,"apopka, fl",1.0267,104,47.0,0.2619,129.0
2018-05,32828,"orlando, fl",1.3008,120,31.0,0.3027,140.0
2018-05,32805,"orlando, fl",0.9216,18,48.0,0.2381,116.0
2018-05,32827,"orlando, fl",0.5363,54,60.0,0.2101,189.0
2018-05,32806,"orlando, fl",0.5992,56,48.0,0.3331,194.0
2018-05,32810,"orlando, fl",0.9225,46,56.0,0.2439,132.0
2018-05,32835,"orlando, fl",0.7023,94,48.0,0.2425,141.0
2018-05,32817,"orlando, fl",1.4286,60,29.0,0.1981,158.0
2018-05,32826,"orlando, fl",1.7049,36,23.0,0.1486,139.0
2018-04,32832,"orlando, fl",0.8839,60,53.0,0.1882,149.0
2018-04,32810,"orlando, fl",1.0,36,45.0,0.1865,127.0
2018-04,32835,"orlando, fl",0.6032,72,44.0,0.2319,138.0
2018-04,34761,"ocoee, fl",1.2892,64,41.0,0.2439,126.0
2018-04,32803,"orlando, fl",0.6726,60,48.0,0.266,232.0
2018-04,32806,"orlando, fl",0.6809,68,46.0,0.2654,192.0
2018-04,32826,"orlando, fl",1.5385,32,38.0,0.227,146.0
2018-04,32817,"orlando, fl",1.3333,30,48.0,0.2742,158.0
2018-04,32827,"orlando, fl",0.576,46,58.0,0.2982,187.0
2018-04,32807,"orlando, fl",1.4133,30,45.0,0.2524,148.0
2018-04,32804,"orlando, fl",0.4958,74,49.0,0.3634,223.0
2018-04,32805,"orlando, fl",0.7018,20,40.0,0.156,115.0
2018-04,34786,"windermere, fl",0.5054,132,64.0,0.2786,214.0
2018-04,32712,"apopka, fl",1.1495,100,49.0,0.2469,127.0
2018-04,32703,"apopka, fl",1.2696,84,36.0,0.1925,131.0
2018-04,34787,"winter garden, fl",0.7991,180,51.0,0.2322,151.0
2018-04,32819,"orlando, fl",0.565,66,69.0,0.3106,180.0
2018-04,32801,"orlando, fl",0.3777,34,66.0,0.17,259.0
2018-04,32828,"orlando, fl",1.3896,122,36.0,0.2485,137.0
2018-04,32808,"orlando, fl",1.1818,60,46.0,0.1845,106.0
2018-03,32806,"orlando, fl",0.6727,60,51.0,0.2599,190.0
2018-03,32828,"orlando, fl",1.25,100,37.0,0.2548,138.0
2018-03,32819,"orlando, fl",0.5497,64,65.0,0.2326,180.0
2018-03,32810,"orlando, fl",0.9848,48,45.0,0.1829,121.0
2018-03,34761,"ocoee, fl",1.1532,96,40.0,0.2,124.0
2018-03,32807,"orlando, fl",1.5882,40,34.0,0.2105,144.0
2018-03,32803,"orlando, fl",0.6422,60,48.0,0.2822,232.0
2018-03,32827,"orlando, fl",0.4863,52,57.0,0.2675,184.0
2018-03,32835,"orlando, fl",0.7794,100,43.0,0.2416,136.0
2018-03,32832,"orlando, fl",0.8244,68,50.0,0.2392,148.0
2018-03,32805,"orlando, fl",0.8929,16,64.0,0.274,104.0
2018-03,32801,"orlando, fl",0.2967,40,62.0,0.321,261.0
2018-03,32817,"orlando, fl",1.1739,36,42.0,0.2647,158.0
2018-03,32703,"apopka, fl",1.4943,80,41.0,0.2105,127.0
2018-03,32826,"orlando, fl",1.4444,16,46.0,0.2299,137.0
2018-03,34786,"windermere, fl",0.4305,124,65.0,0.28,201.0
2018-03,32804,"orlando, fl",0.6,52,51.0,0.3333,225.0
2018-03,32808,"orlando, fl",1.2222,56,40.0,0.1935,107.0
2018-03,34787,"winter garden, fl",0.7722,168,47.0,0.2023,151.0
2018-03,32712,"apopka, fl",0.9167,80,47.0,0.2882,125.0
2018-02,32827,"orlando, fl",0.4529,50,78.0,0.1917,189.0
2018-02,32805,"orlando, fl",0.7143,28,52.0,0.2059,106.0
2018-02,34761,"ocoee, fl",0.8511,64,58.0,0.21,124.0
2018-02,32712,"apopka, fl",0.9082,76,66.0,0.233,123.0
2018-02,32810,"orlando, fl",0.8425,64,39.0,0.2132,119.0
2018-02,32804,"orlando, fl",0.4907,56,58.0,0.2519,224.0
2018-02,32817,"orlando, fl",1.0722,46,41.0,0.1848,152.0
2018-02,34787,"winter garden, fl",0.6567,134,51.0,0.2044,150.0
2018-02,32806,"orlando, fl",0.6714,54,73.0,0.3253,182.0
2018-02,32807,"orlando, fl",1.4267,30,46.0,0.1619,151.0
2018-02,32835,"orlando, fl",0.7393,80,44.0,0.2105,135.0
2018-02,32808,"orlando, fl",1.2754,62,50.0,0.234,105.0
2018-02,32801,"orlando, fl",0.3563,34,74.0,0.2734,255.0
2018-02,32828,"orlando, fl",0.9156,100,29.0,0.2452,135.0
2018-02,32803,"orlando, fl",0.6599,50,50.0,0.2863,230.0
2018-02,32832,"orlando, fl",0.6605,64,38.0,0.1889,148.0
2018-02,32819,"orlando, fl",0.5172,92,70.0,0.2731,178.0
2018-02,32703,"apopka, fl",0.9671,74,60.0,0.2036,128.0
2018-02,32826,"orlando, fl",1.1061,32,48.0,0.2021,136.0
2018-02,34786,"windermere, fl",0.4047,130,92.0,0.2153,199.0
2018-01,32817,"orlando, fl",0.9457,28,67.0,0.274,151.0
2018-01,32810,"orlando, fl",0.7069,34,60.0,0.2639,120.0
2018-01,32828,"orlando, fl",0.9082,72,45.0,0.1846,135.0
2018-01,32703,"apopka, fl",0.8326,50,66.0,0.2104,129.0
2018-01,32806,"orlando, fl",0.518,52,65.0,0.2486,186.0
2018-01,34761,"ocoee, fl",0.7437,68,70.0,0.2764,123.0
2018-01,32801,"orlando, fl",0.3277,30,77.0,0.2323,263.0
2018-01,32805,"orlando, fl",0.5417,16,46.0,0.1981,116.0
2018-01,32712,"apopka, fl",0.687,70,65.0,0.2224,123.0
2018-01,32827,"orlando, fl",0.3507,42,91.0,0.1599,192.0
2018-01,32807,"orlando, fl",1.1714,30,55.0,0.1906,145.0
2018-01,32808,"orlando, fl",1.2249,60,50.0,0.2357,100.0
2018-01,34786,"windermere, fl",0.3252,82,98.0,0.2302,201.0
2018-01,34787,"winter garden, fl",0.5377,174,70.0,0.1795,151.0
2018-01,32803,"orlando, fl",0.5803,38,67.0,0.3102,217.0
2018-01,32832,"orlando, fl",0.6234,48,63.0,0.1535,148.0
2018-01,32819,"orlando, fl",0.468,66,87.0,0.1661,180.0
2018-01,32826,"orlando, fl",0.7647,22,71.0,0.2305,134.0
2018-01,32835,"orlando, fl",0.5066,72,65.0,0.2178,132.0
2018-01,32804,"orlando, fl",0.5167,48,85.0,0.2193,219.0
2017-12,32827,"orlando, fl",0.3165,12,101.0,0.2051,188.0
2017-12,32703,"apopka, fl",0.825,44,75.0,0.283,128.0
2017-12,32803,"orlando, fl",0.5888,24,65.0,0.2484,208.0
2017-12,32808,"orlando, fl",1.0833,72,44.0,0.1588,99.0
2017-12,32819,"orlando, fl",0.4064,60,94.0,0.1881,179.0
2017-12,32805,"orlando, fl",0.6389,20,66.0,0.2105,112.0
2017-12,32807,"orlando, fl",1.2857,24,39.0,0.2828,147.0
2017-12,32806,"orlando, fl",0.5,44,64.0,0.2923,184.0
2017-12,32832,"orlando, fl",0.4667,36,61.0,0.201,146.0
2017-12,32810,"orlando, fl",0.7344,36,52.0,0.2857,122.0
2017-12,32828,"orlando, fl",0.9,56,46.0,0.2924,133.0
2017-12,34786,"windermere, fl",0.3211,64,96.0,0.2168,197.0
2017-12,34787,"winter garden, fl",0.5341,112,73.0,0.2009,151.0
2017-12,32826,"orlando, fl",0.7838,12,67.0,0.3038,136.0
2017-12,32835,"orlando, fl",0.6194,48,69.0,0.2568,131.0
2017-12,32804,"orlando, fl",0.4615,24,86.0,0.2609,211.0
2017-12,32817,"orlando, fl",0.7736,28,63.0,0.3279,147.0
2017-12,32712,"apopka, fl",0.6056,64,57.0,0.2269,121.0
2017-12,32801,"orlando, fl",0.3889,16,65.0,0.3212,263.0
2017-12,34761,"ocoee, fl",0.7813,40,64.0,0.2078,121.0
2017-11,32828,"orlando, fl",1.2093,66,76.0,0.3072,131.0
2017-11,32804,"orlando, fl",0.3583,26,88.0,0.3035,207.0
2017-11,32819,"orlando, fl",0.3125,58,91.0,0.2531,177.0
2017-11,32807,"orlando, fl",1.5733,36,36.0,0.1981,139.0
2017-11,32803,"orlando, fl",0.5289,54,71.0,0.2839,206.0
2017-11,34761,"ocoee, fl",0.7013,48,52.0,0.2026,121.0
2017-11,32806,"orlando, fl",0.4776,68,58.0,0.3232,180.0
2017-11,32817,"orlando, fl",0.8455,32,57.0,0.2417,141.0
2017-11,32712,"apopka, fl",0.6658,78,52.0,0.2175,122.0
2017-11,32835,"orlando, fl",0.5477,80,71.0,0.2658,130.0
2017-11,32805,"orlando, fl",0.7097,8,67.0,0.2879,106.0
2017-11,32826,"orlando, fl",0.7674,26,48.0,0.2334,136.0
2017-11,32827,"orlando, fl",0.2593,30,93.0,0.3029,183.0
2017-11,34787,"winter garden, fl",0.5255,104,70.0,0.2695,148.0
2017-11,32810,"orlando, fl",0.959,40,43.0,0.2766,126.0
2017-11,32801,"orlando, fl",0.4457,24,52.0,0.2654,252.0
2017-11,32832,"orlando, fl",0.5362,44,60.0,0.2696,144.0
2017-11,34786,"windermere, fl",0.321,82,98.0,0.2277,196.0
2017-11,32703,"apopka, fl",0.7586,64,65.0,0.2084,127.0
2017-11,32808,"orlando, fl",0.9896,70,46.0,0.2339,96.0
2017-10,32801,"orlando, fl",0.3317,34,71.0,0.2411,261.0
2017-10,32803,"orlando, fl",0.4163,48,73.0,0.2583,212.0
2017-10,32807,"orlando, fl",1.6944,42,43.0,0.1822,142.0
2017-10,32827,"orlando, fl",0.3209,24,82.0,0.27,180.0
2017-10,34787,"winter garden, fl",0.5556,146,71.0,0.2312,147.0
2017-10,34761,"ocoee, fl",0.7257,84,62.0,0.2205,120.0
2017-10,32806,"orlando, fl",0.5257,60,71.0,0.2668,179.0
2017-10,32808,"orlando, fl",0.9055,62,63.0,0.1902,94.0
2017-10,32819,"orlando, fl",0.2973,48,94.0,0.2304,179.0
2017-10,32810,"orlando, fl",0.9492,44,51.0,0.1728,123.0
2017-10,32828,"orlando, fl",0.7659,62,68.0,0.3128,132.0
2017-10,32804,"orlando, fl",0.3858,34,80.0,0.3039,207.0
2017-10,32835,"orlando, fl",0.4795,72,78.0,0.2686,128.0
2017-10,32832,"orlando, fl",0.5018,38,67.0,0.2873,146.0
2017-10,32817,"orlando, fl",0.9009,32,60.0,0.325,139.0
2017-10,32805,"orlando, fl",0.6515,18,63.0,0.408,104.0
2017-10,34786,"windermere, fl",0.2872,100,96.0,0.2774,195.0
2017-10,32703,"apopka, fl",0.7143,56,71.0,0.2891,128.0
2017-10,32712,"apopka, fl",0.5166,88,67.0,0.2522,122.0
2017-10,32826,"orlando, fl",0.6701,28,52.0,0.1688,135.0
2017-09,32805,"orlando, fl",0.5,16,61.0,0.0988,99.0
2017-09,32832,"orlando, fl",0.507,40,65.0,0.2817,147.0
2017-09,32828,"orlando, fl",0.7166,48,49.0,0.2765,130.0
2017-09,32817,"orlando, fl",0.9216,16,45.0,0.1967,141.0
2017-09,32835,"orlando, fl",0.5311,64,66.0,0.2877,128.0
2017-09,34787,"winter garden, fl",0.6095,80,67.0,0.2478,148.0
2017-09,32826,"orlando, fl",0.8684,20,44.0,0.1739,137.0
2017-09,32827,"orlando, fl",0.2201,36,80.0,0.1875,180.0
2017-09,32804,"orlando, fl",0.3958,44,74.0,0.2899,209.0
2017-09,32819,"orlando, fl",0.2719,56,86.0,0.2751,176.0
2017-09,32712,"apopka, fl",0.6871,48,66.0,0.2436,121.0
2017-09,32806,"orlando, fl",0.5385,24,61.0,0.318,182.0
2017-09,32803,"orlando, fl",0.479,36,65.0,0.3401,215.0
2017-09,32801,"orlando, fl",0.3462,16,81.0,0.2955,260.0
2017-09,32807,"orlando, fl",1.7568,40,40.0,0.2933,141.0
2017-09,34761,"ocoee, fl",0.8692,64,57.0,0.239,121.0
2017-09,32810,"orlando, fl",0.9825,28,50.0,0.1509,123.0
2017-09,32808,"orlando, fl",1.0109,48,43.0,0.2857,95.0
2017-09,32703,"apopka, fl",0.6908,48,53.0,0.2222,127.0
2017-09,34786,"windermere, fl",0.2863,112,88.0,0.2678,191.0
2017-08,32806,"orlando, fl",0.5587,62,52.0,0.3503,183.0
2017-08,32801,"orlando, fl",0.3963,40,71.0,0.2682,253.0
2017-08,32826,"orlando, fl",0.9211,38,32.0,0.3088,136.0
2017-08,32804,"orlando, fl",0.3673,62,73.0,0.387,211.0
2017-08,32835,"orlando, fl",0.5327,84,54.0,0.2546,130.0
2017-08,32832,"orlando, fl",0.5212,60,67.0,0.3113,146.0
2017-08,34761,"ocoee, fl",0.8491,68,52.0,0.2588,122.0
2017-08,32712,"apopka, fl",0.7582,68,56.0,0.3773,120.0
2017-08,34787,"winter garden, fl",0.6401,122,64.0,0.3093,147.0
2017-08,32805,"orlando, fl",0.5441,16,61.0,0.1935,98.0
2017-08,32817,"orlando, fl",0.9099,52,26.0,0.3254,145.0
2017-08,32703,"apopka, fl",0.787,64,44.0,0.2708,127.0
2017-08,34786,"windermere, fl",0.3015,112,83.0,0.3058,189.0
2017-08,32828,"orlando, fl",0.716,138,43.0,0.3005,130.0
2017-08,32807,"orlando, fl",1.7125,40,41.0,0.3927,138.0
2017-08,32819,"orlando, fl",0.322,74,80.0,0.2821,175.0
2017-08,32827,"orlando, fl",0.2877,42,76.0,0.2699,178.0
2017-08,32810,"orlando, fl",1.1532,50,32.0,0.1982,124.0
2017-08,32808,"orlando, fl",1.2841,72,35.0,0.1986,95.0
2017-08,32803,"orlando, fl",0.5443,56,54.0,0.3267,213.0
2017-07,32817,"orlando, fl",1.25,44,43.0,0.2481,139.0
2017-07,32807,"orlando, fl",1.8718,52,30.0,0.1778,142.0
2017-07,34787,"winter garden, fl",0.63,176,64.0,0.271,146.0
2017-07,32826,"orlando, fl",1.4667,28,39.0,0.2667,132.0
2017-07,32835,"orlando, fl",0.5023,108,51.0,0.287,130.0
2017-07,32819,"orlando, fl",0.3264,64,78.0,0.3084,176.0
2017-07,32804,"orlando, fl",0.4,40,74.0,0.3763,207.0
2017-07,32803,"orlando, fl",0.6087,48,57.0,0.2517,216.0
2017-07,32806,"orlando, fl",0.5586,56,58.0,0.361,184.0
2017-07,34761,"ocoee, fl",0.9781,80,46.0,0.2051,124.0
2017-07,32827,"orlando, fl",0.3161,48,63.0,0.2857,178.0
2017-07,34786,"windermere, fl",0.2905,132,75.0,0.2956,188.0
2017-07,32808,"orlando, fl",1.1685,68,52.0,0.1959,90.0
2017-07,32801,"orlando, fl",0.4818,32,64.0,0.3317,255.0
2017-07,32810,"orlando, fl",1.0577,44,36.0,0.2921,118.0
2017-07,32712,"apopka, fl",0.779,92,51.0,0.2755,122.0
2017-07,32828,"orlando, fl",0.8677,148,44.0,0.328,130.0
2017-07,32805,"orlando, fl",0.6563,24,40.0,0.2025,103.0
2017-07,32832,"orlando, fl",0.529,60,68.0,0.3055,146.0
2017-07,32703,"apopka, fl",1.0811,88,50.0,0.2117,127.0
2017-06,32819,"orlando, fl",0.4875,72,73.0,0.231,173.0
2017-06,32832,"orlando, fl",0.5275,62,62.0,0.2764,150.0
2017-06,32805,"orlando, fl",0.9375,18,60.0,0.2178,100.0
2017-06,34787,"winter garden, fl",0.7195,184,52.0,0.2464,146.0
2017-06,32712,"apopka, fl",0.8299,94,49.0,0.2391,123.0
2017-06,32826,"orlando, fl",1.4928,30,30.0,0.2617,135.0
2017-06,32827,"orlando, fl",0.3168,44,69.0,0.2789,180.0
2017-06,32703,"apopka, fl",1.0441,74,48.0,0.1785,122.0
2017-06,34761,"ocoee, fl",1.0824,86,46.0,0.2438,123.0
2017-06,34786,"windermere, fl",0.3361,114,79.0,0.2833,189.0
2017-06,32828,"orlando, fl",0.86,124,40.0,0.3112,129.0
2017-06,32808,"orlando, fl",1.6735,48,48.0,0.2686,91.0
2017-06,32801,"orlando, fl",0.481,42,73.0,0.2575,256.0
2017-06,32807,"orlando, fl",1.8235,52,25.0,0.1449,139.0
2017-06,32804,"orlando, fl",0.5051,50,61.0,0.3011,208.0
2017-06,32835,"orlando, fl",0.6171,92,50.0,0.2517,125.0
2017-06,32810,"orlando, fl",1.9286,36,39.0,0.2896,119.0
2017-06,32803,"orlando, fl",0.5646,52,59.0,0.2967,214.0
2017-06,32806,"orlando, fl",0.6964,64,61.0,0.3646,185.0
2017-06,32817,"orlando, fl",1.4607,32,44.0,0.3072,138.0
2017-05,32806,"orlando, fl",0.6348,58,59.0,0.3535,184.0
2017-05,32803,"orlando, fl",0.6553,42,55.0,0.3298,215.0
2017-05,32819,"orlando, fl",0.4383,78,63.0,0.3,173.0
2017-05,32810,"orlando, fl",1.5208,42,51.0,0.1842,119.0
2017-05,32808,"orlando, fl",1.4793,68,43.0,0.1975,90.0
2017-05,32828,"orlando, fl",1.1688,142,35.0,0.2427,128.0
2017-05,32807,"orlando, fl",2.7959,40,26.0,0.1657,141.0
2017-05,32801,"orlando, fl",0.3358,38,79.0,0.292,258.0
2017-05,32703,"apopka, fl",1.1168,82,45.0,0.1956,121.0
2017-05,34761,"ocoee, fl",1.1073,84,38.0,0.1982,125.0
2017-05,34787,"winter garden, fl",0.6703,204,57.0,0.2438,145.0
2017-05,32804,"orlando, fl",0.5276,62,58.0,0.293,211.0
2017-05,34786,"windermere, fl",0.3333,124,76.0,0.2566,187.0
2017-05,32712,"apopka, fl",0.9624,100,45.0,0.3127,121.0
2017-05,32817,"orlando, fl",1.6296,44,45.0,0.23,137.0
2017-05,32827,"orlando, fl",0.4422,48,73.0,0.2421,185.0
2017-05,32832,"orlando, fl",0.5847,68,45.0,0.2965,149.0
2017-05,32826,"orlando, fl",1.6667,42,43.0,0.1993,127.0
2017-05,32835,"orlando, fl",0.6599,92,57.0,0.2305,125.0
2017-05,32805,"orlando, fl",1.0,12,42.0,0.1926,93.0
2017-04,32805,"orlando, fl",1.0,16,44.0,0.1579,89.0
2017-04,34761,"ocoee, fl",0.9412,88,43.0,0.2331,122.0
2017-04,32827,"orlando, fl",0.4276,48,71.0,0.1962,186.0
2017-04,32806,"orlando, fl",0.6818,68,53.0,0.2576,181.0
2017-04,32832,"orlando, fl",0.5972,64,49.0,0.223,145.0
2017-04,34787,"winter garden, fl",0.5841,164,52.0,0.2488,145.0
2017-04,32801,"orlando, fl",0.2431,32,80.0,0.3105,258.0
2017-04,32703,"apopka, fl",1.2475,76,50.0,0.255,120.0
2017-04,32819,"orlando, fl",0.4217,80,65.0,0.2245,174.0
2017-04,32808,"orlando, fl",1.1633,76,52.0,0.1979,85.0
2017-04,32817,"orlando, fl",1.4884,40,43.0,0.2635,135.0
2017-04,32803,"orlando, fl",0.73,64,45.0,0.2951,215.0
2017-04,32712,"apopka, fl",0.8101,76,50.0,0.2817,120.0
2017-04,32828,"orlando, fl",1.3435,144,33.0,0.2298,128.0
2017-04,32807,"orlando, fl",1.9677,40,33.0,0.1322,135.0
2017-04,32826,"orlando, fl",1.5625,36,38.0,0.1961,128.0
2017-04,32810,"orlando, fl",1.2909,44,41.0,0.2353,118.0
2017-04,32835,"orlando, fl",0.5659,96,59.0,0.2222,123.0
2017-04,34786,"windermere, fl",0.3192,128,71.0,0.2642,184.0
2017-04,32804,"orlando, fl",0.4895,64,56.0,0.2759,204.0
2017-03,32805,"orlando, fl",0.6552,20,62.0,0.2208,81.0
2017-03,32806,"orlando, fl",0.676,70,54.0,0.3245,180.0
2017-03,32703,"apopka, fl",0.8627,84,40.0,0.2133,121.0
2017-03,32826,"orlando, fl",1.1781,34,36.0,0.199,131.0
2017-03,32801,"orlando, fl",0.2832,30,88.0,0.2211,262.0
2017-03,32827,"orlando, fl",0.367,44,76.0,0.2024,184.0
2017-03,32835,"orlando, fl",0.6256,96,58.0,0.2391,123.0
2017-03,34761,"ocoee, fl",1.1442,58,40.0,0.2227,121.0
2017-03,32810,"orlando, fl",1.4054,44,41.0,0.2025,115.0
2017-03,32819,"orlando, fl",0.3455,82,67.0,0.2815,172.0
2017-03,32828,"orlando, fl",1.2451,108,45.0,0.2424,129.0
2017-03,34786,"windermere, fl",0.3162,120,77.0,0.2933,184.0
2017-03,32807,"orlando, fl",2.0,40,33.0,0.2518,129.0
2017-03,32803,"orlando, fl",0.7005,60,48.0,0.2595,217.0
2017-03,32832,"orlando, fl",0.6142,50,54.0,0.2333,145.0
2017-03,34787,"winter garden, fl",0.5136,220,52.0,0.2005,143.0
2017-03,32712,"apopka, fl",0.7896,84,45.0,0.2809,120.0
2017-03,32804,"orlando, fl",0.5547,60,52.0,0.2732,209.0
2017-03,32817,"orlando, fl",1.5854,42,46.0,0.1495,133.0
2017-03,32808,"orlando, fl",1.191,64,46.0,0.2195,85.0
2017-02,32832,"orlando, fl",0.5882,62,82.0,0.1495,142.0
2017-02,32801,"orlando, fl",0.3,36,89.0,0.2182,263.0
2017-02,32806,"orlando, fl",0.5438,60,56.0,0.2948,176.0
2017-02,34787,"winter garden, fl",0.5466,156,68.0,0.1871,142.0
2017-02,32827,"orlando, fl",0.2824,44,100.0,0.1856,185.0
2017-02,32804,"orlando, fl",0.4811,70,60.0,0.2408,208.0
2017-02,32807,"orlando, fl",1.8955,36,41.0,0.1428,123.0
2017-02,32828,"orlando, fl",1.2174,94,43.0,0.2339,129.0
2017-02,32803,"orlando, fl",0.5968,56,46.0,0.3014,218.0
2017-02,32712,"apopka, fl",0.8785,98,61.0,0.2202,117.0
2017-02,32817,"orlando, fl",1.1939,30,46.0,0.2331,136.0
2017-02,32810,"orlando, fl",1.1765,44,50.0,0.2432,110.0
2017-02,32835,"orlando, fl",0.6361,88,76.0,0.1765,124.0
2017-02,32805,"orlando, fl",0.7656,12,55.0,0.2039,76.0
2017-02,34786,"windermere, fl",0.3302,130,92.0,0.2293,181.0
2017-02,32808,"orlando, fl",1.0806,60,44.0,0.1865,84.0
2017-02,32826,"orlando, fl",1.1029,30,41.0,0.2905,127.0
2017-02,32819,"orlando, fl",0.3955,80,70.0,0.2202,170.0
2017-02,34761,"ocoee, fl",1.2873,68,56.0,0.1977,121.0
2017-02,32703,"apopka, fl",0.9167,54,41.0,0.1345,120.0
2017-01,32810,"orlando, fl",1.1639,44,48.0,0.2296,113.0
2017-01,32807,"orlando, fl",1.4521,34,47.0,0.1717,125.0
2017-01,32817,"orlando, fl",0.9505,38,67.0,0.2302,134.0
2017-01,32808,"orlando, fl",1.0519,76,39.0,0.1353,83.0
2017-01,32828,"orlando, fl",0.7415,78,63.0,0.2205,128.0
2017-01,34786,"windermere, fl",0.2937,120,107.0,0.1858,180.0
2017-01,34761,"ocoee, fl",0.9615,60,59.0,0.219,120.0
2017-01,32832,"orlando, fl",0.4545,36,82.0,0.1357,138.0
2017-01,32804,"orlando, fl",0.4184,46,83.0,0.2684,210.0
2017-01,32703,"apopka, fl",0.8611,58,44.0,0.1354,120.0
2017-01,32819,"orlando, fl",0.3665,62,86.0,0.2151,171.0
2017-01,32801,"orlando, fl",0.2857,42,96.0,0.2093,266.0
2017-01,34787,"winter garden, fl",0.5039,134,75.0,0.2126,137.0
2017-01,32805,"orlando, fl",0.8154,24,46.0,0.1119,75.0
2017-01,32806,"orlando, fl",0.5498,74,73.0,0.2665,167.0
2017-01,32803,"orlando, fl",0.4734,44,64.0,0.18,211.0
2017-01,32827,"orlando, fl",0.2699,36,98.0,0.2146,182.0
2017-01,32835,"orlando, fl",0.4875,92,79.0,0.1534,124.0
2017-01,32826,"orlando, fl",0.8507,22,68.0,0.1106,129.0
2017-01,32712,"apopka, fl",0.6611,68,72.0,0.1868,118.0
2016-12,34786,"windermere, fl",0.2475,64,104.0,0.1345,179.0
2016-12,32828,"orlando, fl",0.6943,60,59.0,0.1813,127.0
2016-12,32817,"orlando, fl",1.0,20,54.0,0.1538,130.0
2016-12,34787,"winter garden, fl",0.4988,128,75.0,0.1798,137.0
2016-12,32703,"apopka, fl",1.0217,44,51.0,0.1522,119.0
2016-12,32805,"orlando, fl",0.5135,24,41.0,0.0976,73.0
2016-12,32819,"orlando, fl",0.3842,44,87.0,0.1201,170.0
2016-12,32832,"orlando, fl",0.4889,24,80.0,0.1422,140.0
2016-12,32807,"orlando, fl",2.25,20,46.0,0.1185,125.0
2016-12,32810,"orlando, fl",1.2813,36,47.0,0.1311,112.0
2016-12,32835,"orlando, fl",0.4741,56,73.0,0.1535,124.0
2016-12,32826,"orlando, fl",0.8824,16,85.0,0.1429,125.0
2016-12,34761,"ocoee, fl",1.027,40,57.0,0.2066,119.0
2016-12,32808,"orlando, fl",1.4286,52,46.0,0.1429,85.0
2016-12,32712,"apopka, fl",0.6835,36,63.0,0.139,116.0
2016-12,32806,"orlando, fl",0.5748,28,65.0,0.2031,168.0
2016-12,32803,"orlando, fl",0.6829,32,69.0,0.2292,211.0
2016-12,32801,"orlando, fl",0.3022,32,80.0,0.1373,263.0
2016-12,32827,"orlando, fl",0.2603,24,89.0,0.1284,182.0
2016-12,32804,"orlando, fl",0.3571,28,82.0,0.1739,208.0
2016-11,34761,"ocoee, fl",0.935,62,55.0,0.1992,119.0
2016-11,32703,"apopka, fl",1.3405,50,60.0,0.1817,115.0
2016-11,32806,"orlando, fl",0.4915,48,61.0,0.2304,168.0
2016-11,34787,"winter garden, fl",0.5018,134,68.0,0.1893,136.0
2016-11,32819,"orlando, fl",0.3303,62,76.0,0.1878,169.0
2016-11,32808,"orlando, fl",1.3109,52,43.0,0.1349,86.0
2016-11,32712,"apopka, fl",0.6686,64,61.0,0.2108,115.0
2016-11,32828,"orlando, fl",0.7609,58,53.0,0.2084,124.0
2016-11,32832,"orlando, fl",0.5099,48,68.0,0.1326,143.0
2016-11,32807,"orlando, fl",1.8667,46,24.0,0.1383,119.0
2016-11,32801,"orlando, fl",0.3259,28,69.0,0.1652,261.0
2016-11,32835,"orlando, fl",0.3852,78,64.0,0.1265,124.0
2016-11,32810,"orlando, fl",1.2879,42,46.0,0.1662,117.0
2016-11,32817,"orlando, fl",0.8559,38,45.0,0.145,130.0
2016-11,32827,"orlando, fl",0.2785,32,73.0,0.1158,183.0
2016-11,32805,"orlando, fl",0.6714,14,58.0,0.2403,79.0
2016-11,32803,"orlando, fl",0.5023,40,66.0,0.2028,202.0
2016-11,32826,"orlando, fl",0.9036,18,87.0,0.1569,126.0
2016-11,32804,"orlando, fl",0.3459,38,78.0,0.1868,210.0
2016-11,34786,"windermere, fl",0.262,94,96.0,0.2123,180.0
2016-10,32803,"orlando, fl",0.4958,36,59.0,0.2286,210.0
2016-10,32817,"orlando, fl",1.0784,32,48.0,0.1151,126.0
2016-10,32801,"orlando, fl",0.306,32,74.0,0.1592,261.0
2016-10,34787,"winter garden, fl",0.446,108,59.0,0.241,135.0
2016-10,32703,"apopka, fl",1.1182,64,49.0,0.135,114.0
2016-10,32827,"orlando, fl",0.2986,28,79.0,0.1296,182.0
2016-10,32832,"orlando, fl",0.5541,48,68.0,0.1831,144.0
2016-10,32826,"orlando, fl",0.8125,16,62.0,0.177,130.0
2016-10,32810,"orlando, fl",1.4,40,61.0,0.1165,110.0
2016-10,32807,"orlando, fl",1.9714,28,79.0,0.0916,114.0
2016-10,34786,"windermere, fl",0.2524,104,87.0,0.1699,184.0
2016-10,32805,"orlando, fl",0.6389,24,46.0,0.1481,74.0
2016-10,34761,"ocoee, fl",0.9244,52,57.0,0.1655,119.0
2016-10,32819,"orlando, fl",0.308,56,73.0,0.2051,168.0
2016-10,32712,"apopka, fl",0.6067,80,57.0,0.1525,115.0
2016-10,32806,"orlando, fl",0.5753,60,64.0,0.2508,170.0
2016-10,32808,"orlando, fl",1.4167,68,55.0,0.0933,84.0
2016-10,32804,"orlando, fl",0.365,32,73.0,0.2055,206.0
2016-10,32835,"orlando, fl",0.4059,92,66.0,0.1783,124.0
2016-10,32828,"orlando, fl",0.8021,88,52.0,0.1682,123.0
2016-09,32827,"orlando, fl",0.3218,38,96.0,0.1562,184.0
2016-09,32835,"orlando, fl",0.5359,84,77.0,0.1317,127.0
2016-09,32826,"orlando, fl",0.7757,28,51.0,0.0938,125.0
2016-09,32703,"apopka, fl",1.0844,68,46.0,0.1701,112.0
2016-09,32801,"orlando, fl",0.355,34,77.0,0.152,264.0
2016-09,34761,"ocoee, fl",0.9646,60,51.0,0.2383,118.0
2016-09,32828,"orlando, fl",0.8682,104,44.0,0.1936,123.0
2016-09,32805,"orlando, fl",0.5873,26,48.0,0.1271,74.0
2016-09,32807,"orlando, fl",2.0933,36,59.0,0.1127,116.0
2016-09,32819,"orlando, fl",0.3402,78,91.0,0.2101,167.0
2016-09,34787,"winter garden, fl",0.4946,148,63.0,0.2412,134.0
2016-09,32808,"orlando, fl",1.3582,60,49.0,0.1398,77.0
2016-09,32810,"orlando, fl",1.2548,50,60.0,0.0806,104.0
2016-09,32804,"orlando, fl",0.3745,40,67.0,0.2699,208.0
2016-09,34786,"windermere, fl",0.2912,110,83.0,0.2024,185.0
2016-09,32806,"orlando, fl",0.585,46,61.0,0.2578,169.0
2016-09,32817,"orlando, fl",1.2604,32,62.0,0.196,126.0
2016-09,32712,"apopka, fl",0.8104,76,54.0,0.1389,116.0
2016-09,32832,"orlando, fl",0.5277,46,55.0,0.1608,145.0
2016-09,32803,"orlando, fl",0.6502,50,53.0,0.2537,212.0
2016-08,32804,"orlando, fl",0.3527,40,64.0,0.2906,209.0
2016-08,34761,"ocoee, fl",0.9961,70,50.0,0.1361,117.0
2016-08,32801,"orlando, fl",0.4962,34,73.0,0.1735,261.0
2016-08,32828,"orlando, fl",0.8333,96,38.0,0.2518,124.0
2016-08,32827,"orlando, fl",0.356,30,79.0,0.1911,185.0
2016-08,34787,"winter garden, fl",0.5799,132,64.0,0.1776,134.0
2016-08,34786,"windermere, fl",0.277,108,80.0,0.1982,184.0
2016-08,32807,"orlando, fl",1.7176,34,37.0,0.1072,114.0
2016-08,32810,"orlando, fl",1.2229,60,46.0,0.1479,101.0
2016-08,32805,"orlando, fl",0.6102,12,36.0,0.1504,83.0
2016-08,32826,"orlando, fl",0.6783,44,34.0,0.1765,123.0
2016-08,32703,"apopka, fl",1.0196,76,42.0,0.1761,112.0
2016-08,32835,"orlando, fl",0.5511,96,73.0,0.1628,119.0
2016-08,32808,"orlando, fl",1.397,70,51.0,0.1364,78.0
2016-08,32832,"orlando, fl",0.5521,82,56.0,0.1166,140.0
2016-08,32803,"orlando, fl",0.6957,66,52.0,0.2665,215.0
2016-08,32712,"apopka, fl",0.8534,68,59.0,0.1383,114.0
2016-08,32819,"orlando, fl",0.4376,68,90.0,0.186,170.0
2016-08,32817,"orlando, fl",1.5686,44,53.0,0.1647,127.0
2016-08,32806,"orlando, fl",0.6076,60,46.0,0.3045,172.0
2016-07,32807,"orlando, fl",1.8537,60,19.0,0.0844,116.0
2016-07,34761,"ocoee, fl",0.9663,78,46.0,0.1107,115.0
2016-07,32835,"orlando, fl",0.5826,86,83.0,0.1714,119.0
2016-07,34786,"windermere, fl",0.2789,144,81.0,0.1818,183.0
2016-07,32703,"apopka, fl",1.1325,88,43.0,0.1074,111.0
2016-07,34787,"winter garden, fl",0.5403,158,61.0,0.2328,134.0
2016-07,32817,"orlando, fl",1.2353,44,44.0,0.1482,126.0
2016-07,32804,"orlando, fl",0.3605,42,63.0,0.3015,204.0
2016-07,32808,"orlando, fl",1.3131,70,55.0,0.1116,74.0
2016-07,32819,"orlando, fl",0.4157,68,75.0,0.1913,164.0
2016-07,32803,"orlando, fl",0.6367,66,51.0,0.267,209.0
2016-07,32805,"orlando, fl",0.8571,28,23.0,0.0965,76.0
2016-07,32801,"orlando, fl",0.4457,32,72.0,0.2005,260.0
2016-07,32712,"apopka, fl",0.9066,82,56.0,0.1789,114.0
2016-07,32832,"orlando, fl",0.5768,68,66.0,0.1707,137.0
2016-07,32827,"orlando, fl",0.3407,30,72.0,0.1164,187.0
2016-07,32826,"orlando, fl",1.1205,42,35.0,0.1432,122.0
2016-07,32806,"orlando, fl",0.7312,76,44.0,0.2179,172.0
2016-07,32828,"orlando, fl",0.9444,134,42.0,0.2094,122.0
2016-07,32810,"orlando, fl",1.0286,64,31.0,0.1542,100.0
