FREQUENCY,PERIOD BEGIN,PERIOD END,REGION ID,REGION NAME,METRO,MONTHS OF SUPPLY,NEW LISTINGS,HOMES SOLD,INVENTORY,MEDIAN DAYS ON MARKET (DAYS),PERCENT OFF MARKET IN TWO WEEKS (%),PENDING SALES,AVERAGE SALE TO LIST RATIO (%),SHARE SOLD ABOVE ORIGINAL LIST (%),MEDIAN SALE PRICE PER SQ.FT. ($),date
Rolling 3 Months,2025-08-01,2025-10-31,13719,32703,"Orlando, FL metro area",3.2,250.0,232.0,240.0,51.0,20.0,255.0,98.62,8.19,212.89,2025-10
Rolling 3 Months,2025-08-01,2025-10-31,13726,32712,"Orlando, FL metro area",4.6,300.0,231.0,350.0,57.0,23.85,260.0,98.61,12.12,208.68,2025-10
Rolling 3 Months,2025-08-01,2025-10-31,13792,32801,"Orlando, FL metro area",10.7,90.0,44.0,154.0,83.0,13.46,52.0,95.02,0.0,268.99,2025-10
Rolling 3 Months,2025-08-01,2025-10-31,13794,32803,"Orlando, FL metro area",3.8,135.0,100.0,125.0,36.0,35.58,104.0,96.8,7.0,322.22,2025-10
Rolling 3 Months,2025-08-01,2025-10-31,13795,32804,"Orlando, FL metro area",3.2,110.0,112.0,118.0,52.0,31.62,117.0,96.4,5.36,333.94,2025-10
Rolling 3 Months,2025-08-01,2025-10-31,13796,32805,"Orlando, FL metro area",5.2,67.0,41.0,69.0,53.0,25.0,52.0,95.82,7.32,198.41,2025-10
Rolling 3 Months,2025-08-01,2025-10-31,13797,32806,"Orlando, FL metro area",4.2,128.0,96.0,132.0,35.0,25.6,125.0,97.51,16.67,285.87,2025-10
Rolling 3 Months,2025-08-01,2025-10-31,13798,32807,"Orlando, FL metro area",4.3,80.0,61.0,85.0,73.0,33.33,75.0,97.95,9.84,241.34,2025-10
Rolling 3 Months,2025-08-01,2025-10-31,13799,32808,"Orlando, FL metro area",3.8,147.0,130.0,163.0,59.0,23.24,142.0,96.76,12.31,189.83,2025-10
Rolling 3 Months,2025-08-01,2025-10-31,13801,32810,"Orlando, FL metro area",4.1,84.0,65.0,87.0,35.0,26.87,67.0,96.64,15.38,231.63,2025-10
Rolling 3 Months,2025-08-01,2025-10-31,13807,32817,"Orlando, FL metro area",2.9,70.0,75.0,70.0,52.0,28.0,75.0,97.83,12.0,251.92,2025-10
Rolling 3 Months,2025-08-01,2025-10-31,13809,32819,"Orlando, FL metro area",5.3,175.0,130.0,224.0,61.0,24.65,142.0,96.19,4.62,272.58,2025-10
Rolling 3 Months,2025-08-01,2025-10-31,13815,32826,"Orlando, FL metro area",3.8,46.0,40.0,49.0,35.0,20.0,40.0,98.19,10.0,239.74,2025-10
Rolling 3 Months,2025-08-01,2025-10-31,13816,32827,"Orlando, FL metro area",6.2,149.0,98.0,197.0,60.0,25.74,101.0,96.65,5.1,289.77,2025-10
Rolling 3 Months,2025-08-01,2025-10-31,13817,32828,"Orlando, FL metro area",3.4,164.0,130.0,144.0,41.0,29.53,149.0,97.9,8.46,228.14,2025-10
Rolling 3 Months,2025-08-01,2025-10-31,13821,32832,"Orlando, FL metro area",6.3,175.0,119.0,246.0,64.0,17.81,146.0,97.62,5.04,249.15,2025-10
Rolling 3 Months,2025-08-01,2025-10-31,13824,32835,"Orlando, FL metro area",6.5,148.0,118.0,251.0,68.0,18.03,122.0,95.05,5.08,188.19,2025-10
Rolling 3 Months,2025-08-01,2025-10-31,14733,34761,"Orlando, FL metro area",2.8,170.0,156.0,144.0,41.0,24.85,165.0,97.62,10.26,222.32,2025-10
Rolling 3 Months,2025-08-01,2025-10-31,14743,34786,"Orlando, FL metro area",4.5,193.0,170.0,247.0,48.0,27.33,161.0,96.12,3.53,296.7,2025-10
Rolling 3 Months,2025-08-01,2025-10-31,14744,34787,"Orlando, FL metro area",4.1,576.0,477.0,640.0,54.0,22.87,551.0,97.57,5.87,253.85,2025-10
Rolling 3 Months,2025-07-01,2025-09-30,13719,32703,"Orlando, FL metro area",3.4,283.0,236.0,262.0,49.0,24.3,251.0,98.84,11.02,213.95,2025-09
Rolling 3 Months,2025-07-01,2025-09-30,13726,32712,"Orlando, FL metro area",4.5,319.0,242.0,352.0,55.0,28.37,282.0,98.96,13.64,208.88,2025-09
Rolling 3 Months,2025-07-01,2025-09-30,13792,32801,"Orlando, FL metro area",10.1,81.0,48.0,158.0,75.0,12.24,49.0,96.07,0.0,310.05,2025-09
Rolling 3 Months,2025-07-01,2025-09-30,13794,32803,"Orlando, FL metro area",3.6,140.0,107.0,126.0,55.0,35.54,121.0,97.1,8.41,321.43,2025-09
Rolling 3 Months,2025-07-01,2025-09-30,13795,32804,"Orlando, FL metro area",3.2,126.0,117.0,121.0,33.0,31.58,133.0,96.64,8.55,342.75,2025-09
Rolling 3 Months,2025-07-01,2025-09-30,13796,32805,"Orlando, FL metro area",4.6,58.0,45.0,67.0,34.0,25.0,52.0,96.84,11.11,197.15,2025-09
Rolling 3 Months,2025-07-01,2025-09-30,13797,32806,"Orlando, FL metro area",4.1,131.0,105.0,142.0,36.0,28.81,118.0,97.12,16.19,288.58,2025-09
Rolling 3 Months,2025-07-01,2025-09-30,13798,32807,"Orlando, FL metro area",4.1,82.0,65.0,86.0,38.0,28.38,74.0,98.52,13.85,236.66,2025-09
Rolling 3 Months,2025-07-01,2025-09-30,13799,32808,"Orlando, FL metro area",3.5,147.0,146.0,166.0,56.0,19.01,142.0,97.63,11.64,183.42,2025-09
Rolling 3 Months,2025-07-01,2025-09-30,13801,32810,"Orlando, FL metro area",4.3,82.0,65.0,91.0,37.0,21.62,74.0,95.6,9.23,233.72,2025-09
Rolling 3 Months,2025-07-01,2025-09-30,13807,32817,"Orlando, FL metro area",2.5,71.0,87.0,72.0,32.0,32.58,89.0,98.1,13.79,241.67,2025-09
Rolling 3 Months,2025-07-01,2025-09-30,13809,32819,"Orlando, FL metro area",6.6,174.0,105.0,227.0,55.0,25.0,148.0,96.7,5.71,271.1,2025-09
Rolling 3 Months,2025-07-01,2025-09-30,13815,32826,"Orlando, FL metro area",3.7,56.0,42.0,50.0,27.0,31.25,48.0,98.2,9.52,239.74,2025-09
Rolling 3 Months,2025-07-01,2025-09-30,13816,32827,"Orlando, FL metro area",5.2,159.0,114.0,195.0,60.0,28.81,118.0,96.33,4.39,285.81,2025-09
Rolling 3 Months,2025-07-01,2025-09-30,13817,32828,"Orlando, FL metro area",2.8,158.0,159.0,144.0,36.0,27.81,151.0,97.86,8.18,229.05,2025-09
Rolling 3 Months,2025-07-01,2025-09-30,13821,32832,"Orlando, FL metro area",6.6,181.0,111.0,240.0,55.0,14.29,140.0,97.92,5.41,246.55,2025-09
Rolling 3 Months,2025-07-01,2025-09-30,13824,32835,"Orlando, FL metro area",7.2,170.0,115.0,271.0,54.0,12.59,135.0,95.39,8.7,190.18,2025-09
Rolling 3 Months,2025-07-01,2025-09-30,14733,34761,"Orlando, FL metro area",3.0,162.0,150.0,146.0,41.0,27.1,155.0,97.92,12.67,225.19,2025-09
Rolling 3 Months,2025-07-01,2025-09-30,14743,34786,"Orlando, FL metro area",4.3,209.0,178.0,249.0,45.0,29.89,184.0,96.02,3.93,293.39,2025-09
Rolling 3 Months,2025-07-01,2025-09-30,14744,34787,"Orlando, FL metro area",4.4,652.0,475.0,689.0,44.0,26.37,546.0,97.7,6.95,258.21,2025-09
Rolling 3 Months,2024-11-01,2025-01-31,13719,32703,"Orlando, FL metro area",4.5,229.0,192.0,283.0,60.0,22.07,222.0,98.83,7.81,215.59,2025-01
Rolling 3 Months,2024-11-01,2025-01-31,13726,32712,"Orlando, FL metro area",4.4,247.0,209.0,300.0,62.0,18.78,229.0,98.17,7.66,204.79,2025-01
Rolling 3 Months,2024-11-01,2025-01-31,13792,32801,"Orlando, FL metro area",10.2,97.0,41.0,136.0,67.0,23.21,56.0,96.1,4.88,294.39,2025-01
Rolling 3 Months,2024-11-01,2025-01-31,13794,32803,"Orlando, FL metro area",5.2,100.0,67.0,114.0,43.0,38.82,85.0,97.91,11.94,338.35,2025-01
Rolling 3 Months,2024-11-01,2025-01-31,13795,32804,"Orlando, FL metro area",3.7,101.0,91.0,109.0,53.0,32.04,103.0,96.53,7.69,341.88,2025-01
Rolling 3 Months,2024-11-01,2025-01-31,13796,32805,"Orlando, FL metro area",5.0,77.0,46.0,75.0,34.0,37.31,67.0,94.37,10.87,193.33,2025-01
Rolling 3 Months,2024-11-01,2025-01-31,13797,32806,"Orlando, FL metro area",5.0,104.0,73.0,119.0,35.0,32.98,94.0,97.41,12.33,291.38,2025-01
Rolling 3 Months,2024-11-01,2025-01-31,13798,32807,"Orlando, FL metro area",5.4,86.0,52.0,92.0,31.0,24.59,61.0,97.26,5.77,242.46,2025-01
Rolling 3 Months,2024-11-01,2025-01-31,13799,32808,"Orlando, FL metro area",6.1,181.0,94.0,188.0,49.0,27.27,154.0,97.79,18.09,200.7,2025-01
Rolling 3 Months,2024-11-01,2025-01-31,13801,32810,"Orlando, FL metro area",4.6,93.0,64.0,96.0,35.0,33.33,72.0,97.96,3.13,229.75,2025-01
Rolling 3 Months,2024-11-01,2025-01-31,13807,32817,"Orlando, FL metro area",4.1,75.0,53.0,71.0,27.0,26.76,71.0,96.91,3.77,245.79,2025-01
Rolling 3 Months,2024-11-01,2025-01-31,13809,32819,"Orlando, FL metro area",7.4,136.0,71.0,172.0,43.0,25.23,111.0,96.71,12.68,271.29,2025-01
Rolling 3 Months,2024-11-01,2025-01-31,13815,32826,"Orlando, FL metro area",1.8,43.0,53.0,31.0,54.0,31.48,54.0,95.58,5.66,220.47,2025-01
Rolling 3 Months,2024-11-01,2025-01-31,13816,32827,"Orlando, FL metro area",5.0,117.0,94.0,153.0,51.0,23.4,94.0,97.81,8.51,286.3,2025-01
Rolling 3 Months,2024-11-01,2025-01-31,13817,32828,"Orlando, FL metro area",4.0,147.0,114.0,150.0,51.0,23.39,124.0,97.9,7.89,223.67,2025-01
Rolling 3 Months,2024-11-01,2025-01-31,13821,32832,"Orlando, FL metro area",8.6,169.0,78.0,219.0,52.0,20.75,106.0,97.28,6.41,242.77,2025-01
Rolling 3 Months,2024-11-01,2025-01-31,13824,32835,"Orlando, FL metro area",10.4,176.0,72.0,244.0,40.0,22.09,86.0,95.73,5.56,209.5,2025-01
Rolling 3 Months,2024-11-01,2025-01-31,14733,34761,"Orlando, FL metro area",4.1,155.0,119.0,159.0,50.0,22.7,141.0,98.57,9.24,220.59,2025-01
Rolling 3 Months,2024-11-01,2025-01-31,14743,34786,"Orlando, FL metro area",5.5,168.0,126.0,228.0,49.0,19.23,156.0,96.07,7.94,266.79,2025-01
Rolling 3 Months,2024-11-01,2025-01-31,14744,34787,"Orlando, FL metro area",3.5,560.0,517.0,590.0,45.0,34.27,461.0,97.69,8.7,257.51,2025-01
Rolling 3 Months,2023-10-01,2023-12-31,13719,32703,"Orlando, FL metro area",3.1,175.0,131.0,131.0,18.0,34.07,135.0,97.1,14.5,221.69,2023-12
Rolling 3 Months,2023-10-01,2023-12-31,13726,32712,"Orlando, FL metro area",3.5,216.0,169.0,194.0,22.0,34.9,192.0,98.57,13.02,210.86,2023-12
Rolling 3 Months,2023-10-01,2023-12-31,13792,32801,"Orlando, FL metro area",5.8,94.0,54.0,102.0,37.0,20.63,63.0,95.9,3.7,345.37,2023-12
Rolling 3 Months,2023-10-01,2023-12-31,13794,32803,"Orlando, FL metro area",2.8,81.0,61.0,56.0,12.0,47.37,76.0,97.72,22.95,330.21,2023-12
Rolling 3 Months,2023-10-01,2023-12-31,13795,32804,"Orlando, FL metro area",2.3,74.0,81.0,62.0,16.0,36.23,69.0,97.43,12.35,300.91,2023-12
Rolling 3 Months,2023-10-01,2023-12-31,13796,32805,"Orlando, FL metro area",3.4,79.0,53.0,58.0,27.0,36.84,57.0,96.02,11.32,199.48,2023-12
Rolling 3 Months,2023-10-01,2023-12-31,13797,32806,"Orlando, FL metro area",2.9,103.0,107.0,102.0,21.0,34.74,95.0,97.15,12.15,289.07,2023-12
Rolling 3 Months,2023-10-01,2023-12-31,13798,32807,"Orlando, FL metro area",2.8,76.0,59.0,53.0,18.0,37.7,61.0,97.38,16.95,242.08,2023-12
Rolling 3 Months,2023-10-01,2023-12-31,13799,32808,"Orlando, FL metro area",2.6,146.0,123.0,105.0,29.0,42.86,140.0,97.07,18.7,194.55,2023-12
Rolling 3 Months,2023-10-01,2023-12-31,13801,32810,"Orlando, FL metro area",3.2,98.0,67.0,69.0,27.0,36.36,88.0,97.19,26.87,221.52,2023-12
Rolling 3 Months,2023-10-01,2023-12-31,13807,32817,"Orlando, FL metro area",1.8,70.0,64.0,38.0,18.0,45.9,61.0,98.23,20.31,245.39,2023-12
Rolling 3 Months,2023-10-01,2023-12-31,13809,32819,"Orlando, FL metro area",3.9,165.0,109.0,139.0,14.0,47.01,117.0,96.68,9.17,276.0,2023-12
Rolling 3 Months,2023-10-01,2023-12-31,13815,32826,"Orlando, FL metro area",3.0,50.0,32.0,31.0,26.0,37.14,35.0,97.2,15.63,216.09,2023-12
Rolling 3 Months,2023-10-01,2023-12-31,13816,32827,"Orlando, FL metro area",2.8,114.0,152.0,141.0,50.0,34.48,116.0,97.38,16.45,276.44,2023-12
Rolling 3 Months,2023-10-01,2023-12-31,13817,32828,"Orlando, FL metro area",2.1,131.0,120.0,84.0,19.0,39.83,118.0,98.28,11.67,231.48,2023-12
Rolling 3 Months,2023-10-01,2023-12-31,13821,32832,"Orlando, FL metro area",2.9,180.0,139.0,132.0,14.0,41.38,145.0,98.49,19.42,246.87,2023-12
Rolling 3 Months,2023-10-01,2023-12-31,13824,32835,"Orlando, FL metro area",3.4,169.0,124.0,138.0,24.0,35.62,146.0,96.62,12.1,216.3,2023-12
Rolling 3 Months,2023-10-01,2023-12-31,14733,34761,"Orlando, FL metro area",2.7,152.0,135.0,117.0,22.0,25.9,139.0,98.02,18.52,223.82,2023-12
Rolling 3 Months,2023-10-01,2023-12-31,14743,34786,"Orlando, FL metro area",3.1,157.0,141.0,141.0,26.0,36.22,127.0,97.35,4.96,282.35,2023-12
Rolling 3 Months,2023-10-01,2023-12-31,14744,34787,"Orlando, FL metro area",2.9,583.0,495.0,463.0,20.0,44.15,453.0,98.43,20.0,253.57,2023-12
Rolling 3 Months,2022-09-01,2022-11-30,13719,32703,"Orlando, FL metro area",2.3,186.0,154.0,118.0,21.0,39.64,169.0,97.68,21.43,205.33,2022-11
Rolling 3 Months,2022-09-01,2022-11-30,13726,32712,"Orlando, FL metro area",3.0,187.0,179.0,178.0,24.0,34.62,182.0,98.55,13.97,201.61,2022-11
Rolling 3 Months,2022-09-01,2022-11-30,13792,32801,"Orlando, FL metro area",2.6,69.0,62.0,53.0,35.0,34.72,72.0,96.47,8.06,320.21,2022-11
Rolling 3 Months,2022-09-01,2022-11-30,13794,32803,"Orlando, FL metro area",2.4,94.0,91.0,72.0,13.0,47.25,91.0,97.72,17.58,304.22,2022-11
Rolling 3 Months,2022-09-01,2022-11-30,13795,32804,"Orlando, FL metro area",3.8,80.0,70.0,88.0,29.0,35.9,78.0,97.74,12.86,293.92,2022-11
Rolling 3 Months,2022-09-01,2022-11-30,13796,32805,"Orlando, FL metro area",2.3,60.0,50.0,38.0,20.0,35.94,64.0,95.02,20.0,194.42,2022-11
Rolling 3 Months,2022-09-01,2022-11-30,13797,32806,"Orlando, FL metro area",2.4,92.0,106.0,84.0,25.0,34.55,110.0,97.33,16.98,271.43,2022-11
Rolling 3 Months,2022-09-01,2022-11-30,13798,32807,"Orlando, FL metro area",2.6,93.0,78.0,68.0,24.0,36.49,74.0,98.26,23.08,225.11,2022-11
Rolling 3 Months,2022-09-01,2022-11-30,13799,32808,"Orlando, FL metro area",2.8,176.0,144.0,134.0,22.0,40.63,192.0,98.02,21.53,184.38,2022-11
Rolling 3 Months,2022-09-01,2022-11-30,13801,32810,"Orlando, FL metro area",1.7,114.0,112.0,63.0,14.0,45.61,114.0,97.74,24.11,205.94,2022-11
Rolling 3 Months,2022-09-01,2022-11-30,13807,32817,"Orlando, FL metro area",2.5,82.0,67.0,55.0,13.0,52.38,63.0,98.72,13.43,249.36,2022-11
Rolling 3 Months,2022-09-01,2022-11-30,13809,32819,"Orlando, FL metro area",3.8,119.0,88.0,111.0,33.0,30.63,111.0,96.65,17.05,250.59,2022-11
Rolling 3 Months,2022-09-01,2022-11-30,13815,32826,"Orlando, FL metro area",2.0,50.0,58.0,38.0,20.0,34.0,50.0,97.84,12.07,222.62,2022-11
Rolling 3 Months,2022-09-01,2022-11-30,13816,32827,"Orlando, FL metro area",3.9,135.0,114.0,148.0,18.0,35.83,120.0,98.18,8.77,277.24,2022-11
Rolling 3 Months,2022-09-01,2022-11-30,13817,32828,"Orlando, FL metro area",1.8,165.0,185.0,111.0,27.0,38.89,162.0,98.38,17.84,220.2,2022-11
Rolling 3 Months,2022-09-01,2022-11-30,13821,32832,"Orlando, FL metro area",1.9,191.0,161.0,101.0,8.0,53.8,171.0,98.3,9.32,237.58,2022-11
Rolling 3 Months,2022-09-01,2022-11-30,13824,32835,"Orlando, FL metro area",2.4,167.0,162.0,126.0,22.0,32.96,179.0,97.56,16.05,212.27,2022-11
Rolling 3 Months,2022-09-01,2022-11-30,14733,34761,"Orlando, FL metro area",1.7,124.0,156.0,85.0,19.0,44.44,135.0,98.25,17.31,218.5,2022-11
Rolling 3 Months,2022-09-01,2022-11-30,14743,34786,"Orlando, FL metro area",3.2,166.0,155.0,165.0,21.0,34.51,142.0,97.15,16.13,254.11,2022-11
Rolling 3 Months,2022-09-01,2022-11-30,14744,34787,"Orlando, FL metro area",2.7,459.0,438.0,383.0,21.0,35.71,406.0,98.33,15.98,247.02,2022-11
Rolling 3 Months,2021-09-01,2021-11-30,13719,32703,"Orlando, FL metro area",0.8,216.0,245.0,61.0,12.0,62.84,261.0,99.81,40.41,181.26,2021-11
Rolling 3 Months,2021-09-01,2021-11-30,13726,32712,"Orlando, FL metro area",0.9,249.0,253.0,77.0,9.0,62.64,265.0,100.11,46.64,173.75,2021-11
Rolling 3 Months,2021-09-01,2021-11-30,13792,32801,"Orlando, FL metro area",2.0,119.0,113.0,74.0,33.0,44.0,125.0,97.87,17.7,259.38,2021-11
Rolling 3 Months,2021-09-01,2021-11-30,13794,32803,"Orlando, FL metro area",1.4,136.0,142.0,64.0,26.0,43.64,165.0,98.13,22.54,263.93,2021-11
Rolling 3 Months,2021-09-01,2021-11-30,13795,32804,"Orlando, FL metro area",2.0,123.0,115.0,77.0,23.0,47.76,134.0,97.49,20.87,256.57,2021-11
Rolling 3 Months,2021-09-01,2021-11-30,13796,32805,"Orlando, FL metro area",2.7,78.0,52.0,46.0,18.0,58.11,74.0,98.88,32.69,175.33,2021-11
Rolling 3 Months,2021-09-01,2021-11-30,13797,32806,"Orlando, FL metro area",1.2,146.0,173.0,66.0,31.0,38.62,189.0,97.83,21.39,246.82,2021-11
Rolling 3 Months,2021-09-01,2021-11-30,13798,32807,"Orlando, FL metro area",0.8,103.0,111.0,31.0,13.0,65.25,118.0,99.51,37.84,191.54,2021-11
Rolling 3 Months,2021-09-01,2021-11-30,13799,32808,"Orlando, FL metro area",1.2,198.0,195.0,74.0,11.0,62.23,233.0,99.31,36.92,158.3,2021-11
Rolling 3 Months,2021-09-01,2021-11-30,13801,32810,"Orlando, FL metro area",1.1,144.0,123.0,45.0,12.0,60.0,155.0,99.46,38.21,186.55,2021-11
Rolling 3 Months,2021-09-01,2021-11-30,13807,32817,"Orlando, FL metro area",0.5,88.0,112.0,17.0,9.0,61.26,111.0,100.17,47.32,204.72,2021-11
Rolling 3 Months,2021-09-01,2021-11-30,13809,32819,"Orlando, FL metro area",1.2,201.0,183.0,75.0,14.0,57.08,212.0,98.83,32.24,221.01,2021-11
Rolling 3 Months,2021-09-01,2021-11-30,13815,32826,"Orlando, FL metro area",0.6,64.0,65.0,13.0,11.0,69.86,73.0,101.27,49.23,189.87,2021-11
Rolling 3 Months,2021-09-01,2021-11-30,13816,32827,"Orlando, FL metro area",0.9,160.0,153.0,45.0,4.0,73.33,150.0,99.83,32.68,232.96,2021-11
Rolling 3 Months,2021-09-01,2021-11-30,13817,32828,"Orlando, FL metro area",0.6,229.0,264.0,55.0,8.0,69.04,239.0,101.32,48.11,188.9,2021-11
Rolling 3 Months,2021-09-01,2021-11-30,13821,32832,"Orlando, FL metro area",0.6,208.0,194.0,40.0,6.0,71.5,214.0,100.12,41.75,199.5,2021-11
Rolling 3 Months,2021-09-01,2021-11-30,13824,32835,"Orlando, FL metro area",1.2,240.0,222.0,87.0,13.0,57.03,263.0,99.24,34.23,164.85,2021-11
Rolling 3 Months,2021-09-01,2021-11-30,14733,34761,"Orlando, FL metro area",0.8,231.0,233.0,64.0,7.0,67.12,219.0,100.47,44.21,187.81,2021-11
Rolling 3 Months,2021-09-01,2021-11-30,14743,34786,"Orlando, FL metro area",0.8,260.0,275.0,69.0,7.0,66.79,280.0,99.36,37.45,215.38,2021-11
Rolling 3 Months,2021-09-01,2021-11-30,14744,34787,"Orlando, FL metro area",0.8,605.0,600.0,167.0,6.0,68.62,596.0,100.44,35.17,208.84,2021-11
Rolling 3 Months,2021-08-01,2021-10-31,13719,32703,"Orlando, FL metro area",0.9,248.0,261.0,76.0,9.0,59.64,275.0,100.04,41.38,179.93,2021-10
Rolling 3 Months,2021-08-01,2021-10-31,13726,32712,"Orlando, FL metro area",1.0,273.0,291.0,94.0,8.0,65.0,280.0,100.42,46.74,173.3,2021-10
Rolling 3 Months,2021-08-01,2021-10-31,13792,32801,"Orlando, FL metro area",1.9,118.0,118.0,73.0,30.0,37.98,129.0,98.23,16.1,255.41,2021-10
Rolling 3 Months,2021-08-01,2021-10-31,13794,32803,"Orlando, FL metro area",1.6,145.0,146.0,75.0,17.0,42.17,166.0,98.06,21.92,260.68,2021-10
Rolling 3 Months,2021-08-01,2021-10-31,13795,32804,"Orlando, FL metro area",2.2,130.0,116.0,84.0,19.0,46.1,141.0,98.24,23.28,259.31,2021-10
Rolling 3 Months,2021-08-01,2021-10-31,13796,32805,"Orlando, FL metro area",2.2,78.0,61.0,43.0,36.0,53.09,81.0,98.08,32.79,154.04,2021-10
Rolling 3 Months,2021-08-01,2021-10-31,13797,32806,"Orlando, FL metro area",1.7,181.0,165.0,93.0,20.0,42.86,203.0,98.12,26.06,239.73,2021-10
Rolling 3 Months,2021-08-01,2021-10-31,13798,32807,"Orlando, FL metro area",0.9,114.0,116.0,35.0,13.0,61.83,131.0,99.46,40.52,192.72,2021-10
Rolling 3 Months,2021-08-01,2021-10-31,13799,32808,"Orlando, FL metro area",0.9,211.0,212.0,62.0,11.0,58.47,236.0,99.39,37.74,158.24,2021-10
Rolling 3 Months,2021-08-01,2021-10-31,13801,32810,"Orlando, FL metro area",1.4,139.0,103.0,46.0,11.0,58.82,153.0,99.58,39.81,181.48,2021-10
Rolling 3 Months,2021-08-01,2021-10-31,13807,32817,"Orlando, FL metro area",0.7,113.0,121.0,27.0,9.0,70.16,124.0,100.21,46.28,200.17,2021-10
Rolling 3 Months,2021-08-01,2021-10-31,13809,32819,"Orlando, FL metro area",1.4,202.0,188.0,84.0,14.0,53.66,205.0,98.69,34.57,218.24,2021-10
Rolling 3 Months,2021-08-01,2021-10-31,13815,32826,"Orlando, FL metro area",1.0,67.0,84.0,28.0,8.0,63.01,73.0,100.65,44.05,189.68,2021-10
Rolling 3 Months,2021-08-01,2021-10-31,13816,32827,"Orlando, FL metro area",0.6,147.0,165.0,32.0,5.0,76.35,148.0,99.47,33.33,228.76,2021-10
Rolling 3 Months,2021-08-01,2021-10-31,13817,32828,"Orlando, FL metro area",0.6,270.0,278.0,58.0,7.0,69.97,293.0,101.48,53.24,188.77,2021-10
Rolling 3 Months,2021-08-01,2021-10-31,13821,32832,"Orlando, FL metro area",1.0,218.0,193.0,62.0,6.0,72.51,211.0,100.52,45.08,195.72,2021-10
Rolling 3 Months,2021-08-01,2021-10-31,13824,32835,"Orlando, FL metro area",1.4,267.0,225.0,105.0,13.0,60.75,265.0,99.35,37.33,164.76,2021-10
Rolling 3 Months,2021-08-01,2021-10-31,14733,34761,"Orlando, FL metro area",1.0,248.0,232.0,78.0,7.0,65.56,241.0,100.56,49.57,182.48,2021-10
Rolling 3 Months,2021-08-01,2021-10-31,14743,34786,"Orlando, FL metro area",0.9,282.0,304.0,88.0,7.0,65.1,298.0,99.35,33.88,213.25,2021-10
Rolling 3 Months,2021-08-01,2021-10-31,14744,34787,"Orlando, FL metro area",1.1,667.0,619.0,214.0,5.0,73.8,626.0,100.28,37.32,204.32,2021-10
Rolling 3 Months,2020-09-01,2020-11-30,13719,32703,"Orlando, FL metro area",1.0,206.0,233.0,73.0,17.0,51.25,240.0,98.01,21.03,149.88,2020-11
Rolling 3 Months,2020-09-01,2020-11-30,13726,32712,"Orlando, FL metro area",1.6,268.0,234.0,122.0,11.0,59.27,275.0,98.8,27.78,144.0,2020-11
Rolling 3 Months,2020-09-01,2020-11-30,13792,32801,"Orlando, FL metro area",4.4,136.0,87.0,125.0,51.0,27.27,121.0,97.57,11.49,245.6,2020-11
Rolling 3 Months,2020-09-01,2020-11-30,13794,32803,"Orlando, FL metro area",2.1,165.0,136.0,95.0,16.0,49.64,139.0,98.6,19.85,248.07,2020-11
Rolling 3 Months,2020-09-01,2020-11-30,13795,32804,"Orlando, FL metro area",2.4,157.0,129.0,103.0,18.0,46.1,154.0,96.79,10.85,238.22,2020-11
Rolling 3 Months,2020-09-01,2020-11-30,13796,32805,"Orlando, FL metro area",1.2,50.0,57.0,22.0,31.0,41.33,75.0,95.9,17.54,135.06,2020-11
Rolling 3 Months,2020-09-01,2020-11-30,13797,32806,"Orlando, FL metro area",2.1,174.0,166.0,113.0,19.0,47.9,167.0,97.57,13.25,212.4,2020-11
Rolling 3 Months,2020-09-01,2020-11-30,13798,32807,"Orlando, FL metro area",1.1,112.0,111.0,41.0,13.0,60.98,123.0,98.5,32.43,165.8,2020-11
Rolling 3 Months,2020-09-01,2020-11-30,13799,32808,"Orlando, FL metro area",2.0,152.0,152.0,100.0,32.0,44.39,187.0,96.71,25.66,125.95,2020-11
Rolling 3 Months,2020-09-01,2020-11-30,13801,32810,"Orlando, FL metro area",1.4,123.0,111.0,53.0,12.0,61.43,140.0,97.56,23.42,149.9,2020-11
Rolling 3 Months,2020-09-01,2020-11-30,13807,32817,"Orlando, FL metro area",1.2,101.0,97.0,38.0,14.0,64.42,104.0,97.43,21.65,168.09,2020-11
Rolling 3 Months,2020-09-01,2020-11-30,13809,32819,"Orlando, FL metro area",3.4,201.0,164.0,186.0,33.0,29.95,197.0,96.73,8.54,184.1,2020-11
Rolling 3 Months,2020-09-01,2020-11-30,13815,32826,"Orlando, FL metro area",1.4,81.0,67.0,31.0,10.0,69.12,68.0,98.1,25.37,158.28,2020-11
Rolling 3 Months,2020-09-01,2020-11-30,13816,32827,"Orlando, FL metro area",1.7,140.0,170.0,97.0,44.0,40.35,171.0,97.62,7.65,188.58,2020-11
Rolling 3 Months,2020-09-01,2020-11-30,13817,32828,"Orlando, FL metro area",1.0,280.0,277.0,90.0,8.0,65.49,284.0,98.87,22.38,154.59,2020-11
Rolling 3 Months,2020-09-01,2020-11-30,13821,32832,"Orlando, FL metro area",0.9,198.0,277.0,86.0,24.0,43.14,255.0,98.4,13.72,158.79,2020-11
Rolling 3 Months,2020-09-01,2020-11-30,13824,32835,"Orlando, FL metro area",3.0,250.0,186.0,186.0,28.0,38.66,238.0,97.38,11.29,145.24,2020-11
Rolling 3 Months,2020-09-01,2020-11-30,14733,34761,"Orlando, FL metro area",1.1,246.0,259.0,97.0,14.0,56.9,239.0,98.77,26.25,152.32,2020-11
Rolling 3 Months,2020-09-01,2020-11-30,14743,34786,"Orlando, FL metro area",2.4,300.0,309.0,247.0,40.0,39.75,317.0,97.37,12.62,178.25,2020-11
Rolling 3 Months,2020-09-01,2020-11-30,14744,34787,"Orlando, FL metro area",1.4,666.0,716.0,325.0,17.0,48.9,726.0,98.42,14.53,166.5,2020-11
Rolling 3 Months,2019-08-01,2019-10-31,13719,32703,"Orlando, FL metro area",2.1,235.0,215.0,147.0,21.0,45.49,233.0,97.77,20.93,141.07,2019-10
Rolling 3 Months,2019-08-01,2019-10-31,13726,32712,"Orlando, FL metro area",2.6,281.0,248.0,212.0,23.0,40.68,263.0,97.89,16.94,133.47,2019-10
Rolling 3 Months,2019-08-01,2019-10-31,13792,32801,"Orlando, FL metro area",3.5,104.0,99.0,112.0,63.0,26.21,103.0,96.73,2.02,248.4,2019-10
Rolling 3 Months,2019-08-01,2019-10-31,13794,32803,"Orlando, FL metro area",3.0,142.0,125.0,124.0,21.0,37.86,140.0,97.52,10.4,229.84,2019-10
Rolling 3 Months,2019-08-01,2019-10-31,13795,32804,"Orlando, FL metro area",2.6,149.0,144.0,122.0,44.0,29.94,157.0,96.68,8.33,216.03,2019-10
Rolling 3 Months,2019-08-01,2019-10-31,13796,32805,"Orlando, FL metro area",2.9,65.0,49.0,47.0,42.0,30.77,65.0,95.23,6.12,128.96,2019-10
Rolling 3 Months,2019-08-01,2019-10-31,13797,32806,"Orlando, FL metro area",2.3,154.0,153.0,113.0,27.0,38.71,155.0,97.31,13.07,190.44,2019-10
Rolling 3 Months,2019-08-01,2019-10-31,13798,32807,"Orlando, FL metro area",1.8,114.0,104.0,62.0,20.0,45.45,121.0,97.67,14.42,143.86,2019-10
Rolling 3 Months,2019-08-01,2019-10-31,13799,32808,"Orlando, FL metro area",2.8,235.0,178.0,162.0,23.0,45.37,227.0,97.42,20.22,114.61,2019-10
Rolling 3 Months,2019-08-01,2019-10-31,13801,32810,"Orlando, FL metro area",1.7,111.0,119.0,65.0,26.0,33.58,134.0,97.66,21.01,130.76,2019-10
Rolling 3 Months,2019-08-01,2019-10-31,13807,32817,"Orlando, FL metro area",1.8,101.0,91.0,52.0,17.0,50.93,108.0,98.25,20.88,159.18,2019-10
Rolling 3 Months,2019-08-01,2019-10-31,13809,32819,"Orlando, FL metro area",3.2,190.0,170.0,176.0,35.0,37.43,171.0,96.36,7.06,167.33,2019-10
Rolling 3 Months,2019-08-01,2019-10-31,13815,32826,"Orlando, FL metro area",0.9,82.0,97.0,29.0,18.0,53.0,100.0,97.85,14.43,145.59,2019-10
Rolling 3 Months,2019-08-01,2019-10-31,13816,32827,"Orlando, FL metro area",3.9,176.0,132.0,166.0,30.0,32.1,162.0,97.49,3.03,181.22,2019-10
Rolling 3 Months,2019-08-01,2019-10-31,13817,32828,"Orlando, FL metro area",1.8,284.0,317.0,181.0,28.0,33.96,321.0,98.06,9.46,141.77,2019-10
Rolling 3 Months,2019-08-01,2019-10-31,13821,32832,"Orlando, FL metro area",3.1,235.0,183.0,184.0,29.0,34.83,201.0,98.07,6.56,152.5,2019-10
Rolling 3 Months,2019-08-01,2019-10-31,13824,32835,"Orlando, FL metro area",2.9,225.0,197.0,184.0,27.0,33.96,212.0,97.33,7.11,141.57,2019-10
Rolling 3 Months,2019-08-01,2019-10-31,14733,34761,"Orlando, FL metro area",2.2,257.0,218.0,157.0,28.0,44.19,258.0,98.47,17.89,137.99,2019-10
Rolling 3 Months,2019-08-01,2019-10-31,14743,34786,"Orlando, FL metro area",4.1,291.0,240.0,317.0,42.0,31.03,261.0,97.41,8.33,169.66,2019-10
Rolling 3 Months,2019-08-01,2019-10-31,14744,34787,"Orlando, FL metro area",2.6,593.0,537.0,449.0,22.0,42.32,534.0,98.32,8.19,156.81,2019-10
Rolling 3 Months,2018-07-01,2018-09-30,13719,32703,"Orlando, FL metro area",3.1,275.0,201.0,202.0,23.0,45.87,218.0,97.24,20.9,131.5,2018-09
Rolling 3 Months,2018-07-01,2018-09-30,13726,32712,"Orlando, FL metro area",2.4,310.0,278.0,216.0,21.0,36.99,292.0,98.31,16.91,125.86,2018-09
Rolling 3 Months,2018-07-01,2018-09-30,13792,32801,"Orlando, FL metro area",3.4,108.0,89.0,98.0,53.0,25.0,100.0,96.9,7.87,220.81,2018-09
Rolling 3 Months,2018-07-01,2018-09-30,13794,32803,"Orlando, FL metro area",3.4,159.0,127.0,139.0,15.0,42.45,139.0,97.88,18.11,217.26,2018-09
Rolling 3 Months,2018-07-01,2018-09-30,13795,32804,"Orlando, FL metro area",3.8,156.0,120.0,149.0,26.0,39.29,112.0,96.63,12.5,206.65,2018-09
Rolling 3 Months,2018-07-01,2018-09-30,13796,32805,"Orlando, FL metro area",3.2,76.0,52.0,54.0,19.0,43.94,66.0,97.83,17.31,104.61,2018-09
Rolling 3 Months,2018-07-01,2018-09-30,13797,32806,"Orlando, FL metro area",2.9,189.0,175.0,163.0,22.0,41.86,172.0,97.21,11.43,181.14,2018-09
Rolling 3 Months,2018-07-01,2018-09-30,13798,32807,"Orlando, FL metro area",2.2,133.0,109.0,78.0,18.0,40.0,140.0,98.07,22.02,144.89,2018-09
Rolling 3 Months,2018-07-01,2018-09-30,13799,32808,"Orlando, FL metro area",3.4,241.0,168.0,186.0,19.0,51.16,215.0,97.24,26.19,103.12,2018-09
Rolling 3 Months,2018-07-01,2018-09-30,13801,32810,"Orlando, FL metro area",2.3,148.0,133.0,101.0,16.0,41.1,146.0,97.53,20.3,127.8,2018-09
Rolling 3 Months,2018-07-01,2018-09-30,13807,32817,"Orlando, FL metro area",1.9,141.0,128.0,81.0,16.0,51.16,129.0,97.85,18.75,150.33,2018-09
Rolling 3 Months,2018-07-01,2018-09-30,13809,32819,"Orlando, FL metro area",4.0,183.0,136.0,178.0,35.0,30.23,172.0,96.65,13.24,165.05,2018-09
Rolling 3 Months,2018-07-01,2018-09-30,13815,32826,"Orlando, FL metro area",1.1,97.0,117.0,43.0,12.0,52.38,105.0,98.11,19.66,136.5,2018-09
Rolling 3 Months,2018-07-01,2018-09-30,13816,32827,"Orlando, FL metro area",3.4,141.0,137.0,152.0,40.0,28.68,136.0,97.56,8.03,168.73,2018-09
Rolling 3 Months,2018-07-01,2018-09-30,13817,32828,"Orlando, FL metro area",2.0,318.0,299.0,195.0,18.0,43.49,292.0,98.27,15.72,137.55,2018-09
Rolling 3 Months,2018-07-01,2018-09-30,13821,32832,"Orlando, FL metro area",2.3,202.0,200.0,153.0,24.0,42.13,197.0,98.22,14.5,145.41,2018-09
Rolling 3 Months,2018-07-01,2018-09-30,13824,32835,"Orlando, FL metro area",2.5,254.0,210.0,174.0,28.0,38.78,263.0,96.77,15.24,125.6,2018-09
Rolling 3 Months,2018-07-01,2018-09-30,14733,34761,"Orlando, FL metro area",1.7,226.0,240.0,133.0,21.0,44.39,223.0,98.52,17.5,129.1,2018-09
Rolling 3 Months,2018-07-01,2018-09-30,14743,34786,"Orlando, FL metro area",4.7,339.0,274.0,421.0,41.0,26.8,306.0,97.1,7.66,157.31,2018-09
Rolling 3 Months,2018-07-01,2018-09-30,14744,34787,"Orlando, FL metro area",2.1,548.0,572.0,393.0,25.0,42.81,549.0,98.0,13.11,147.87,2018-09
Rolling 3 Months,2017-06-01,2017-08-31,13719,32703,"Orlando, FL metro area",2.7,263.0,203.0,179.0,22.0,46.59,249.0,98.68,23.65,118.6,2017-08
Rolling 3 Months,2017-06-01,2017-08-31,13726,32712,"Orlando, FL metro area",2.2,294.0,273.0,196.0,20.0,41.7,283.0,98.42,17.58,118.88,2017-08
Rolling 3 Months,2017-06-01,2017-08-31,13792,32801,"Orlando, FL metro area",3.0,105.0,113.0,109.0,61.0,22.94,109.0,96.47,5.31,223.64,2017-08
Rolling 3 Months,2017-06-01,2017-08-31,13794,32803,"Orlando, FL metro area",2.9,172.0,136.0,130.0,23.0,46.94,147.0,96.83,19.85,197.22,2017-08
Rolling 3 Months,2017-06-01,2017-08-31,13795,32804,"Orlando, FL metro area",3.2,161.0,153.0,161.0,32.0,37.82,156.0,96.92,13.07,200.86,2017-08
Rolling 3 Months,2017-06-01,2017-08-31,13796,32805,"Orlando, FL metro area",3.5,69.0,47.0,54.0,19.0,50.91,55.0,93.87,21.28,77.35,2017-08
Rolling 3 Months,2017-06-01,2017-08-31,13797,32806,"Orlando, FL metro area",2.6,202.0,182.0,152.0,30.0,39.36,188.0,96.88,14.84,167.76,2017-08
Rolling 3 Months,2017-06-01,2017-08-31,13798,32807,"Orlando, FL metro area",1.5,161.0,129.0,61.0,11.0,56.02,166.0,98.91,30.23,126.71,2017-08
Rolling 3 Months,2017-06-01,2017-08-31,13799,32808,"Orlando, FL metro area",2.2,202.0,172.0,124.0,34.0,42.72,213.0,97.96,20.93,85.35,2017-08
Rolling 3 Months,2017-06-01,2017-08-31,13801,32810,"Orlando, FL metro area",1.8,143.0,134.0,79.0,17.0,50.0,142.0,98.51,30.6,117.19,2017-08
Rolling 3 Months,2017-06-01,2017-08-31,13807,32817,"Orlando, FL metro area",1.6,126.0,127.0,66.0,16.0,49.59,121.0,97.57,22.05,136.08,2017-08
Rolling 3 Months,2017-06-01,2017-08-31,13809,32819,"Orlando, FL metro area",3.9,202.0,185.0,236.0,35.0,25.43,173.0,96.57,10.81,152.56,2017-08
Rolling 3 Months,2017-06-01,2017-08-31,13815,32826,"Orlando, FL metro area",1.3,114.0,112.0,47.0,13.0,59.81,107.0,97.82,23.21,129.5,2017-08
Rolling 3 Months,2017-06-01,2017-08-31,13816,32827,"Orlando, FL metro area",3.9,140.0,130.0,165.0,59.0,23.77,122.0,97.13,12.31,166.05,2017-08
Rolling 3 Months,2017-06-01,2017-08-31,13817,32828,"Orlando, FL metro area",2.1,406.0,342.0,237.0,13.0,46.37,358.0,98.55,18.42,128.55,2017-08
Rolling 3 Months,2017-06-01,2017-08-31,13821,32832,"Orlando, FL metro area",3.0,200.0,163.0,157.0,32.0,31.79,173.0,97.41,6.13,135.54,2017-08
Rolling 3 Months,2017-06-01,2017-08-31,13824,32835,"Orlando, FL metro area",3.0,297.0,245.0,238.0,38.0,34.32,271.0,96.46,10.2,114.61,2017-08
Rolling 3 Months,2017-06-01,2017-08-31,14733,34761,"Orlando, FL metro area",2.5,260.0,213.0,176.0,19.0,46.12,232.0,98.56,19.25,120.74,2017-08
Rolling 3 Months,2017-06-01,2017-08-31,14743,34786,"Orlando, FL metro area",4.5,360.0,297.0,431.0,55.0,25.9,305.0,96.57,5.72,146.73,2017-08
Rolling 3 Months,2017-06-01,2017-08-31,14744,34787,"Orlando, FL metro area",2.4,588.0,594.0,463.0,33.0,31.53,609.0,97.88,11.28,134.74,2017-08
Rolling 3 Months,2026-02-01,2026-04-30,13719,32703,"Orlando, FL metro area",3.4,296.0,205.0,237.0,44.0,29.24,277.0,98.43,12.2,210.02,2026-04
Rolling 3 Months,2026-02-01,2026-04-30,13726,32712,"Orlando, FL metro area",4.1,304.0,227.0,312.0,62.0,26.74,273.0,98.44,9.25,211.0,2026-04
Rolling 3 Months,2026-02-01,2026-04-30,13792,32801,"Orlando, FL metro area",8.1,111.0,52.0,142.0,92.0,18.75,64.0,93.97,3.85,283.37,2026-04
Rolling 3 Months,2026-02-01,2026-04-30,13794,32803,"Orlando, FL metro area",2.6,98.0,95.0,84.0,42.0,36.36,121.0,96.81,5.26,341.03,2026-04
Rolling 3 Months,2026-02-01,2026-04-30,13795,32804,"Orlando, FL metro area",3.3,131.0,108.0,120.0,42.0,34.15,123.0,96.64,12.04,330.9,2026-04
Rolling 3 Months,2026-02-01,2026-04-30,13796,32805,"Orlando, FL metro area",7.5,68.0,31.0,78.0,57.0,25.0,44.0,99.4,16.13,212.77,2026-04
Rolling 3 Months,2026-02-01,2026-04-30,13797,32806,"Orlando, FL metro area",3.2,150.0,100.0,108.0,32.0,38.81,134.0,97.19,15.0,276.96,2026-04
Rolling 3 Months,2026-02-01,2026-04-30,13798,32807,"Orlando, FL metro area",2.9,96.0,87.0,84.0,42.0,29.35,92.0,98.21,9.2,236.51,2026-04
Rolling 3 Months,2026-02-01,2026-04-30,13799,32808,"Orlando, FL metro area",4.3,143.0,92.0,134.0,65.0,23.08,143.0,96.13,11.96,194.02,2026-04
Rolling 3 Months,2026-02-01,2026-04-30,13801,32810,"Orlando, FL metro area",3.9,94.0,62.0,81.0,29.0,31.03,87.0,96.57,12.9,224.49,2026-04
Rolling 3 Months,2026-02-01,2026-04-30,13807,32817,"Orlando, FL metro area",2.5,79.0,60.0,50.0,19.0,43.37,83.0,98.05,28.33,242.96,2026-04
Rolling 3 Months,2026-02-01,2026-04-30,13809,32819,"Orlando, FL metro area",5.7,178.0,107.0,206.0,61.0,31.5,127.0,95.66,3.74,279.77,2026-04
Rolling 3 Months,2026-02-01,2026-04-30,13815,32826,"Orlando, FL metro area",2.6,60.0,50.0,44.0,53.0,26.92,52.0,97.15,10.0,236.51,2026-04
Rolling 3 Months,2026-02-01,2026-04-30,13816,32827,"Orlando, FL metro area",5.7,206.0,116.0,224.0,65.0,31.78,129.0,96.97,6.9,285.2,2026-04
Rolling 3 Months,2026-02-01,2026-04-30,13817,32828,"Orlando, FL metro area",3.2,199.0,139.0,148.0,25.0,43.53,170.0,97.88,16.55,223.77,2026-04
Rolling 3 Months,2026-02-01,2026-04-30,13821,32832,"Orlando, FL metro area",4.5,235.0,145.0,221.0,49.0,27.41,197.0,98.04,5.52,245.94,2026-04
Rolling 3 Months,2026-02-01,2026-04-30,13824,32835,"Orlando, FL metro area",6.7,198.0,101.0,227.0,50.0,25.0,120.0,95.51,3.96,198.51,2026-04
Rolling 3 Months,2026-02-01,2026-04-30,14733,34761,"Orlando, FL metro area",3.4,235.0,143.0,164.0,33.0,38.12,202.0,98.83,14.69,223.03,2026-04
Rolling 3 Months,2026-02-01,2026-04-30,14743,34786,"Orlando, FL metro area",4.1,262.0,160.0,223.0,49.0,36.62,213.0,97.22,9.38,264.44,2026-04
Rolling 3 Months,2026-02-01,2026-04-30,14744,34787,"Orlando, FL metro area",4.1,768.0,472.0,656.0,40.0,36.82,603.0,97.73,7.63,253.47,2026-04
Rolling 3 Months,2025-01-01,2025-03-31,13719,32703,"Orlando, FL metro area",3.3,276.0,226.0,245.0,57.0,23.08,273.0,98.35,11.5,214.37,2025-03
Rolling 3 Months,2025-01-01,2025-03-31,13726,32712,"Orlando, FL metro area",4.1,328.0,213.0,293.0,64.0,28.41,271.0,98.5,12.68,209.56,2025-03
Rolling 3 Months,2025-01-01,2025-03-31,13792,32801,"Orlando, FL metro area",9.0,153.0,56.0,168.0,59.0,24.36,78.0,96.9,3.57,311.28,2025-03
Rolling 3 Months,2025-01-01,2025-03-31,13794,32803,"Orlando, FL metro area",4.7,121.0,74.0,115.0,50.0,34.69,98.0,96.95,10.81,352.48,2025-03
Rolling 3 Months,2025-01-01,2025-03-31,13795,32804,"Orlando, FL metro area",3.8,152.0,97.0,123.0,33.0,40.68,118.0,97.12,9.28,344.35,2025-03
Rolling 3 Months,2025-01-01,2025-03-31,13796,32805,"Orlando, FL metro area",4.1,75.0,48.0,65.0,56.0,30.56,72.0,95.03,25.0,201.52,2025-03
Rolling 3 Months,2025-01-01,2025-03-31,13797,32806,"Orlando, FL metro area",5.9,151.0,77.0,151.0,56.0,32.14,112.0,97.47,14.29,286.38,2025-03
Rolling 3 Months,2025-01-01,2025-03-31,13798,32807,"Orlando, FL metro area",4.8,119.0,61.0,97.0,42.0,40.0,90.0,96.96,16.39,225.83,2025-03
Rolling 3 Months,2025-01-01,2025-03-31,13799,32808,"Orlando, FL metro area",5.6,223.0,113.0,211.0,56.0,28.24,170.0,97.05,10.62,186.91,2025-03
Rolling 3 Months,2025-01-01,2025-03-31,13801,32810,"Orlando, FL metro area",4.0,115.0,71.0,95.0,48.0,32.32,99.0,96.69,12.68,231.13,2025-03
Rolling 3 Months,2025-01-01,2025-03-31,13807,32817,"Orlando, FL metro area",3.4,95.0,64.0,73.0,36.0,32.63,95.0,98.0,9.38,237.38,2025-03
Rolling 3 Months,2025-01-01,2025-03-31,13809,32819,"Orlando, FL metro area",5.5,160.0,101.0,185.0,74.0,23.26,129.0,95.43,4.95,281.44,2025-03
Rolling 3 Months,2025-01-01,2025-03-31,13815,32826,"Orlando, FL metro area",2.3,51.0,46.0,36.0,36.0,39.22,51.0,97.61,17.39,227.34,2025-03
Rolling 3 Months,2025-01-01,2025-03-31,13816,32827,"Orlando, FL metro area",7.6,169.0,74.0,188.0,75.0,25.0,104.0,97.07,4.05,285.35,2025-03
Rolling 3 Months,2025-01-01,2025-03-31,13817,32828,"Orlando, FL metro area",3.8,208.0,121.0,153.0,50.0,29.83,181.0,97.97,4.13,225.36,2025-03
Rolling 3 Months,2025-01-01,2025-03-31,13821,32832,"Orlando, FL metro area",7.1,215.0,96.0,228.0,49.0,20.92,153.0,97.94,8.33,254.78,2025-03
Rolling 3 Months,2025-01-01,2025-03-31,13824,32835,"Orlando, FL metro area",7.5,234.0,105.0,261.0,67.0,22.3,139.0,96.06,3.81,207.44,2025-03
Rolling 3 Months,2025-01-01,2025-03-31,14733,34761,"Orlando, FL metro area",4.6,201.0,113.0,173.0,50.0,25.95,158.0,98.04,7.08,220.71,2025-03
Rolling 3 Months,2025-01-01,2025-03-31,14743,34786,"Orlando, FL metro area",5.4,237.0,135.0,241.0,63.0,29.17,192.0,96.26,9.63,304.17,2025-03
Rolling 3 Months,2025-01-01,2025-03-31,14744,34787,"Orlando, FL metro area",4.4,770.0,441.0,650.0,45.0,33.27,544.0,97.82,9.52,261.02,2025-03
Rolling 3 Months,2024-01-01,2024-03-31,13719,32703,"Orlando, FL metro area",3.4,216.0,143.0,158.0,36.0,32.8,189.0,97.39,9.09,216.95,2024-03
Rolling 3 Months,2024-01-01,2024-03-31,13726,32712,"Orlando, FL metro area",3.6,304.0,184.0,218.0,37.0,36.57,268.0,98.58,16.85,206.43,2024-03
Rolling 3 Months,2024-01-01,2024-03-31,13792,32801,"Orlando, FL metro area",6.0,104.0,57.0,112.0,54.0,28.77,73.0,96.78,3.51,326.88,2024-03
Rolling 3 Months,2024-01-01,2024-03-31,13794,32803,"Orlando, FL metro area",1.8,96.0,81.0,47.0,27.0,44.33,97.0,97.38,17.28,333.65,2024-03
Rolling 3 Months,2024-01-01,2024-03-31,13795,32804,"Orlando, FL metro area",3.5,138.0,77.0,90.0,35.0,44.64,112.0,96.99,11.69,326.48,2024-03
Rolling 3 Months,2024-01-01,2024-03-31,13796,32805,"Orlando, FL metro area",3.7,61.0,47.0,58.0,43.0,25.0,60.0,96.7,14.89,215.33,2024-03
Rolling 3 Months,2024-01-01,2024-03-31,13797,32806,"Orlando, FL metro area",3.4,155.0,95.0,108.0,34.0,40.0,145.0,97.72,9.47,280.29,2024-03
Rolling 3 Months,2024-01-01,2024-03-31,13798,32807,"Orlando, FL metro area",1.9,92.0,70.0,45.0,34.0,44.44,99.0,97.73,17.14,234.38,2024-03
Rolling 3 Months,2024-01-01,2024-03-31,13799,32808,"Orlando, FL metro area",4.3,156.0,91.0,128.0,21.0,33.82,136.0,98.33,18.68,196.34,2024-03
Rolling 3 Months,2024-01-01,2024-03-31,13801,32810,"Orlando, FL metro area",2.9,122.0,82.0,78.0,37.0,27.73,119.0,96.55,17.07,223.25,2024-03
Rolling 3 Months,2024-01-01,2024-03-31,13807,32817,"Orlando, FL metro area",1.9,86.0,64.0,41.0,32.0,42.17,83.0,97.36,15.63,258.63,2024-03
Rolling 3 Months,2024-01-01,2024-03-31,13809,32819,"Orlando, FL metro area",3.3,174.0,131.0,144.0,32.0,34.1,173.0,96.24,12.21,278.33,2024-03
Rolling 3 Months,2024-01-01,2024-03-31,13815,32826,"Orlando, FL metro area",2.9,69.0,46.0,44.0,29.0,36.21,58.0,97.47,15.22,224.91,2024-03
Rolling 3 Months,2024-01-01,2024-03-31,13816,32827,"Orlando, FL metro area",3.1,155.0,125.0,128.0,44.0,34.93,146.0,97.33,9.6,284.5,2024-03
Rolling 3 Months,2024-01-01,2024-03-31,13817,32828,"Orlando, FL metro area",2.0,181.0,132.0,86.0,30.0,47.34,169.0,98.36,16.67,232.38,2024-03
Rolling 3 Months,2024-01-01,2024-03-31,13821,32832,"Orlando, FL metro area",2.8,218.0,156.0,142.0,34.0,38.3,188.0,98.41,12.82,247.85,2024-03
Rolling 3 Months,2024-01-01,2024-03-31,13824,32835,"Orlando, FL metro area",4.5,208.0,119.0,177.0,38.0,33.55,155.0,97.55,7.56,213.83,2024-03
Rolling 3 Months,2024-01-01,2024-03-31,14733,34761,"Orlando, FL metro area",1.9,172.0,151.0,94.0,49.0,30.89,191.0,98.13,7.28,225.44,2024-03
Rolling 3 Months,2024-01-01,2024-03-31,14743,34786,"Orlando, FL metro area",4.3,245.0,133.0,189.0,33.0,37.63,194.0,96.23,5.26,270.84,2024-03
Rolling 3 Months,2024-01-01,2024-03-31,14744,34787,"Orlando, FL metro area",3.7,662.0,419.0,512.0,37.0,35.4,565.0,98.27,11.22,256.86,2024-03
Rolling 3 Months,2023-12-01,2024-02-29,13719,32703,"Orlando, FL metro area",3.6,203.0,127.0,152.0,32.0,31.43,175.0,96.91,7.87,220.7,2024-02
Rolling 3 Months,2023-12-01,2024-02-29,13726,32712,"Orlando, FL metro area",3.6,270.0,181.0,213.0,36.0,33.33,237.0,98.55,14.36,207.44,2024-02
Rolling 3 Months,2023-12-01,2024-02-29,13792,32801,"Orlando, FL metro area",5.4,97.0,58.0,103.0,53.0,20.59,68.0,96.41,1.72,334.97,2024-02
Rolling 3 Months,2023-12-01,2024-02-29,13794,32803,"Orlando, FL metro area",2.2,82.0,74.0,54.0,29.0,40.86,93.0,97.38,16.22,317.98,2024-02
Rolling 3 Months,2023-12-01,2024-02-29,13795,32804,"Orlando, FL metro area",4.0,111.0,62.0,81.0,23.0,44.44,90.0,97.48,11.29,335.14,2024-02
Rolling 3 Months,2023-12-01,2024-02-29,13796,32805,"Orlando, FL metro area",4.1,60.0,44.0,59.0,37.0,24.59,61.0,97.32,9.09,192.86,2024-02
Rolling 3 Months,2023-12-01,2024-02-29,13797,32806,"Orlando, FL metro area",3.8,131.0,93.0,117.0,47.0,36.07,122.0,97.02,8.6,274.9,2024-02
Rolling 3 Months,2023-12-01,2024-02-29,13798,32807,"Orlando, FL metro area",2.5,75.0,53.0,44.0,34.0,39.51,81.0,97.15,15.09,234.64,2024-02
Rolling 3 Months,2023-12-01,2024-02-29,13799,32808,"Orlando, FL metro area",3.6,141.0,89.0,107.0,23.0,36.72,128.0,98.51,23.6,205.0,2024-02
Rolling 3 Months,2023-12-01,2024-02-29,13801,32810,"Orlando, FL metro area",3.6,100.0,68.0,80.0,40.0,26.97,89.0,96.7,23.53,225.3,2024-02
Rolling 3 Months,2023-12-01,2024-02-29,13807,32817,"Orlando, FL metro area",2.2,72.0,55.0,40.0,31.0,40.26,77.0,96.87,10.91,259.07,2024-02
Rolling 3 Months,2023-12-01,2024-02-29,13809,32819,"Orlando, FL metro area",4.2,165.0,105.0,147.0,34.0,35.03,157.0,95.92,8.57,267.44,2024-02
Rolling 3 Months,2023-12-01,2024-02-29,13815,32826,"Orlando, FL metro area",2.6,64.0,42.0,36.0,28.0,39.62,53.0,97.17,14.29,215.41,2024-02
Rolling 3 Months,2023-12-01,2024-02-29,13816,32827,"Orlando, FL metro area",3.3,152.0,123.0,133.0,59.0,37.3,126.0,96.84,12.2,275.14,2024-02
Rolling 3 Months,2023-12-01,2024-02-29,13817,32828,"Orlando, FL metro area",2.5,158.0,111.0,91.0,32.0,41.1,146.0,98.37,14.41,225.27,2024-02
Rolling 3 Months,2023-12-01,2024-02-29,13821,32832,"Orlando, FL metro area",2.8,182.0,139.0,129.0,30.0,40.48,168.0,98.49,15.11,244.31,2024-02
Rolling 3 Months,2023-12-01,2024-02-29,13824,32835,"Orlando, FL metro area",4.1,180.0,118.0,161.0,38.0,31.08,148.0,97.1,7.63,214.09,2024-02
Rolling 3 Months,2023-12-01,2024-02-29,14733,34761,"Orlando, FL metro area",2.5,148.0,131.0,106.0,44.0,24.72,178.0,98.02,6.11,229.43,2024-02
Rolling 3 Months,2023-12-01,2024-02-29,14743,34786,"Orlando, FL metro area",4.9,206.0,110.0,176.0,38.0,31.71,164.0,96.71,2.73,269.84,2024-02
Rolling 3 Months,2023-12-01,2024-02-29,14744,34787,"Orlando, FL metro area",3.7,612.0,404.0,498.0,31.0,32.07,527.0,98.34,13.86,253.32,2024-02
Rolling 3 Months,2022-12-01,2023-02-28,13719,32703,"Orlando, FL metro area",1.7,138.0,142.0,80.0,37.0,35.71,168.0,97.29,11.97,204.77,2023-02
Rolling 3 Months,2022-12-01,2023-02-28,13726,32712,"Orlando, FL metro area",2.8,172.0,145.0,134.0,53.0,34.15,205.0,98.31,9.66,201.97,2023-02
Rolling 3 Months,2022-12-01,2023-02-28,13792,32801,"Orlando, FL metro area",2.1,62.0,54.0,38.0,45.0,34.92,63.0,96.38,7.41,317.21,2023-02
Rolling 3 Months,2022-12-01,2023-02-28,13794,32803,"Orlando, FL metro area",2.0,76.0,74.0,50.0,37.0,35.11,94.0,96.69,18.92,293.13,2023-02
Rolling 3 Months,2022-12-01,2023-02-28,13795,32804,"Orlando, FL metro area",2.5,76.0,73.0,61.0,40.0,31.25,96.0,96.59,15.07,285.13,2023-02
Rolling 3 Months,2022-12-01,2023-02-28,13796,32805,"Orlando, FL metro area",3.0,48.0,40.0,40.0,32.0,34.0,50.0,93.27,22.5,182.54,2023-02
Rolling 3 Months,2022-12-01,2023-02-28,13797,32806,"Orlando, FL metro area",2.0,113.0,101.0,67.0,45.0,36.13,119.0,96.68,10.89,272.87,2023-02
Rolling 3 Months,2022-12-01,2023-02-28,13798,32807,"Orlando, FL metro area",2.0,71.0,73.0,48.0,33.0,35.87,92.0,97.47,13.7,224.95,2023-02
Rolling 3 Months,2022-12-01,2023-02-28,13799,32808,"Orlando, FL metro area",2.1,169.0,140.0,96.0,42.0,33.0,203.0,97.26,18.57,184.21,2023-02
Rolling 3 Months,2022-12-01,2023-02-28,13801,32810,"Orlando, FL metro area",2.3,88.0,73.0,57.0,29.0,36.96,92.0,98.06,17.81,202.59,2023-02
Rolling 3 Months,2022-12-01,2023-02-28,13807,32817,"Orlando, FL metro area",1.5,70.0,69.0,35.0,24.0,43.53,85.0,96.85,18.84,225.24,2023-02
Rolling 3 Months,2022-12-01,2023-02-28,13809,32819,"Orlando, FL metro area",2.2,113.0,112.0,83.0,42.0,30.71,140.0,96.65,8.93,263.2,2023-02
Rolling 3 Months,2022-12-01,2023-02-28,13815,32826,"Orlando, FL metro area",1.6,46.0,38.0,20.0,50.0,33.33,63.0,96.38,15.79,219.15,2023-02
Rolling 3 Months,2022-12-01,2023-02-28,13816,32827,"Orlando, FL metro area",5.7,159.0,86.0,163.0,25.0,39.85,133.0,97.79,4.65,273.46,2023-02
Rolling 3 Months,2022-12-01,2023-02-28,13817,32828,"Orlando, FL metro area",2.0,135.0,110.0,73.0,31.0,34.62,156.0,98.49,13.64,222.58,2023-02
Rolling 3 Months,2022-12-01,2023-02-28,13821,32832,"Orlando, FL metro area",2.0,175.0,132.0,87.0,15.0,44.38,169.0,98.0,3.79,238.98,2023-02
Rolling 3 Months,2022-12-01,2023-02-28,13824,32835,"Orlando, FL metro area",2.3,148.0,132.0,103.0,39.0,36.42,162.0,97.18,9.85,199.88,2023-02
Rolling 3 Months,2022-12-01,2023-02-28,14733,34761,"Orlando, FL metro area",1.6,110.0,96.0,52.0,42.0,33.83,133.0,97.34,9.38,215.18,2023-02
Rolling 3 Months,2022-12-01,2023-02-28,14743,34786,"Orlando, FL metro area",3.0,147.0,127.0,129.0,38.0,33.96,159.0,96.5,12.6,255.79,2023-02
Rolling 3 Months,2022-12-01,2023-02-28,14744,34787,"Orlando, FL metro area",2.3,429.0,353.0,276.0,36.0,35.58,489.0,97.99,11.33,244.51,2023-02
Rolling 3 Months,2021-10-01,2021-12-31,13719,32703,"Orlando, FL metro area",0.7,179.0,248.0,57.0,11.0,61.29,217.0,99.52,37.9,182.19,2021-12
Rolling 3 Months,2021-10-01,2021-12-31,13726,32712,"Orlando, FL metro area",0.9,231.0,257.0,72.0,11.0,60.96,251.0,99.65,38.13,173.26,2021-12
Rolling 3 Months,2021-10-01,2021-12-31,13792,32801,"Orlando, FL metro area",1.5,103.0,109.0,52.0,29.0,44.19,129.0,98.12,20.18,268.58,2021-12
Rolling 3 Months,2021-10-01,2021-12-31,13794,32803,"Orlando, FL metro area",0.9,120.0,151.0,45.0,23.0,43.42,152.0,98.11,21.85,270.83,2021-12
Rolling 3 Months,2021-10-01,2021-12-31,13795,32804,"Orlando, FL metro area",1.3,104.0,135.0,56.0,27.0,47.73,132.0,97.69,18.52,258.2,2021-12
Rolling 3 Months,2021-10-01,2021-12-31,13796,32805,"Orlando, FL metro area",3.0,86.0,49.0,48.0,12.0,52.56,78.0,98.68,38.78,175.98,2021-12
Rolling 3 Months,2021-10-01,2021-12-31,13797,32806,"Orlando, FL metro area",0.9,135.0,180.0,55.0,32.0,38.98,177.0,98.22,19.44,242.94,2021-12
Rolling 3 Months,2021-10-01,2021-12-31,13798,32807,"Orlando, FL metro area",0.8,87.0,107.0,29.0,12.0,63.11,103.0,99.84,40.19,200.67,2021-12
Rolling 3 Months,2021-10-01,2021-12-31,13799,32808,"Orlando, FL metro area",1.0,178.0,182.0,61.0,12.0,58.45,207.0,99.09,35.71,159.72,2021-12
Rolling 3 Months,2021-10-01,2021-12-31,13801,32810,"Orlando, FL metro area",1.0,123.0,139.0,44.0,14.0,60.78,153.0,99.58,33.81,186.98,2021-12
Rolling 3 Months,2021-10-01,2021-12-31,13807,32817,"Orlando, FL metro area",0.6,73.0,100.0,19.0,11.0,63.41,82.0,99.41,41.0,207.53,2021-12
Rolling 3 Months,2021-10-01,2021-12-31,13809,32819,"Orlando, FL metro area",1.0,169.0,189.0,61.0,13.0,55.44,193.0,98.89,33.86,229.17,2021-12
Rolling 3 Months,2021-10-01,2021-12-31,13815,32826,"Orlando, FL metro area",0.7,63.0,65.0,14.0,9.0,74.63,67.0,101.01,47.69,200.11,2021-12
Rolling 3 Months,2021-10-01,2021-12-31,13816,32827,"Orlando, FL metro area",0.7,149.0,149.0,32.0,4.0,72.92,144.0,100.2,36.91,232.96,2021-12
Rolling 3 Months,2021-10-01,2021-12-31,13817,32828,"Orlando, FL metro area",0.6,196.0,238.0,48.0,9.0,68.45,206.0,101.33,50.84,189.2,2021-12
Rolling 3 Months,2021-10-01,2021-12-31,13821,32832,"Orlando, FL metro area",0.5,182.0,202.0,34.0,7.0,73.04,204.0,100.16,41.09,200.57,2021-12
Rolling 3 Months,2021-10-01,2021-12-31,13824,32835,"Orlando, FL metro area",1.0,217.0,232.0,74.0,13.0,55.92,245.0,99.35,37.5,173.52,2021-12
Rolling 3 Months,2021-10-01,2021-12-31,14733,34761,"Orlando, FL metro area",0.8,203.0,218.0,57.0,9.0,64.92,191.0,100.2,40.83,192.36,2021-12
Rolling 3 Months,2021-10-01,2021-12-31,14743,34786,"Orlando, FL metro area",0.8,233.0,268.0,69.0,9.0,66.39,244.0,99.59,42.54,224.75,2021-12
Rolling 3 Months,2021-10-01,2021-12-31,14744,34787,"Orlando, FL metro area",0.8,516.0,567.0,154.0,7.0,65.15,548.0,100.32,37.92,210.49,2021-12
Rolling 3 Months,2020-07-01,2020-09-30,13719,32703,"Orlando, FL metro area",1.0,234.0,251.0,83.0,20.0,50.71,282.0,98.03,21.12,149.28,2020-09
Rolling 3 Months,2020-07-01,2020-09-30,13726,32712,"Orlando, FL metro area",1.1,254.0,277.0,103.0,17.0,55.9,288.0,99.27,27.8,138.87,2020-09
Rolling 3 Months,2020-07-01,2020-09-30,13792,32801,"Orlando, FL metro area",5.1,156.0,84.0,139.0,40.0,33.01,103.0,97.17,9.52,247.19,2020-09
Rolling 3 Months,2020-07-01,2020-09-30,13794,32803,"Orlando, FL metro area",2.4,172.0,122.0,95.0,12.0,61.59,151.0,97.42,13.11,242.77,2020-09
Rolling 3 Months,2020-07-01,2020-09-30,13795,32804,"Orlando, FL metro area",3.0,155.0,124.0,120.0,21.0,46.58,146.0,97.57,16.13,229.69,2020-09
Rolling 3 Months,2020-07-01,2020-09-30,13796,32805,"Orlando, FL metro area",1.7,62.0,67.0,38.0,28.0,35.71,84.0,95.46,26.87,131.55,2020-09
Rolling 3 Months,2020-07-01,2020-09-30,13797,32806,"Orlando, FL metro area",2.0,181.0,159.0,104.0,20.0,52.06,194.0,97.63,17.61,208.51,2020-09
Rolling 3 Months,2020-07-01,2020-09-30,13798,32807,"Orlando, FL metro area",1.4,119.0,102.0,47.0,14.0,60.32,126.0,98.01,28.43,167.79,2020-09
Rolling 3 Months,2020-07-01,2020-09-30,13799,32808,"Orlando, FL metro area",2.3,179.0,166.0,124.0,39.0,40.49,205.0,97.3,19.28,120.93,2020-09
Rolling 3 Months,2020-07-01,2020-09-30,13801,32810,"Orlando, FL metro area",1.7,111.0,107.0,59.0,26.0,48.12,133.0,97.0,17.76,149.48,2020-09
Rolling 3 Months,2020-07-01,2020-09-30,13807,32817,"Orlando, FL metro area",1.3,107.0,98.0,42.0,7.0,62.07,116.0,98.49,31.63,168.53,2020-09
Rolling 3 Months,2020-07-01,2020-09-30,13809,32819,"Orlando, FL metro area",3.7,233.0,172.0,209.0,33.0,39.52,210.0,96.87,9.3,177.07,2020-09
Rolling 3 Months,2020-07-01,2020-09-30,13815,32826,"Orlando, FL metro area",1.1,96.0,95.0,33.0,11.0,63.92,97.0,98.47,24.21,156.85,2020-09
Rolling 3 Months,2020-07-01,2020-09-30,13816,32827,"Orlando, FL metro area",1.9,151.0,168.0,105.0,35.0,35.68,185.0,97.54,5.95,190.54,2020-09
Rolling 3 Months,2020-07-01,2020-09-30,13817,32828,"Orlando, FL metro area",1.0,312.0,306.0,102.0,8.0,63.61,316.0,99.0,21.9,152.81,2020-09
Rolling 3 Months,2020-07-01,2020-09-30,13821,32832,"Orlando, FL metro area",1.5,246.0,248.0,119.0,22.0,43.43,274.0,98.17,11.29,159.51,2020-09
Rolling 3 Months,2020-07-01,2020-09-30,13824,32835,"Orlando, FL metro area",2.8,222.0,195.0,179.0,50.0,35.91,220.0,97.58,10.26,144.99,2020-09
Rolling 3 Months,2020-07-01,2020-09-30,14733,34761,"Orlando, FL metro area",1.3,279.0,230.0,95.0,16.0,58.36,281.0,97.9,16.52,149.47,2020-09
Rolling 3 Months,2020-07-01,2020-09-30,14743,34786,"Orlando, FL metro area",2.7,334.0,312.0,272.0,35.0,36.05,380.0,97.08,9.94,174.87,2020-09
Rolling 3 Months,2020-07-01,2020-09-30,14744,34787,"Orlando, FL metro area",1.7,742.0,679.0,374.0,20.0,44.05,790.0,98.25,11.19,162.39,2020-09
Rolling 3 Months,2020-06-01,2020-08-31,13719,32703,"Orlando, FL metro area",1.2,258.0,244.0,92.0,16.0,50.0,296.0,98.25,20.9,146.53,2020-08
Rolling 3 Months,2020-06-01,2020-08-31,13726,32712,"Orlando, FL metro area",1.2,268.0,289.0,115.0,19.0,52.04,319.0,99.12,23.53,137.79,2020-08
Rolling 3 Months,2020-06-01,2020-08-31,13792,32801,"Orlando, FL metro area",4.3,132.0,88.0,123.0,43.0,26.67,105.0,96.66,6.82,252.13,2020-08
Rolling 3 Months,2020-06-01,2020-08-31,13794,32803,"Orlando, FL metro area",2.1,158.0,121.0,83.0,21.0,57.24,145.0,97.18,10.74,237.54,2020-08
Rolling 3 Months,2020-06-01,2020-08-31,13795,32804,"Orlando, FL metro area",2.4,144.0,127.0,98.0,27.0,45.19,135.0,97.79,15.75,228.48,2020-08
Rolling 3 Months,2020-06-01,2020-08-31,13796,32805,"Orlando, FL metro area",2.7,69.0,60.0,52.0,41.0,41.56,77.0,94.79,18.33,131.55,2020-08
Rolling 3 Months,2020-06-01,2020-08-31,13797,32806,"Orlando, FL metro area",2.2,181.0,147.0,107.0,20.0,51.27,197.0,97.61,18.37,206.0,2020-08
Rolling 3 Months,2020-06-01,2020-08-31,13798,32807,"Orlando, FL metro area",1.4,122.0,100.0,45.0,14.0,57.46,134.0,98.21,31.0,170.86,2020-08
Rolling 3 Months,2020-06-01,2020-08-31,13799,32808,"Orlando, FL metro area",2.2,169.0,164.0,117.0,38.0,38.5,200.0,97.39,11.59,123.46,2020-08
Rolling 3 Months,2020-06-01,2020-08-31,13801,32810,"Orlando, FL metro area",1.7,108.0,113.0,61.0,23.0,45.59,136.0,97.07,22.12,149.8,2020-08
Rolling 3 Months,2020-06-01,2020-08-31,13807,32817,"Orlando, FL metro area",1.1,101.0,102.0,35.0,7.0,56.76,111.0,98.46,28.43,164.78,2020-08
Rolling 3 Months,2020-06-01,2020-08-31,13809,32819,"Orlando, FL metro area",3.5,231.0,172.0,198.0,34.0,43.4,212.0,96.89,8.14,178.64,2020-08
Rolling 3 Months,2020-06-01,2020-08-31,13815,32826,"Orlando, FL metro area",0.6,88.0,105.0,21.0,10.0,62.89,97.0,98.67,21.9,154.43,2020-08
Rolling 3 Months,2020-06-01,2020-08-31,13816,32827,"Orlando, FL metro area",2.3,178.0,164.0,123.0,35.0,34.76,187.0,97.59,6.71,187.02,2020-08
Rolling 3 Months,2020-06-01,2020-08-31,13817,32828,"Orlando, FL metro area",0.9,317.0,319.0,91.0,9.0,62.32,345.0,99.0,22.26,150.74,2020-08
Rolling 3 Months,2020-06-01,2020-08-31,13821,32832,"Orlando, FL metro area",2.1,250.0,214.0,146.0,24.0,41.76,273.0,98.16,11.21,158.99,2020-08
Rolling 3 Months,2020-06-01,2020-08-31,13824,32835,"Orlando, FL metro area",2.9,214.0,173.0,164.0,51.0,31.86,226.0,97.6,12.72,143.65,2020-08
Rolling 3 Months,2020-06-01,2020-08-31,14733,34761,"Orlando, FL metro area",1.5,287.0,215.0,106.0,18.0,53.9,308.0,98.15,17.21,147.06,2020-08
Rolling 3 Months,2020-06-01,2020-08-31,14743,34786,"Orlando, FL metro area",3.3,349.0,261.0,283.0,35.0,34.38,381.0,96.76,7.66,175.4,2020-08
Rolling 3 Months,2020-06-01,2020-08-31,14744,34787,"Orlando, FL metro area",1.9,751.0,644.0,397.0,22.0,43.65,779.0,98.14,11.02,161.38,2020-08
Rolling 3 Months,2019-06-01,2019-08-31,13719,32703,"Orlando, FL metro area",1.9,271.0,263.0,162.0,21.0,46.57,277.0,96.95,14.83,138.89,2019-08
Rolling 3 Months,2019-06-01,2019-08-31,13726,32712,"Orlando, FL metro area",2.4,298.0,273.0,214.0,20.0,46.46,297.0,98.41,13.92,132.02,2019-08
Rolling 3 Months,2019-06-01,2019-08-31,13792,32801,"Orlando, FL metro area",3.4,110.0,101.0,112.0,55.0,24.79,117.0,97.07,4.95,230.53,2019-08
Rolling 3 Months,2019-06-01,2019-08-31,13794,32803,"Orlando, FL metro area",3.0,160.0,130.0,127.0,26.0,43.26,141.0,97.17,11.54,226.42,2019-08
Rolling 3 Months,2019-06-01,2019-08-31,13795,32804,"Orlando, FL metro area",3.0,150.0,135.0,130.0,25.0,34.81,158.0,96.58,7.41,231.64,2019-08
Rolling 3 Months,2019-06-01,2019-08-31,13796,32805,"Orlando, FL metro area",1.9,54.0,66.0,40.0,33.0,28.75,80.0,93.37,12.12,108.33,2019-08
Rolling 3 Months,2019-06-01,2019-08-31,13797,32806,"Orlando, FL metro area",2.3,186.0,168.0,127.0,16.0,41.67,168.0,97.14,12.5,184.39,2019-08
Rolling 3 Months,2019-06-01,2019-08-31,13798,32807,"Orlando, FL metro area",1.7,124.0,119.0,65.0,18.0,54.47,123.0,98.05,15.97,144.1,2019-08
Rolling 3 Months,2019-06-01,2019-08-31,13799,32808,"Orlando, FL metro area",2.2,214.0,183.0,132.0,32.0,43.85,244.0,97.17,16.94,112.48,2019-08
Rolling 3 Months,2019-06-01,2019-08-31,13801,32810,"Orlando, FL metro area",2.0,140.0,132.0,84.0,28.0,42.28,149.0,97.74,16.67,136.9,2019-08
Rolling 3 Months,2019-06-01,2019-08-31,13807,32817,"Orlando, FL metro area",1.1,112.0,134.0,49.0,19.0,50.38,133.0,97.94,17.91,155.39,2019-08
Rolling 3 Months,2019-06-01,2019-08-31,13809,32819,"Orlando, FL metro area",3.1,193.0,176.0,179.0,40.0,35.39,178.0,96.16,9.09,162.41,2019-08
Rolling 3 Months,2019-06-01,2019-08-31,13815,32826,"Orlando, FL metro area",1.1,103.0,101.0,35.0,18.0,50.88,114.0,98.11,22.77,144.61,2019-08
Rolling 3 Months,2019-06-01,2019-08-31,13816,32827,"Orlando, FL metro area",3.4,209.0,158.0,176.0,27.0,37.71,175.0,97.34,6.96,185.63,2019-08
Rolling 3 Months,2019-06-01,2019-08-31,13817,32828,"Orlando, FL metro area",1.8,359.0,379.0,221.0,25.0,38.6,399.0,98.38,10.55,139.63,2019-08
Rolling 3 Months,2019-06-01,2019-08-31,13821,32832,"Orlando, FL metro area",2.0,212.0,233.0,154.0,24.0,39.25,214.0,98.43,14.16,149.43,2019-08
Rolling 3 Months,2019-06-01,2019-08-31,13824,32835,"Orlando, FL metro area",2.7,272.0,231.0,203.0,27.0,42.58,256.0,97.41,12.12,141.57,2019-08
Rolling 3 Months,2019-06-01,2019-08-31,14733,34761,"Orlando, FL metro area",2.0,244.0,218.0,145.0,18.0,41.7,247.0,98.34,16.51,138.79,2019-08
Rolling 3 Months,2019-06-01,2019-08-31,14743,34786,"Orlando, FL metro area",3.4,331.0,302.0,335.0,38.0,33.67,300.0,97.14,6.95,165.61,2019-08
Rolling 3 Months,2019-06-01,2019-08-31,14744,34787,"Orlando, FL metro area",2.1,690.0,643.0,433.0,16.0,44.54,669.0,98.27,10.89,153.42,2019-08
Rolling 3 Months,2019-05-01,2019-07-31,13719,32703,"Orlando, FL metro area",1.9,276.0,268.0,163.0,19.0,44.9,294.0,96.89,15.3,138.83,2019-07
Rolling 3 Months,2019-05-01,2019-07-31,13726,32712,"Orlando, FL metro area",2.3,314.0,269.0,203.0,25.0,44.83,319.0,98.3,13.75,130.62,2019-07
Rolling 3 Months,2019-05-01,2019-07-31,13792,32801,"Orlando, FL metro area",4.4,126.0,87.0,126.0,39.0,29.25,106.0,96.58,5.75,214.08,2019-07
Rolling 3 Months,2019-05-01,2019-07-31,13794,32803,"Orlando, FL metro area",2.6,156.0,154.0,133.0,30.0,38.51,148.0,97.05,11.04,223.58,2019-07
Rolling 3 Months,2019-05-01,2019-07-31,13795,32804,"Orlando, FL metro area",3.2,160.0,139.0,143.0,31.0,38.16,152.0,96.15,5.76,225.52,2019-07
Rolling 3 Months,2019-05-01,2019-07-31,13796,32805,"Orlando, FL metro area",2.5,65.0,68.0,55.0,21.0,32.14,84.0,92.8,13.24,94.56,2019-07
Rolling 3 Months,2019-05-01,2019-07-31,13797,32806,"Orlando, FL metro area",2.3,204.0,162.0,122.0,16.0,44.67,197.0,97.94,17.28,184.69,2019-07
Rolling 3 Months,2019-05-01,2019-07-31,13798,32807,"Orlando, FL metro area",1.5,129.0,114.0,57.0,16.0,53.73,134.0,97.96,15.79,145.26,2019-07
Rolling 3 Months,2019-05-01,2019-07-31,13799,32808,"Orlando, FL metro area",2.4,216.0,192.0,153.0,26.0,43.29,231.0,97.32,18.23,111.78,2019-07
Rolling 3 Months,2019-05-01,2019-07-31,13801,32810,"Orlando, FL metro area",2.0,152.0,144.0,92.0,26.0,42.31,156.0,97.6,20.14,134.78,2019-07
Rolling 3 Months,2019-05-01,2019-07-31,13807,32817,"Orlando, FL metro area",1.3,132.0,139.0,58.0,19.0,52.08,144.0,97.87,18.71,155.37,2019-07
Rolling 3 Months,2019-05-01,2019-07-31,13809,32819,"Orlando, FL metro area",3.0,193.0,186.0,184.0,44.0,32.34,201.0,96.41,10.22,167.66,2019-07
Rolling 3 Months,2019-05-01,2019-07-31,13815,32826,"Orlando, FL metro area",1.5,118.0,103.0,49.0,16.0,53.51,114.0,98.06,22.33,144.15,2019-07
Rolling 3 Months,2019-05-01,2019-07-31,13816,32827,"Orlando, FL metro area",3.2,202.0,160.0,167.0,33.0,36.26,171.0,97.38,9.38,187.65,2019-07
Rolling 3 Months,2019-05-01,2019-07-31,13817,32828,"Orlando, FL metro area",1.9,400.0,373.0,230.0,21.0,40.73,410.0,98.53,11.53,140.03,2019-07
Rolling 3 Months,2019-05-01,2019-07-31,13821,32832,"Orlando, FL metro area",2.2,222.0,229.0,162.0,22.0,42.03,207.0,98.51,17.47,148.46,2019-07
Rolling 3 Months,2019-05-01,2019-07-31,13824,32835,"Orlando, FL metro area",2.3,273.0,237.0,179.0,25.0,43.96,273.0,97.2,10.97,141.34,2019-07
Rolling 3 Months,2019-05-01,2019-07-31,14733,34761,"Orlando, FL metro area",2.0,263.0,233.0,154.0,16.0,46.64,238.0,98.22,15.88,140.41,2019-07
Rolling 3 Months,2019-05-01,2019-07-31,14743,34786,"Orlando, FL metro area",3.2,370.0,319.0,334.0,36.0,33.43,329.0,97.17,5.33,165.59,2019-07
Rolling 3 Months,2019-05-01,2019-07-31,14744,34787,"Orlando, FL metro area",2.2,768.0,651.0,457.0,18.0,48.77,689.0,98.24,11.21,152.24,2019-07
Rolling 3 Months,2018-06-01,2018-08-31,13719,32703,"Orlando, FL metro area",2.2,266.0,232.0,168.0,20.0,45.27,243.0,97.3,19.83,129.83,2018-08
Rolling 3 Months,2018-06-01,2018-08-31,13726,32712,"Orlando, FL metro area",2.1,322.0,293.0,204.0,25.0,40.0,320.0,98.33,18.09,125.56,2018-08
Rolling 3 Months,2018-06-01,2018-08-31,13792,32801,"Orlando, FL metro area",3.1,94.0,93.0,94.0,63.0,27.37,95.0,96.69,10.75,210.23,2018-08
Rolling 3 Months,2018-06-01,2018-08-31,13794,32803,"Orlando, FL metro area",2.9,162.0,141.0,134.0,15.0,46.72,137.0,97.76,16.31,208.67,2018-08
Rolling 3 Months,2018-06-01,2018-08-31,13795,32804,"Orlando, FL metro area",2.8,164.0,149.0,134.0,24.0,37.5,128.0,96.93,10.74,202.67,2018-08
Rolling 3 Months,2018-06-01,2018-08-31,13796,32805,"Orlando, FL metro area",2.7,75.0,56.0,50.0,24.0,44.44,63.0,96.87,17.86,111.27,2018-08
Rolling 3 Months,2018-06-01,2018-08-31,13797,32806,"Orlando, FL metro area",2.7,197.0,162.0,145.0,21.0,46.03,189.0,97.38,14.81,182.2,2018-08
Rolling 3 Months,2018-06-01,2018-08-31,13798,32807,"Orlando, FL metro area",2.4,138.0,123.0,95.0,16.0,42.34,137.0,98.53,25.2,146.73,2018-08
Rolling 3 Months,2018-06-01,2018-08-31,13799,32808,"Orlando, FL metro area",2.6,223.0,178.0,152.0,22.0,49.52,210.0,97.68,28.09,100.87,2018-08
Rolling 3 Months,2018-06-01,2018-08-31,13801,32810,"Orlando, FL metro area",2.3,157.0,135.0,103.0,16.0,47.4,154.0,97.73,19.26,127.95,2018-08
Rolling 3 Months,2018-06-01,2018-08-31,13807,32817,"Orlando, FL metro area",1.6,141.0,136.0,72.0,14.0,51.91,131.0,98.04,16.18,153.53,2018-08
Rolling 3 Months,2018-06-01,2018-08-31,13809,32819,"Orlando, FL metro area",3.3,172.0,155.0,167.0,30.0,30.9,178.0,96.69,14.19,162.57,2018-08
Rolling 3 Months,2018-06-01,2018-08-31,13815,32826,"Orlando, FL metro area",1.0,120.0,114.0,39.0,14.0,56.15,130.0,98.11,19.3,134.18,2018-08
Rolling 3 Months,2018-06-01,2018-08-31,13816,32827,"Orlando, FL metro area",3.1,173.0,161.0,162.0,30.0,30.0,150.0,98.09,11.8,168.87,2018-08
Rolling 3 Months,2018-06-01,2018-08-31,13817,32828,"Orlando, FL metro area",1.9,370.0,341.0,207.0,16.0,47.35,321.0,98.48,19.06,138.64,2018-08
Rolling 3 Months,2018-06-01,2018-08-31,13821,32832,"Orlando, FL metro area",2.0,218.0,228.0,151.0,22.0,43.38,219.0,98.21,18.42,146.42,2018-08
Rolling 3 Months,2018-06-01,2018-08-31,13824,32835,"Orlando, FL metro area",2.2,248.0,232.0,166.0,29.0,37.36,265.0,96.97,12.93,125.18,2018-08
Rolling 3 Months,2018-06-01,2018-08-31,14733,34761,"Orlando, FL metro area",1.7,266.0,256.0,139.0,18.0,48.0,250.0,98.5,17.97,128.62,2018-08
Rolling 3 Months,2018-06-01,2018-08-31,14743,34786,"Orlando, FL metro area",4.3,379.0,314.0,441.0,43.0,27.21,305.0,97.36,9.55,156.76,2018-08
Rolling 3 Months,2018-06-01,2018-08-31,14744,34787,"Orlando, FL metro area",2.1,580.0,572.0,390.0,29.0,41.34,566.0,97.87,12.94,144.69,2018-08
Rolling 3 Months,2017-05-01,2017-07-31,13719,32703,"Orlando, FL metro area",2.6,270.0,208.0,175.0,25.0,48.13,241.0,99.02,22.12,116.71,2017-07
Rolling 3 Months,2017-05-01,2017-07-31,13726,32712,"Orlando, FL metro area",2.1,311.0,278.0,194.0,24.0,41.2,301.0,98.43,17.99,116.57,2017-07
Rolling 3 Months,2017-05-01,2017-07-31,13792,32801,"Orlando, FL metro area",2.9,104.0,111.0,105.0,68.0,21.26,127.0,96.21,6.31,225.21,2017-07
Rolling 3 Months,2017-05-01,2017-07-31,13794,32803,"Orlando, FL metro area",2.8,164.0,136.0,125.0,22.0,47.52,141.0,97.42,17.65,199.33,2017-07
Rolling 3 Months,2017-05-01,2017-07-31,13795,32804,"Orlando, FL metro area",3.4,172.0,154.0,170.0,26.0,37.34,158.0,97.02,11.69,198.86,2017-07
Rolling 3 Months,2017-05-01,2017-07-31,13796,32805,"Orlando, FL metro area",2.9,63.0,51.0,48.0,20.0,45.0,60.0,94.57,19.61,76.92,2017-07
Rolling 3 Months,2017-05-01,2017-07-31,13797,32806,"Orlando, FL metro area",2.6,201.0,184.0,153.0,29.0,39.9,198.0,96.84,9.78,161.87,2017-07
Rolling 3 Months,2017-05-01,2017-07-31,13798,32807,"Orlando, FL metro area",1.7,160.0,125.0,70.0,13.0,61.29,155.0,98.18,30.4,123.77,2017-07
Rolling 3 Months,2017-05-01,2017-07-31,13799,32808,"Orlando, FL metro area",2.0,198.0,178.0,118.0,29.0,40.83,218.0,97.66,20.79,83.54,2017-07
Rolling 3 Months,2017-05-01,2017-07-31,13801,32810,"Orlando, FL metro area",1.7,147.0,140.0,76.0,19.0,50.0,146.0,97.62,28.57,111.46,2017-07
Rolling 3 Months,2017-05-01,2017-07-31,13807,32817,"Orlando, FL metro area",1.5,125.0,123.0,60.0,15.0,55.04,129.0,96.97,17.07,132.89,2017-07
Rolling 3 Months,2017-05-01,2017-07-31,13809,32819,"Orlando, FL metro area",3.9,202.0,183.0,230.0,40.0,30.27,185.0,96.27,7.65,152.56,2017-07
Rolling 3 Months,2017-05-01,2017-07-31,13815,32826,"Orlando, FL metro area",1.2,121.0,115.0,44.0,11.0,63.25,117.0,98.56,26.96,130.34,2017-07
Rolling 3 Months,2017-05-01,2017-07-31,13816,32827,"Orlando, FL metro area",3.7,148.0,135.0,162.0,48.0,26.56,128.0,97.43,13.33,167.95,2017-07
Rolling 3 Months,2017-05-01,2017-07-31,13817,32828,"Orlando, FL metro area",2.2,408.0,335.0,236.0,13.0,53.95,367.0,98.6,19.4,128.55,2017-07
Rolling 3 Months,2017-05-01,2017-07-31,13821,32832,"Orlando, FL metro area",3.0,209.0,179.0,176.0,31.0,40.11,187.0,97.25,6.15,135.39,2017-07
Rolling 3 Months,2017-05-01,2017-07-31,13824,32835,"Orlando, FL metro area",3.0,315.0,255.0,252.0,32.0,34.59,292.0,96.79,12.55,112.98,2017-07
Rolling 3 Months,2017-05-01,2017-07-31,14733,34761,"Orlando, FL metro area",2.5,268.0,204.0,164.0,16.0,49.21,252.0,98.4,21.08,121.02,2017-07
Rolling 3 Months,2017-05-01,2017-07-31,14743,34786,"Orlando, FL metro area",4.5,395.0,324.0,480.0,48.0,24.02,333.0,96.71,6.79,144.9,2017-07
Rolling 3 Months,2017-05-01,2017-07-31,14744,34787,"Orlando, FL metro area",2.7,645.0,554.0,488.0,34.0,33.97,633.0,97.97,11.73,132.45,2017-07
Rolling 3 Months,2026-06-01,2026-08-31,13719,32703,"Orlando, FL metro area",3.5,255.0,231.0,264.0,49.0,26.63,247.0,98.45,19.63,214.96,2026-08
Rolling 3 Months,2026-06-01,2026-08-31,13726,32712,"Orlando, FL metro area",3.8,284.0,246.0,307.0,47.0,23.43,273.0,98.54,12.54,208.23,2026-08
Rolling 3 Months,2026-06-01,2026-08-31,13792,32801,"Orlando, FL metro area",7.6,84.0,52.0,130.0,65.0,21.49,46.0,96.93,13.72,273.89,2026-08
Rolling 3 Months,2026-06-01,2026-08-31,13794,32803,"Orlando, FL metro area",3.6,139.0,108.0,128.0,40.0,45.19,106.0,97.03,6.66,333.56,2026-08
Rolling 3 Months,2026-06-01,2026-08-31,13795,32804,"Orlando, FL metro area",3.2,127.0,119.0,126.0,42.0,39.91,110.0,96.78,6.03,351.2,2026-08
Rolling 3 Months,2026-06-01,2026-08-31,13796,32805,"Orlando, FL metro area",5.6,70.0,46.0,85.0,63.0,26.96,56.0,95.64,8.88,223.36,2026-08
Rolling 3 Months,2026-06-01,2026-08-31,13797,32806,"Orlando, FL metro area",4.3,153.0,118.0,164.0,29.0,42.92,130.0,97.24,7.82,287.99,2026-08
Rolling 3 Months,2026-06-01,2026-08-31,13798,32807,"Orlando, FL metro area",4.2,110.0,76.0,104.0,44.0,40.16,97.0,97.51,16.2,237.81,2026-08
Rolling 3 Months,2026-06-01,2026-08-31,13799,32808,"Orlando, FL metro area",6.0,178.0,105.0,204.0,61.0,28.47,126.0,97.71,21.55,198.34,2026-08
Rolling 3 Months,2026-06-01,2026-08-31,13801,32810,"Orlando, FL metro area",5.6,108.0,66.0,121.0,44.0,35.84,81.0,96.36,9.37,214.69,2026-08
Rolling 3 Months,2026-06-01,2026-08-31,13807,32817,"Orlando, FL metro area",2.4,94.0,86.0,69.0,20.0,42.04,88.0,98.22,13.09,249.31,2026-08
Rolling 3 Months,2026-06-01,2026-08-31,13809,32819,"Orlando, FL metro area",5.2,169.0,126.0,214.0,52.0,29.48,115.0,96.16,5.73,277.73,2026-08
Rolling 3 Months,2026-06-01,2026-08-31,13815,32826,"Orlando, FL metro area",2.8,84.0,66.0,61.0,21.0,47.89,65.0,98.42,21.86,227.62,2026-08
Rolling 3 Months,2026-06-01,2026-08-31,13816,32827,"Orlando, FL metro area",4.7,155.0,145.0,223.0,62.0,19.16,130.0,97.6,4.25,284.16,2026-08
Rolling 3 Months,2026-06-01,2026-08-31,13817,32828,"Orlando, FL metro area",3.7,207.0,172.0,209.0,42.0,29.77,178.0,98.59,13.76,221.47,2026-08
Rolling 3 Months,2026-06-01,2026-08-31,13821,32832,"Orlando, FL metro area",5.5,222.0,153.0,273.0,50.0,26.74,161.0,98.08,6.71,233.21,2026-08
Rolling 3 Months,2026-06-01,2026-08-31,13824,32835,"Orlando, FL metro area",5.8,189.0,122.0,231.0,53.0,18.58,151.0,96.93,7.56,211.4,2026-08
Rolling 3 Months,2026-05-01,2026-07-31,13719,32703,"Orlando, FL metro area",3.0,262.0,252.0,248.0,42.0,27.6,250.0,98.52,18.25,214.1,2026-07
Rolling 3 Months,2026-05-01,2026-07-31,13726,32712,"Orlando, FL metro area",3.7,307.0,251.0,305.0,45.0,24.73,275.0,98.58,10.36,205.8,2026-07
Rolling 3 Months,2026-05-01,2026-07-31,13792,32801,"Orlando, FL metro area",7.6,77.0,50.0,124.0,53.0,31.82,44.0,97.75,12.0,312.64,2026-07
Rolling 3 Months,2026-05-01,2026-07-31,13794,32803,"Orlando, FL metro area",2.9,139.0,121.0,115.0,40.0,45.97,124.0,97.59,11.57,342.55,2026-07
Rolling 3 Months,2026-05-01,2026-07-31,13795,32804,"Orlando, FL metro area",3.1,126.0,116.0,118.0,35.0,43.41,129.0,96.19,6.03,339.83,2026-07
Rolling 3 Months,2026-05-01,2026-07-31,13796,32805,"Orlando, FL metro area",5.4,67.0,47.0,83.0,42.0,32.2,59.0,95.97,14.89,221.5,2026-07
Rolling 3 Months,2026-05-01,2026-07-31,13797,32806,"Orlando, FL metro area",3.8,171.0,127.0,157.0,18.0,49.24,132.0,97.39,14.17,291.64,2026-07
Rolling 3 Months,2026-05-01,2026-07-31,13798,32807,"Orlando, FL metro area",4.3,98.0,68.0,96.0,41.0,37.93,87.0,97.17,19.12,228.36,2026-07
Rolling 3 Months,2026-05-01,2026-07-31,13799,32808,"Orlando, FL metro area",5.2,166.0,110.0,186.0,43.0,29.6,125.0,97.96,21.82,200.82,2026-07
Rolling 3 Months,2026-05-01,2026-07-31,13801,32810,"Orlando, FL metro area",4.9,98.0,65.0,103.0,35.0,33.33,81.0,97.57,12.31,217.47,2026-07
Rolling 3 Months,2026-05-01,2026-07-31,13807,32817,"Orlando, FL metro area",2.5,106.0,87.0,70.0,19.0,51.06,94.0,98.62,13.79,248.99,2026-07
Rolling 3 Months,2026-05-01,2026-07-31,13809,32819,"Orlando, FL metro area",4.6,163.0,133.0,201.0,48.0,23.7,135.0,96.35,7.52,281.44,2026-07
Rolling 3 Months,2026-05-01,2026-07-31,13815,32826,"Orlando, FL metro area",2.4,77.0,58.0,45.0,22.0,49.18,61.0,98.3,17.24,231.99,2026-07
Rolling 3 Months,2026-05-01,2026-07-31,13816,32827,"Orlando, FL metro area",4.7,187.0,144.0,220.0,48.0,26.81,138.0,97.43,4.86,289.02,2026-07
Rolling 3 Months,2026-05-01,2026-07-31,13817,32828,"Orlando, FL metro area",4.2,245.0,158.0,217.0,31.0,33.51,185.0,98.54,12.66,223.85,2026-07
Rolling 3 Months,2026-05-01,2026-07-31,13821,32832,"Orlando, FL metro area",4.3,223.0,178.0,248.0,39.0,30.25,162.0,97.84,6.74,240.56,2026-07
Rolling 3 Months,2026-05-01,2026-07-31,13824,32835,"Orlando, FL metro area",6.5,194.0,115.0,243.0,42.0,25.18,139.0,96.24,5.22,209.4,2026-07
Rolling 3 Months,2026-05-01,2026-07-31,14733,34761,"Orlando, FL metro area",2.9,191.0,185.0,177.0,32.0,30.69,189.0,98.69,16.76,217.03,2026-07
Rolling 3 Months,2026-05-01,2026-07-31,14743,34786,"Orlando, FL metro area",3.9,254.0,214.0,274.0,37.0,33.49,215.0,96.19,5.61,307.93,2026-07
Rolling 3 Months,2026-05-01,2026-07-31,14744,34787,"Orlando, FL metro area",4.3,782.0,550.0,771.0,38.0,32.82,582.0,97.79,8.36,256.11,2026-07
Rolling 3 Months,2025-05-01,2025-07-31,13719,32703,"Orlando, FL metro area",3.1,317.0,270.0,272.0,45.0,31.47,286.0,98.81,9.26,214.82,2025-07
Rolling 3 Months,2025-05-01,2025-07-31,13726,32712,"Orlando, FL metro area",3.9,346.0,263.0,334.0,52.0,27.4,292.0,98.22,9.89,209.4,2025-07
Rolling 3 Months,2025-05-01,2025-07-31,13792,32801,"Orlando, FL metro area",7.5,92.0,61.0,149.0,68.0,14.08,71.0,95.37,1.64,300.16,2025-07
Rolling 3 Months,2025-05-01,2025-07-31,13794,32803,"Orlando, FL metro area",3.2,128.0,113.0,119.0,40.0,37.04,135.0,98.07,12.39,365.85,2025-07
Rolling 3 Months,2025-05-01,2025-07-31,13795,32804,"Orlando, FL metro area",3.5,161.0,119.0,135.0,28.0,37.23,137.0,97.75,11.76,348.46,2025-07
Rolling 3 Months,2025-05-01,2025-07-31,13796,32805,"Orlando, FL metro area",3.8,54.0,49.0,61.0,63.0,28.57,63.0,95.79,12.24,221.67,2025-07
Rolling 3 Months,2025-05-01,2025-07-31,13797,32806,"Orlando, FL metro area",4.1,142.0,114.0,154.0,40.0,26.72,131.0,96.77,9.65,284.16,2025-07
Rolling 3 Months,2025-05-01,2025-07-31,13798,32807,"Orlando, FL metro area",3.1,93.0,79.0,81.0,40.0,31.87,91.0,98.87,12.66,245.54,2025-07
Rolling 3 Months,2025-05-01,2025-07-31,13799,32808,"Orlando, FL metro area",4.3,181.0,137.0,192.0,54.0,26.29,175.0,98.14,15.33,192.11,2025-07
Rolling 3 Months,2025-05-01,2025-07-31,13801,32810,"Orlando, FL metro area",3.1,94.0,83.0,84.0,37.0,30.49,82.0,94.15,8.43,218.84,2025-07
Rolling 3 Months,2025-05-01,2025-07-31,13807,32817,"Orlando, FL metro area",3.0,108.0,84.0,82.0,19.0,41.75,103.0,96.42,11.9,243.72,2025-07
Rolling 3 Months,2025-05-01,2025-07-31,13809,32819,"Orlando, FL metro area",8.0,199.0,92.0,239.0,46.0,26.5,117.0,96.02,2.17,276.39,2025-07
Rolling 3 Months,2025-05-01,2025-07-31,13815,32826,"Orlando, FL metro area",3.5,72.0,46.0,52.0,32.0,44.68,47.0,97.57,15.22,246.66,2025-07
Rolling 3 Months,2025-05-01,2025-07-31,13816,32827,"Orlando, FL metro area",4.4,180.0,138.0,199.0,50.0,26.71,146.0,96.62,7.97,286.78,2025-07
Rolling 3 Months,2025-05-01,2025-07-31,13817,32828,"Orlando, FL metro area",2.6,206.0,182.0,156.0,29.0,29.24,171.0,98.31,9.89,231.45,2025-07
Rolling 3 Months,2025-05-01,2025-07-31,13821,32832,"Orlando, FL metro area",4.8,259.0,174.0,271.0,47.0,30.97,155.0,97.97,5.75,254.7,2025-07
Rolling 3 Months,2025-05-01,2025-07-31,13824,32835,"Orlando, FL metro area",8.3,216.0,113.0,306.0,43.0,16.2,142.0,97.46,8.85,213.43,2025-07
Rolling 3 Months,2025-05-01,2025-07-31,14733,34761,"Orlando, FL metro area",2.6,197.0,171.0,147.0,43.0,33.52,179.0,98.19,11.11,221.74,2025-07
Rolling 3 Months,2025-05-01,2025-07-31,14743,34786,"Orlando, FL metro area",4.4,254.0,188.0,267.0,43.0,29.52,210.0,95.77,4.26,277.6,2025-07
Rolling 3 Months,2025-05-01,2025-07-31,14744,34787,"Orlando, FL metro area",4.3,701.0,532.0,741.0,41.0,28.05,524.0,97.65,8.83,259.95,2025-07
Rolling 3 Months,2024-10-01,2024-12-31,13719,32703,"Orlando, FL metro area",4.1,235.0,193.0,261.0,50.0,23.08,221.0,98.71,7.25,215.59,2024-12
Rolling 3 Months,2024-10-01,2024-12-31,13726,32712,"Orlando, FL metro area",3.7,210.0,220.0,263.0,51.0,16.74,239.0,97.94,6.36,205.14,2024-12
Rolling 3 Months,2024-10-01,2024-12-31,13792,32801,"Orlando, FL metro area",8.7,74.0,41.0,116.0,54.0,18.0,50.0,96.3,4.88,297.83,2024-12
Rolling 3 Months,2024-10-01,2024-12-31,13794,32803,"Orlando, FL metro area",5.1,88.0,65.0,108.0,40.0,38.27,81.0,97.78,10.77,344.0,2024-12
Rolling 3 Months,2024-10-01,2024-12-31,13795,32804,"Orlando, FL metro area",3.5,90.0,86.0,97.0,42.0,34.09,88.0,97.27,12.79,344.81,2024-12
Rolling 3 Months,2024-10-01,2024-12-31,13796,32805,"Orlando, FL metro area",5.2,66.0,44.0,75.0,38.0,35.71,56.0,95.15,6.82,196.11,2024-12
Rolling 3 Months,2024-10-01,2024-12-31,13797,32806,"Orlando, FL metro area",4.4,106.0,86.0,123.0,36.0,35.16,91.0,97.09,11.63,292.75,2024-12
Rolling 3 Months,2024-10-01,2024-12-31,13798,32807,"Orlando, FL metro area",4.2,81.0,59.0,80.0,33.0,25.4,63.0,97.47,5.08,229.66,2024-12
Rolling 3 Months,2024-10-01,2024-12-31,13799,32808,"Orlando, FL metro area",5.6,159.0,94.0,173.0,41.0,23.26,129.0,97.64,18.09,210.15,2024-12
Rolling 3 Months,2024-10-01,2024-12-31,13801,32810,"Orlando, FL metro area",3.9,87.0,69.0,87.0,35.0,35.71,70.0,96.76,2.9,228.13,2024-12
Rolling 3 Months,2024-10-01,2024-12-31,13807,32817,"Orlando, FL metro area",3.7,80.0,61.0,74.0,26.0,28.07,57.0,97.36,4.92,245.55,2024-12
Rolling 3 Months,2024-10-01,2024-12-31,13809,32819,"Orlando, FL metro area",8.0,130.0,69.0,179.0,47.0,27.85,79.0,96.17,13.04,279.09,2024-12
Rolling 3 Months,2024-10-01,2024-12-31,13815,32826,"Orlando, FL metro area",2.3,43.0,46.0,35.0,54.0,29.09,55.0,95.63,4.35,220.73,2024-12
Rolling 3 Months,2024-10-01,2024-12-31,13816,32827,"Orlando, FL metro area",4.0,111.0,105.0,137.0,54.0,26.67,90.0,97.75,8.57,291.4,2024-12
Rolling 3 Months,2024-10-01,2024-12-31,13817,32828,"Orlando, FL metro area",3.5,127.0,112.0,128.0,47.0,24.17,120.0,97.86,8.04,223.84,2024-12
Rolling 3 Months,2024-10-01,2024-12-31,13821,32832,"Orlando, FL metro area",6.3,142.0,92.0,190.0,48.0,22.83,92.0,97.38,7.61,244.85,2024-12
Rolling 3 Months,2024-10-01,2024-12-31,13824,32835,"Orlando, FL metro area",8.1,167.0,84.0,223.0,41.0,24.73,93.0,96.22,5.95,209.59,2024-12
Rolling 3 Months,2024-10-01,2024-12-31,14733,34761,"Orlando, FL metro area",3.5,133.0,136.0,154.0,42.0,19.85,131.0,98.66,7.35,236.37,2024-12
Rolling 3 Months,2024-10-01,2024-12-31,14743,34786,"Orlando, FL metro area",4.4,168.0,149.0,216.0,47.0,20.55,146.0,96.49,8.05,277.81,2024-12
Rolling 3 Months,2024-10-01,2024-12-31,14744,34787,"Orlando, FL metro area",2.7,514.0,604.0,530.0,42.0,35.67,499.0,97.92,9.44,255.78,2024-12
Rolling 3 Months,2024-09-01,2024-11-30,13719,32703,"Orlando, FL metro area",4.5,251.0,179.0,267.0,46.0,23.89,226.0,98.01,8.38,216.77,2024-11
Rolling 3 Months,2024-09-01,2024-11-30,13726,32712,"Orlando, FL metro area",3.4,275.0,250.0,284.0,40.0,24.08,245.0,98.17,10.8,205.39,2024-11
Rolling 3 Months,2024-09-01,2024-11-30,13792,32801,"Orlando, FL metro area",7.8,80.0,47.0,121.0,50.0,19.61,51.0,96.01,2.13,311.44,2024-11
Rolling 3 Months,2024-09-01,2024-11-30,13794,32803,"Orlando, FL metro area",4.7,105.0,71.0,110.0,31.0,37.97,79.0,97.87,12.68,351.59,2024-11
Rolling 3 Months,2024-09-01,2024-11-30,13795,32804,"Orlando, FL metro area",4.3,110.0,74.0,106.0,28.0,29.9,97.0,97.41,14.86,347.48,2024-11
Rolling 3 Months,2024-09-01,2024-11-30,13796,32805,"Orlando, FL metro area",5.8,72.0,36.0,69.0,36.0,39.66,58.0,96.16,11.11,216.52,2024-11
Rolling 3 Months,2024-09-01,2024-11-30,13797,32806,"Orlando, FL metro area",4.1,106.0,92.0,124.0,39.0,31.68,101.0,96.84,11.96,292.75,2024-11
Rolling 3 Months,2024-09-01,2024-11-30,13798,32807,"Orlando, FL metro area",4.1,88.0,63.0,85.0,21.0,32.47,77.0,97.45,11.11,237.2,2024-11
Rolling 3 Months,2024-09-01,2024-11-30,13799,32808,"Orlando, FL metro area",5.3,180.0,97.0,170.0,38.0,28.26,138.0,97.94,20.62,206.83,2024-11
Rolling 3 Months,2024-09-01,2024-11-30,13801,32810,"Orlando, FL metro area",3.9,104.0,69.0,89.0,27.0,40.96,83.0,96.45,14.49,223.6,2024-11
Rolling 3 Months,2024-09-01,2024-11-30,13807,32817,"Orlando, FL metro area",4.5,96.0,54.0,81.0,25.0,36.07,61.0,97.37,12.96,239.98,2024-11
Rolling 3 Months,2024-09-01,2024-11-30,13809,32819,"Orlando, FL metro area",8.2,121.0,63.0,171.0,48.0,25.29,87.0,95.12,11.11,283.66,2024-11
Rolling 3 Months,2024-09-01,2024-11-30,13815,32826,"Orlando, FL metro area",2.9,48.0,43.0,41.0,40.0,31.48,54.0,95.7,2.33,217.63,2024-11
Rolling 3 Months,2024-09-01,2024-11-30,13816,32827,"Orlando, FL metro area",4.9,125.0,94.0,152.0,48.0,29.25,106.0,97.52,6.38,291.24,2024-11
Rolling 3 Months,2024-09-01,2024-11-30,13817,32828,"Orlando, FL metro area",4.0,142.0,109.0,143.0,39.0,22.03,118.0,98.07,10.09,225.12,2024-11
Rolling 3 Months,2024-09-01,2024-11-30,13821,32832,"Orlando, FL metro area",6.3,148.0,90.0,187.0,43.0,21.43,112.0,97.84,6.67,249.08,2024-11
Rolling 3 Months,2024-09-01,2024-11-30,13824,32835,"Orlando, FL metro area",6.6,176.0,100.0,217.0,41.0,21.3,108.0,96.8,7.0,218.62,2024-11
Rolling 3 Months,2024-09-01,2024-11-30,14733,34761,"Orlando, FL metro area",3.7,163.0,128.0,157.0,39.0,26.35,148.0,98.6,4.69,236.58,2024-11
Rolling 3 Months,2024-09-01,2024-11-30,14743,34786,"Orlando, FL metro area",4.8,200.0,142.0,224.0,53.0,25.71,175.0,96.33,4.93,285.97,2024-11
Rolling 3 Months,2024-09-01,2024-11-30,14744,34787,"Orlando, FL metro area",3.0,557.0,564.0,567.0,43.0,32.66,542.0,98.18,9.04,255.55,2024-11
Rolling 3 Months,2023-06-01,2023-08-31,13719,32703,"Orlando, FL metro area",1.9,177.0,145.0,92.0,15.0,49.15,177.0,98.74,27.59,214.66,2023-08
Rolling 3 Months,2023-06-01,2023-08-31,13726,32712,"Orlando, FL metro area",2.3,247.0,197.0,145.0,22.0,43.75,224.0,98.98,24.37,203.8,2023-08
Rolling 3 Months,2023-06-01,2023-08-31,13792,32801,"Orlando, FL metro area",2.9,101.0,79.0,75.0,20.0,41.94,93.0,97.69,13.92,334.53,2023-08
Rolling 3 Months,2023-06-01,2023-08-31,13794,32803,"Orlando, FL metro area",1.6,86.0,81.0,42.0,8.0,49.43,87.0,99.01,33.33,331.88,2023-08
Rolling 3 Months,2023-06-01,2023-08-31,13795,32804,"Orlando, FL metro area",1.9,110.0,98.0,60.0,12.0,54.55,99.0,98.93,24.49,324.38,2023-08
Rolling 3 Months,2023-06-01,2023-08-31,13796,32805,"Orlando, FL metro area",2.2,89.0,63.0,46.0,20.0,51.16,86.0,97.69,22.22,217.76,2023-08
Rolling 3 Months,2023-06-01,2023-08-31,13797,32806,"Orlando, FL metro area",1.8,168.0,139.0,82.0,13.0,53.02,149.0,98.0,24.46,265.86,2023-08
Rolling 3 Months,2023-06-01,2023-08-31,13798,32807,"Orlando, FL metro area",1.1,74.0,83.0,29.0,17.0,48.84,86.0,98.07,24.1,238.64,2023-08
Rolling 3 Months,2023-06-01,2023-08-31,13799,32808,"Orlando, FL metro area",2.2,161.0,126.0,92.0,21.0,42.46,179.0,98.4,26.98,184.84,2023-08
Rolling 3 Months,2023-06-01,2023-08-31,13801,32810,"Orlando, FL metro area",1.6,97.0,94.0,48.0,14.0,53.54,99.0,97.43,27.66,206.34,2023-08
Rolling 3 Months,2023-06-01,2023-08-31,13807,32817,"Orlando, FL metro area",1.5,92.0,80.0,38.0,12.0,60.98,82.0,99.25,32.5,240.55,2023-08
Rolling 3 Months,2023-06-01,2023-08-31,13809,32819,"Orlando, FL metro area",2.0,166.0,122.0,81.0,16.0,57.43,148.0,97.66,21.31,277.11,2023-08
Rolling 3 Months,2023-06-01,2023-08-31,13815,32826,"Orlando, FL metro area",1.5,65.0,50.0,25.0,10.0,59.65,57.0,98.24,32.0,236.45,2023-08
Rolling 3 Months,2023-06-01,2023-08-31,13816,32827,"Orlando, FL metro area",3.9,181.0,135.0,172.0,22.0,39.6,149.0,97.85,9.63,276.72,2023-08
Rolling 3 Months,2023-06-01,2023-08-31,13817,32828,"Orlando, FL metro area",1.2,201.0,205.0,83.0,12.0,54.14,181.0,99.25,29.27,234.69,2023-08
Rolling 3 Months,2023-06-01,2023-08-31,13821,32832,"Orlando, FL metro area",1.6,191.0,174.0,93.0,15.0,53.01,166.0,99.16,18.39,246.95,2023-08
Rolling 3 Months,2023-06-01,2023-08-31,13824,32835,"Orlando, FL metro area",2.0,211.0,173.0,111.0,21.0,45.45,209.0,97.97,15.03,210.21,2023-08
Rolling 3 Months,2023-06-01,2023-08-31,14733,34761,"Orlando, FL metro area",2.0,194.0,146.0,93.0,12.0,52.22,180.0,98.85,22.6,219.19,2023-08
Rolling 3 Months,2023-06-01,2023-08-31,14743,34786,"Orlando, FL metro area",2.2,237.0,190.0,138.0,21.0,41.92,198.0,97.44,15.79,280.58,2023-08
Rolling 3 Months,2023-06-01,2023-08-31,14744,34787,"Orlando, FL metro area",2.4,667.0,512.0,401.0,11.0,51.57,541.0,98.81,21.68,251.65,2023-08
Rolling 3 Months,2022-06-01,2022-08-31,13719,32703,"Orlando, FL metro area",1.8,266.0,212.0,123.0,12.0,59.24,211.0,99.29,38.21,210.37,2022-08
Rolling 3 Months,2022-06-01,2022-08-31,13726,32712,"Orlando, FL metro area",2.2,326.0,249.0,178.0,10.0,52.8,250.0,99.43,45.38,209.14,2022-08
Rolling 3 Months,2022-06-01,2022-08-31,13792,32801,"Orlando, FL metro area",2.2,107.0,86.0,62.0,16.0,44.09,93.0,99.05,22.09,326.39,2022-08
Rolling 3 Months,2022-06-01,2022-08-31,13794,32803,"Orlando, FL metro area",2.1,148.0,109.0,74.0,11.0,53.6,125.0,98.98,32.11,312.71,2022-08
Rolling 3 Months,2022-06-01,2022-08-31,13795,32804,"Orlando, FL metro area",3.5,127.0,83.0,94.0,9.0,53.13,96.0,99.64,36.14,317.57,2022-08
Rolling 3 Months,2022-06-01,2022-08-31,13796,32805,"Orlando, FL metro area",2.4,78.0,60.0,46.0,29.0,40.0,80.0,96.2,23.33,182.81,2022-08
Rolling 3 Months,2022-06-01,2022-08-31,13797,32806,"Orlando, FL metro area",2.3,178.0,133.0,101.0,10.0,49.26,136.0,99.77,40.6,290.44,2022-08
Rolling 3 Months,2022-06-01,2022-08-31,13798,32807,"Orlando, FL metro area",1.7,133.0,100.0,54.0,18.0,57.72,123.0,99.55,38.0,243.19,2022-08
Rolling 3 Months,2022-06-01,2022-08-31,13799,32808,"Orlando, FL metro area",2.6,250.0,158.0,133.0,14.0,53.49,215.0,99.68,41.77,184.69,2022-08
Rolling 3 Months,2022-06-01,2022-08-31,13801,32810,"Orlando, FL metro area",1.7,154.0,113.0,62.0,10.0,61.87,139.0,98.5,48.67,219.24,2022-08
Rolling 3 Months,2022-06-01,2022-08-31,13807,32817,"Orlando, FL metro area",1.4,120.0,83.0,38.0,6.0,60.78,102.0,100.84,49.4,239.82,2022-08
Rolling 3 Months,2022-06-01,2022-08-31,13809,32819,"Orlando, FL metro area",2.4,189.0,145.0,115.0,14.0,50.97,155.0,98.74,23.45,263.28,2022-08
Rolling 3 Months,2022-06-01,2022-08-31,13815,32826,"Orlando, FL metro area",1.3,102.0,85.0,37.0,11.0,63.04,92.0,100.7,56.47,232.83,2022-08
Rolling 3 Months,2022-06-01,2022-08-31,13816,32827,"Orlando, FL metro area",6.0,293.0,111.0,218.0,12.0,47.41,135.0,99.6,29.73,294.94,2022-08
Rolling 3 Months,2022-06-01,2022-08-31,13817,32828,"Orlando, FL metro area",1.7,291.0,246.0,134.0,8.0,59.03,227.0,100.92,50.0,224.28,2022-08
Rolling 3 Months,2022-06-01,2022-08-31,13821,32832,"Orlando, FL metro area",1.8,241.0,180.0,104.0,7.0,58.95,190.0,100.27,35.0,240.77,2022-08
Rolling 3 Months,2022-06-01,2022-08-31,13824,32835,"Orlando, FL metro area",2.2,291.0,212.0,149.0,9.0,55.22,230.0,101.1,46.23,211.15,2022-08
Rolling 3 Months,2022-06-01,2022-08-31,14733,34761,"Orlando, FL metro area",1.7,254.0,189.0,104.0,8.0,58.94,207.0,99.91,39.68,219.78,2022-08
Rolling 3 Months,2022-06-01,2022-08-31,14743,34786,"Orlando, FL metro area",2.4,314.0,218.0,174.0,10.0,47.44,234.0,99.57,33.03,263.53,2022-08
Rolling 3 Months,2022-06-01,2022-08-31,14744,34787,"Orlando, FL metro area",2.4,770.0,552.0,424.0,8.0,54.7,585.0,99.82,36.23,252.97,2022-08
Rolling 3 Months,2022-05-01,2022-07-31,13719,32703,"Orlando, FL metro area",1.5,247.0,204.0,101.0,10.0,65.63,224.0,100.39,47.06,207.05,2022-07
Rolling 3 Months,2022-05-01,2022-07-31,13726,32712,"Orlando, FL metro area",2.5,353.0,236.0,194.0,8.0,68.82,263.0,100.64,57.2,213.74,2022-07
Rolling 3 Months,2022-05-01,2022-07-31,13792,32801,"Orlando, FL metro area",1.8,117.0,99.0,58.0,12.0,55.32,94.0,99.39,25.25,323.77,2022-07
Rolling 3 Months,2022-05-01,2022-07-31,13794,32803,"Orlando, FL metro area",2.2,159.0,110.0,78.0,6.0,60.68,117.0,100.42,45.45,321.1,2022-07
Rolling 3 Months,2022-05-01,2022-07-31,13795,32804,"Orlando, FL metro area",3.0,143.0,99.0,98.0,11.0,56.7,97.0,100.36,42.42,317.57,2022-07
Rolling 3 Months,2022-05-01,2022-07-31,13796,32805,"Orlando, FL metro area",2.6,71.0,56.0,48.0,24.0,39.51,81.0,99.2,33.93,196.7,2022-07
Rolling 3 Months,2022-05-01,2022-07-31,13797,32806,"Orlando, FL metro area",2.0,194.0,159.0,106.0,7.0,64.52,155.0,100.51,44.65,281.77,2022-07
Rolling 3 Months,2022-05-01,2022-07-31,13798,32807,"Orlando, FL metro area",1.9,136.0,101.0,64.0,13.0,61.67,120.0,100.05,43.56,227.27,2022-07
Rolling 3 Months,2022-05-01,2022-07-31,13799,32808,"Orlando, FL metro area",2.2,220.0,143.0,102.0,14.0,57.87,197.0,100.11,51.05,190.63,2022-07
Rolling 3 Months,2022-05-01,2022-07-31,13801,32810,"Orlando, FL metro area",1.9,157.0,109.0,69.0,9.0,70.16,124.0,100.25,55.96,220.59,2022-07
Rolling 3 Months,2022-05-01,2022-07-31,13807,32817,"Orlando, FL metro area",1.7,123.0,85.0,47.0,6.0,69.77,86.0,101.34,56.47,241.88,2022-07
Rolling 3 Months,2022-05-01,2022-07-31,13809,32819,"Orlando, FL metro area",1.8,195.0,165.0,98.0,13.0,60.74,163.0,99.7,35.76,265.28,2022-07
Rolling 3 Months,2022-05-01,2022-07-31,13815,32826,"Orlando, FL metro area",1.3,111.0,82.0,35.0,6.0,71.58,95.0,101.96,60.98,229.83,2022-07
Rolling 3 Months,2022-05-01,2022-07-31,13816,32827,"Orlando, FL metro area",6.2,318.0,107.0,218.0,7.0,60.98,123.0,100.43,33.64,299.97,2022-07
Rolling 3 Months,2022-05-01,2022-07-31,13817,32828,"Orlando, FL metro area",1.5,329.0,257.0,125.0,6.0,72.8,261.0,102.29,62.26,227.74,2022-07
Rolling 3 Months,2022-05-01,2022-07-31,13821,32832,"Orlando, FL metro area",1.6,262.0,199.0,107.0,6.0,67.71,192.0,101.3,48.24,237.39,2022-07
Rolling 3 Months,2022-05-01,2022-07-31,13824,32835,"Orlando, FL metro area",1.6,307.0,249.0,126.0,8.0,66.27,249.0,101.49,52.61,208.09,2022-07
Rolling 3 Months,2022-05-01,2022-07-31,14733,34761,"Orlando, FL metro area",1.8,266.0,193.0,113.0,6.0,74.37,199.0,101.35,51.3,221.41,2022-07
Rolling 3 Months,2022-05-01,2022-07-31,14743,34786,"Orlando, FL metro area",2.5,340.0,220.0,180.0,8.0,63.39,224.0,100.45,44.55,266.64,2022-07
Rolling 3 Months,2022-05-01,2022-07-31,14744,34787,"Orlando, FL metro area",2.2,812.0,545.0,395.0,6.0,65.57,607.0,100.69,43.67,249.26,2022-07
Rolling 3 Months,2021-06-01,2021-08-31,13719,32703,"Orlando, FL metro area",1.1,293.0,260.0,95.0,7.0,67.72,285.0,100.15,44.62,172.02,2021-08
Rolling 3 Months,2021-06-01,2021-08-31,13726,32712,"Orlando, FL metro area",0.9,335.0,324.0,96.0,7.0,70.43,328.0,100.9,51.54,171.15,2021-08
Rolling 3 Months,2021-06-01,2021-08-31,13792,32801,"Orlando, FL metro area",2.0,142.0,136.0,88.0,27.0,38.26,149.0,98.16,14.71,263.42,2021-08
Rolling 3 Months,2021-06-01,2021-08-31,13794,32803,"Orlando, FL metro area",1.7,186.0,177.0,98.0,13.0,54.91,173.0,98.93,27.12,260.58,2021-08
Rolling 3 Months,2021-06-01,2021-08-31,13795,32804,"Orlando, FL metro area",2.1,159.0,139.0,95.0,12.0,50.38,133.0,99.41,30.22,257.89,2021-08
Rolling 3 Months,2021-06-01,2021-08-31,13796,32805,"Orlando, FL metro area",1.4,71.0,68.0,32.0,23.0,46.99,83.0,97.35,35.29,153.35,2021-08
Rolling 3 Months,2021-06-01,2021-08-31,13797,32806,"Orlando, FL metro area",1.9,232.0,183.0,112.0,10.0,59.07,193.0,98.56,27.32,230.31,2021-08
Rolling 3 Months,2021-06-01,2021-08-31,13798,32807,"Orlando, FL metro area",1.0,139.0,132.0,41.0,10.0,68.28,145.0,100.04,49.24,187.03,2021-08
Rolling 3 Months,2021-06-01,2021-08-31,13799,32808,"Orlando, FL metro area",1.4,240.0,185.0,87.0,11.0,61.9,231.0,98.55,40.0,146.87,2021-08
Rolling 3 Months,2021-06-01,2021-08-31,13801,32810,"Orlando, FL metro area",1.2,144.0,121.0,49.0,10.0,67.35,147.0,99.7,40.5,175.39,2021-08
Rolling 3 Months,2021-06-01,2021-08-31,13807,32817,"Orlando, FL metro area",0.8,151.0,132.0,35.0,6.0,83.33,144.0,101.16,53.79,195.49,2021-08
Rolling 3 Months,2021-06-01,2021-08-31,13809,32819,"Orlando, FL metro area",1.2,221.0,234.0,93.0,14.0,56.14,228.0,98.04,26.5,205.34,2021-08
Rolling 3 Months,2021-06-01,2021-08-31,13815,32826,"Orlando, FL metro area",0.7,94.0,97.0,23.0,7.0,71.13,97.0,101.26,55.67,178.29,2021-08
Rolling 3 Months,2021-06-01,2021-08-31,13816,32827,"Orlando, FL metro area",0.6,163.0,177.0,32.0,5.0,77.22,158.0,100.48,45.2,224.37,2021-08
Rolling 3 Months,2021-06-01,2021-08-31,13817,32828,"Orlando, FL metro area",0.6,343.0,323.0,67.0,6.0,77.84,334.0,102.31,68.42,183.07,2021-08
Rolling 3 Months,2021-06-01,2021-08-31,13821,32832,"Orlando, FL metro area",0.6,228.0,239.0,47.0,7.0,75.11,229.0,101.27,50.21,191.53,2021-08
Rolling 3 Months,2021-06-01,2021-08-31,13824,32835,"Orlando, FL metro area",1.3,268.0,251.0,108.0,10.0,60.45,268.0,99.65,39.44,159.94,2021-08
Rolling 3 Months,2021-06-01,2021-08-31,14733,34761,"Orlando, FL metro area",0.7,245.0,254.0,62.0,7.0,69.88,259.0,100.35,48.03,174.14,2021-08
Rolling 3 Months,2021-06-01,2021-08-31,14743,34786,"Orlando, FL metro area",0.8,337.0,369.0,98.0,9.0,65.46,359.0,99.87,41.19,217.58,2021-08
Rolling 3 Months,2021-06-01,2021-08-31,14744,34787,"Orlando, FL metro area",0.8,710.0,709.0,180.0,6.0,73.76,705.0,100.39,46.26,194.77,2021-08
Rolling 3 Months,2020-05-01,2020-07-31,13719,32703,"Orlando, FL metro area",1.6,277.0,231.0,119.0,17.0,51.06,282.0,98.18,20.78,144.74,2020-07
Rolling 3 Months,2020-05-01,2020-07-31,13726,32712,"Orlando, FL metro area",1.3,279.0,254.0,106.0,21.0,49.85,331.0,98.72,19.29,137.27,2020-07
Rolling 3 Months,2020-05-01,2020-07-31,13792,32801,"Orlando, FL metro area",4.7,122.0,75.0,114.0,45.0,27.36,106.0,96.99,4.0,242.91,2020-07
Rolling 3 Months,2020-05-01,2020-07-31,13794,32803,"Orlando, FL metro area",2.1,126.0,109.0,74.0,20.0,49.62,133.0,97.31,11.93,232.95,2020-07
Rolling 3 Months,2020-05-01,2020-07-31,13795,32804,"Orlando, FL metro area",2.8,139.0,123.0,112.0,27.0,39.72,141.0,97.25,14.63,219.53,2020-07
Rolling 3 Months,2020-05-01,2020-07-31,13796,32805,"Orlando, FL metro area",3.7,64.0,37.0,45.0,56.0,41.03,78.0,93.22,13.51,135.78,2020-07
Rolling 3 Months,2020-05-01,2020-07-31,13797,32806,"Orlando, FL metro area",2.1,181.0,145.0,99.0,18.0,50.26,193.0,97.88,16.55,208.19,2020-07
Rolling 3 Months,2020-05-01,2020-07-31,13798,32807,"Orlando, FL metro area",1.5,117.0,89.0,44.0,13.0,57.14,126.0,97.71,30.34,167.19,2020-07
Rolling 3 Months,2020-05-01,2020-07-31,13799,32808,"Orlando, FL metro area",2.3,177.0,158.0,117.0,39.0,38.46,208.0,97.54,10.76,122.79,2020-07
Rolling 3 Months,2020-05-01,2020-07-31,13801,32810,"Orlando, FL metro area",1.6,109.0,101.0,54.0,20.0,39.31,145.0,96.78,18.81,146.34,2020-07
Rolling 3 Months,2020-05-01,2020-07-31,13807,32817,"Orlando, FL metro area",1.7,109.0,78.0,44.0,10.0,59.46,111.0,98.1,20.51,162.58,2020-07
Rolling 3 Months,2020-05-01,2020-07-31,13809,32819,"Orlando, FL metro area",4.3,223.0,144.0,200.0,31.0,41.0,200.0,96.91,9.03,179.94,2020-07
Rolling 3 Months,2020-05-01,2020-07-31,13815,32826,"Orlando, FL metro area",0.7,94.0,91.0,21.0,11.0,58.65,104.0,98.78,20.88,154.08,2020-07
Rolling 3 Months,2020-05-01,2020-07-31,13816,32827,"Orlando, FL metro area",3.0,167.0,135.0,134.0,56.0,34.24,184.0,97.36,8.15,184.79,2020-07
Rolling 3 Months,2020-05-01,2020-07-31,13817,32828,"Orlando, FL metro area",1.0,318.0,296.0,100.0,12.0,61.45,345.0,98.82,22.64,148.2,2020-07
Rolling 3 Months,2020-05-01,2020-07-31,13821,32832,"Orlando, FL metro area",2.7,281.0,184.0,160.0,19.0,42.52,254.0,98.06,10.33,159.46,2020-07
Rolling 3 Months,2020-05-01,2020-07-31,13824,32835,"Orlando, FL metro area",3.2,204.0,158.0,165.0,44.0,31.73,208.0,97.07,10.76,145.87,2020-07
Rolling 3 Months,2020-05-01,2020-07-31,14733,34761,"Orlando, FL metro area",1.6,260.0,198.0,106.0,18.0,52.4,271.0,98.38,16.67,145.55,2020-07
Rolling 3 Months,2020-05-01,2020-07-31,14743,34786,"Orlando, FL metro area",4.4,349.0,210.0,298.0,35.0,32.94,340.0,96.76,7.62,173.33,2020-07
Rolling 3 Months,2020-05-01,2020-07-31,14744,34787,"Orlando, FL metro area",2.3,754.0,567.0,429.0,20.0,42.84,754.0,98.02,10.23,160.2,2020-07
Rolling 3 Months,2019-04-01,2019-06-30,13719,32703,"Orlando, FL metro area",1.9,271.0,253.0,161.0,20.0,47.04,304.0,97.45,15.02,137.29,2019-06
Rolling 3 Months,2019-04-01,2019-06-30,13726,32712,"Orlando, FL metro area",2.4,335.0,268.0,210.0,25.0,44.58,323.0,98.05,15.3,130.12,2019-06
Rolling 3 Months,2019-04-01,2019-06-30,13792,32801,"Orlando, FL metro area",4.9,113.0,77.0,125.0,35.0,32.32,99.0,96.35,3.9,222.05,2019-06
Rolling 3 Months,2019-04-01,2019-06-30,13794,32803,"Orlando, FL metro area",2.3,158.0,162.0,125.0,30.0,37.93,174.0,96.87,11.73,222.41,2019-06
Rolling 3 Months,2019-04-01,2019-06-30,13795,32804,"Orlando, FL metro area",3.1,170.0,141.0,142.0,37.0,37.58,165.0,96.51,9.93,211.21,2019-06
Rolling 3 Months,2019-04-01,2019-06-30,13796,32805,"Orlando, FL metro area",2.7,75.0,63.0,57.0,26.0,33.75,80.0,94.68,14.29,107.46,2019-06
Rolling 3 Months,2019-04-01,2019-06-30,13797,32806,"Orlando, FL metro area",2.3,202.0,170.0,128.0,21.0,52.27,176.0,97.49,15.29,186.1,2019-06
Rolling 3 Months,2019-04-01,2019-06-30,13798,32807,"Orlando, FL metro area",1.7,129.0,111.0,61.0,24.0,49.62,131.0,97.06,11.71,145.39,2019-06
Rolling 3 Months,2019-04-01,2019-06-30,13799,32808,"Orlando, FL metro area",2.4,225.0,205.0,159.0,27.0,41.0,239.0,97.29,20.98,110.5,2019-06
Rolling 3 Months,2019-04-01,2019-06-30,13801,32810,"Orlando, FL metro area",2.0,145.0,131.0,86.0,22.0,40.96,166.0,97.35,22.14,133.11,2019-06
Rolling 3 Months,2019-04-01,2019-06-30,13807,32817,"Orlando, FL metro area",1.4,138.0,125.0,56.0,20.0,52.38,147.0,98.01,24.8,153.57,2019-06
Rolling 3 Months,2019-04-01,2019-06-30,13809,32819,"Orlando, FL metro area",3.1,204.0,182.0,186.0,44.0,30.58,206.0,96.45,7.14,166.79,2019-06
Rolling 3 Months,2019-04-01,2019-06-30,13815,32826,"Orlando, FL metro area",1.5,109.0,96.0,49.0,17.0,52.68,112.0,97.6,13.54,146.01,2019-06
Rolling 3 Months,2019-04-01,2019-06-30,13816,32827,"Orlando, FL metro area",3.2,189.0,153.0,163.0,32.0,39.63,164.0,97.64,7.19,188.28,2019-06
Rolling 3 Months,2019-04-01,2019-06-30,13817,32828,"Orlando, FL metro area",2.3,438.0,334.0,248.0,22.0,46.63,401.0,98.67,13.17,141.62,2019-06
Rolling 3 Months,2019-04-01,2019-06-30,13821,32832,"Orlando, FL metro area",2.2,245.0,223.0,164.0,26.0,46.26,227.0,98.2,13.45,146.15,2019-06
Rolling 3 Months,2019-04-01,2019-06-30,13824,32835,"Orlando, FL metro area",2.4,265.0,223.0,179.0,30.0,38.91,275.0,96.63,10.31,139.82,2019-06
Rolling 3 Months,2019-04-01,2019-06-30,14733,34761,"Orlando, FL metro area",1.9,270.0,235.0,150.0,20.0,49.6,252.0,98.27,15.74,139.35,2019-06
Rolling 3 Months,2019-04-01,2019-06-30,14743,34786,"Orlando, FL metro area",3.4,400.0,308.0,349.0,45.0,34.56,353.0,97.21,7.47,164.55,2019-06
Rolling 3 Months,2019-04-01,2019-06-30,14744,34787,"Orlando, FL metro area",2.4,780.0,601.0,467.0,21.0,48.9,683.0,98.16,11.65,152.35,2019-06
Rolling 3 Months,2018-03-01,2018-05-31,13719,32703,"Orlando, FL metro area",1.7,280.0,246.0,139.0,17.0,50.51,293.0,98.07,25.2,126.26,2018-05
Rolling 3 Months,2018-03-01,2018-05-31,13726,32712,"Orlando, FL metro area",2.0,303.0,269.0,177.0,25.0,41.67,312.0,97.84,14.5,122.71,2018-05
Rolling 3 Months,2018-03-01,2018-05-31,13792,32801,"Orlando, FL metro area",4.4,118.0,76.0,109.0,32.0,36.0,100.0,96.7,5.26,228.12,2018-05
Rolling 3 Months,2018-03-01,2018-05-31,13794,32803,"Orlando, FL metro area",2.6,195.0,150.0,127.0,21.0,47.98,173.0,97.22,14.0,208.39,2018-05
Rolling 3 Months,2018-03-01,2018-05-31,13795,32804,"Orlando, FL metro area",2.4,192.0,149.0,118.0,19.0,44.09,186.0,97.82,16.78,202.36,2018-05
Rolling 3 Months,2018-03-01,2018-05-31,13796,32805,"Orlando, FL metro area",2.5,73.0,55.0,44.0,25.0,50.68,73.0,91.7,10.91,90.37,2018-05
Rolling 3 Months,2018-03-01,2018-05-31,13797,32806,"Orlando, FL metro area",2.6,201.0,164.0,141.0,22.0,37.38,214.0,96.89,20.73,169.11,2018-05
Rolling 3 Months,2018-03-01,2018-05-31,13798,32807,"Orlando, FL metro area",2.3,141.0,108.0,82.0,18.0,54.33,127.0,97.95,24.07,138.06,2018-05
Rolling 3 Months,2018-03-01,2018-05-31,13799,32808,"Orlando, FL metro area",2.0,215.0,192.0,124.0,23.0,45.02,231.0,96.27,19.79,100.66,2018-05
Rolling 3 Months,2018-03-01,2018-05-31,13801,32810,"Orlando, FL metro area",2.2,141.0,121.0,87.0,20.0,49.03,155.0,97.55,26.45,122.36,2018-05
Rolling 3 Months,2018-03-01,2018-05-31,13807,32817,"Orlando, FL metro area",1.6,142.0,121.0,63.0,12.0,54.55,132.0,97.45,19.83,140.3,2018-05
Rolling 3 Months,2018-03-01,2018-05-31,13809,32819,"Orlando, FL metro area",2.8,223.0,201.0,183.0,33.0,35.65,230.0,96.4,12.44,159.25,2018-05
Rolling 3 Months,2018-03-01,2018-05-31,13815,32826,"Orlando, FL metro area",1.6,95.0,82.0,42.0,21.0,53.13,96.0,97.07,15.85,133.24,2018-05
Rolling 3 Months,2018-03-01,2018-05-31,13816,32827,"Orlando, FL metro area",3.1,180.0,140.0,142.0,32.0,39.39,165.0,97.55,14.29,172.75,2018-05
Rolling 3 Months,2018-03-01,2018-05-31,13817,32828,"Orlando, FL metro area",1.6,397.0,307.0,161.0,12.0,56.59,387.0,98.21,19.54,137.65,2018-05
Rolling 3 Months,2018-03-01,2018-05-31,13821,32832,"Orlando, FL metro area",2.6,236.0,195.0,163.0,19.0,40.51,237.0,98.6,14.36,143.81,2018-05
Rolling 3 Months,2018-03-01,2018-05-31,13824,32835,"Orlando, FL metro area",2.5,270.0,210.0,173.0,32.0,42.97,263.0,96.78,13.33,126.42,2018-05
Rolling 3 Months,2018-03-01,2018-05-31,14733,34761,"Orlando, FL metro area",1.7,253.0,225.0,123.0,23.0,43.23,266.0,98.39,18.22,125.31,2018-05
Rolling 3 Months,2018-03-01,2018-05-31,14743,34786,"Orlando, FL metro area",3.7,443.0,327.0,392.0,41.0,34.99,383.0,96.58,9.17,153.41,2018-05
Rolling 3 Months,2018-03-01,2018-05-31,14744,34787,"Orlando, FL metro area",2.1,627.0,567.0,384.0,30.0,37.61,662.0,97.89,15.34,143.02,2018-05
Rolling 3 Months,2017-02-01,2017-04-30,13719,32703,"Orlando, FL metro area",2.6,233.0,162.0,140.0,37.0,44.76,248.0,97.69,20.99,112.39,2017-04
Rolling 3 Months,2017-02-01,2017-04-30,13726,32712,"Orlando, FL metro area",2.8,287.0,203.0,189.0,38.0,42.29,279.0,98.39,14.78,111.26,2017-04
Rolling 3 Months,2017-02-01,2017-04-30,13792,32801,"Orlando, FL metro area",5.2,104.0,80.0,140.0,54.0,20.0,90.0,95.4,5.0,223.42,2017-04
Rolling 3 Months,2017-02-01,2017-04-30,13794,32803,"Orlando, FL metro area",2.6,175.0,128.0,111.0,22.0,43.67,158.0,96.89,10.16,191.61,2017-04
Rolling 3 Months,2017-02-01,2017-04-30,13795,32804,"Orlando, FL metro area",3.6,199.0,134.0,163.0,49.0,38.86,175.0,95.34,7.46,187.93,2017-04
Rolling 3 Months,2017-02-01,2017-04-30,13796,32805,"Orlando, FL metro area",2.4,51.0,51.0,41.0,34.0,41.38,58.0,96.58,17.65,73.93,2017-04
Rolling 3 Months,2017-02-01,2017-04-30,13797,32806,"Orlando, FL metro area",3.1,186.0,158.0,164.0,36.0,31.35,185.0,96.48,16.46,155.12,2017-04
Rolling 3 Months,2017-02-01,2017-04-30,13798,32807,"Orlando, FL metro area",1.4,138.0,111.0,54.0,19.0,57.55,139.0,97.67,28.83,114.77,2017-04
Rolling 3 Months,2017-02-01,2017-04-30,13799,32808,"Orlando, FL metro area",2.4,194.0,167.0,137.0,36.0,33.78,225.0,96.63,25.15,78.4,2017-04
Rolling 3 Months,2017-02-01,2017-04-30,13801,32810,"Orlando, FL metro area",1.9,136.0,117.0,74.0,26.0,44.44,153.0,98.64,20.51,108.97,2017-04
Rolling 3 Months,2017-02-01,2017-04-30,13807,32817,"Orlando, FL metro area",1.5,126.0,117.0,59.0,25.0,48.92,139.0,97.49,21.37,130.17,2017-04
Rolling 3 Months,2017-02-01,2017-04-30,13809,32819,"Orlando, FL metro area",5.0,242.0,139.0,232.0,44.0,32.29,192.0,96.46,5.04,153.15,2017-04
Rolling 3 Months,2017-02-01,2017-04-30,13815,32826,"Orlando, FL metro area",1.3,100.0,74.0,33.0,18.0,56.07,107.0,98.26,18.92,120.14,2017-04
Rolling 3 Months,2017-02-01,2017-04-30,13816,32827,"Orlando, FL metro area",5.7,155.0,86.0,165.0,47.0,30.43,115.0,97.66,8.14,162.68,2017-04
Rolling 3 Months,2017-02-01,2017-04-30,13817,32828,"Orlando, FL metro area",1.8,352.0,279.0,170.0,29.0,51.0,349.0,98.34,16.85,126.09,2017-04
Rolling 3 Months,2017-02-01,2017-04-30,13821,32832,"Orlando, FL metro area",3.0,203.0,144.0,146.0,44.0,37.57,181.0,97.95,10.42,130.07,2017-04
Rolling 3 Months,2017-02-01,2017-04-30,13824,32835,"Orlando, FL metro area",3.0,272.0,219.0,222.0,36.0,33.46,269.0,96.39,10.05,110.3,2017-04
Rolling 3 Months,2017-02-01,2017-04-30,14733,34761,"Orlando, FL metro area",2.9,229.0,161.0,155.0,28.0,46.04,202.0,98.08,19.25,118.5,2017-04
Rolling 3 Months,2017-02-01,2017-04-30,14743,34786,"Orlando, FL metro area",5.1,402.0,276.0,476.0,81.0,25.22,345.0,96.49,6.88,146.51,2017-04
Rolling 3 Months,2017-02-01,2017-04-30,14744,34787,"Orlando, FL metro area",3.1,621.0,454.0,482.0,32.0,36.58,555.0,98.05,10.35,130.15,2017-04
Rolling 3 Months,2026-06-01,2026-08-31,14733,34761,"Orlando, FL metro area",2.6,157.0,191.0,164.0,45.0,27.73,166.0,98.54,11.28,214.36,2026-08
Rolling 3 Months,2026-06-01,2026-08-31,14743,34786,"Orlando, FL metro area",4.5,228.0,197.0,288.0,51.0,27.15,195.0,96.13,3.66,307.82,2026-08
Rolling 3 Months,2026-06-01,2026-08-31,14744,34787,"Orlando, FL metro area",4.4,716.0,558.0,794.0,42.0,30.38,569.0,97.78,9.22,254.0,2026-08
Rolling 3 Months,2025-11-01,2026-01-31,13719,32703,"Orlando, FL metro area",3.7,197.0,188.0,226.0,53.0,25.84,178.0,97.53,7.98,209.67,2026-01
Rolling 3 Months,2025-11-01,2026-01-31,13726,32712,"Orlando, FL metro area",4.4,253.0,222.0,318.0,70.0,18.26,230.0,97.68,6.76,205.02,2026-01
Rolling 3 Months,2025-11-01,2026-01-31,13792,32801,"Orlando, FL metro area",9.2,59.0,42.0,126.0,72.0,10.64,47.0,95.35,4.76,265.4,2026-01
Rolling 3 Months,2025-11-01,2026-01-31,13794,32803,"Orlando, FL metro area",4.1,100.0,84.0,111.0,63.0,19.15,94.0,97.8,4.76,300.48,2026-01
Rolling 3 Months,2025-11-01,2026-01-31,13795,32804,"Orlando, FL metro area",4.1,108.0,83.0,110.0,67.0,31.18,93.0,96.63,8.43,363.1,2026-01
Rolling 3 Months,2025-11-01,2026-01-31,13796,32805,"Orlando, FL metro area",4.8,56.0,41.0,64.0,68.0,18.37,49.0,93.62,7.32,199.29,2026-01
Rolling 3 Months,2025-11-01,2026-01-31,13797,32806,"Orlando, FL metro area",3.0,89.0,108.0,104.0,68.0,29.0,100.0,96.55,6.48,292.93,2026-01
Rolling 3 Months,2025-11-01,2026-01-31,13798,32807,"Orlando, FL metro area",4.8,97.0,50.0,78.0,26.0,34.72,72.0,99.13,12.0,226.06,2026-01
Rolling 3 Months,2025-11-01,2026-01-31,13799,32808,"Orlando, FL metro area",5.4,117.0,91.0,159.0,60.0,25.89,112.0,95.19,18.68,181.18,2026-01
Rolling 3 Months,2025-11-01,2026-01-31,13801,32810,"Orlando, FL metro area",5.2,76.0,54.0,91.0,63.0,25.76,66.0,96.49,12.96,214.71,2026-01
Rolling 3 Months,2025-11-01,2026-01-31,13807,32817,"Orlando, FL metro area",2.6,52.0,61.0,51.0,53.0,27.42,62.0,97.93,9.84,243.11,2026-01
Rolling 3 Months,2025-11-01,2026-01-31,13809,32819,"Orlando, FL metro area",6.2,139.0,98.0,198.0,69.0,18.18,110.0,95.11,2.04,283.43,2026-01
Rolling 3 Months,2025-11-01,2026-01-31,13815,32826,"Orlando, FL metro area",4.4,48.0,30.0,43.0,48.0,13.95,43.0,97.51,13.33,245.92,2026-01
Rolling 3 Months,2025-11-01,2026-01-31,13816,32827,"Orlando, FL metro area",5.8,141.0,97.0,184.0,60.0,18.27,104.0,96.98,6.19,291.64,2026-01
Rolling 3 Months,2025-11-01,2026-01-31,13817,32828,"Orlando, FL metro area",3.6,139.0,112.0,132.0,41.0,28.93,121.0,98.03,14.29,217.61,2026-01
Rolling 3 Months,2025-11-01,2026-01-31,13821,32832,"Orlando, FL metro area",6.4,163.0,109.0,227.0,67.0,25.44,114.0,97.98,5.5,240.55,2026-01
Rolling 3 Months,2025-11-01,2026-01-31,13824,32835,"Orlando, FL metro area",7.4,142.0,84.0,204.0,55.0,26.32,114.0,94.79,3.57,203.01,2026-01
Rolling 3 Months,2025-11-01,2026-01-31,14733,34761,"Orlando, FL metro area",4.2,127.0,107.0,145.0,41.0,27.12,118.0,97.67,5.61,218.87,2026-01
Rolling 3 Months,2025-11-01,2026-01-31,14743,34786,"Orlando, FL metro area",4.9,165.0,128.0,203.0,66.0,21.88,160.0,96.32,5.47,277.59,2026-01
Rolling 3 Months,2025-11-01,2026-01-31,14744,34787,"Orlando, FL metro area",4.3,601.0,445.0,625.0,49.0,32.39,460.0,97.56,6.97,251.88,2026-01
Rolling 3 Months,2024-07-01,2024-09-30,13719,32703,"Orlando, FL metro area",4.2,268.0,186.0,255.0,48.0,28.02,207.0,98.12,10.75,216.05,2024-09
Rolling 3 Months,2024-07-01,2024-09-30,13726,32712,"Orlando, FL metro area",3.5,381.0,275.0,318.0,36.0,31.51,292.0,98.34,11.64,208.33,2024-09
Rolling 3 Months,2024-07-01,2024-09-30,13792,32801,"Orlando, FL metro area",5.3,95.0,71.0,123.0,52.0,18.92,74.0,96.55,5.63,325.23,2024-09
Rolling 3 Months,2024-07-01,2024-09-30,13794,32803,"Orlando, FL metro area",3.8,131.0,88.0,110.0,24.0,43.16,95.0,97.07,9.09,349.49,2024-09
Rolling 3 Months,2024-07-01,2024-09-30,13795,32804,"Orlando, FL metro area",3.6,128.0,93.0,109.0,21.0,39.36,94.0,97.29,13.98,339.97,2024-09
Rolling 3 Months,2024-07-01,2024-09-30,13796,32805,"Orlando, FL metro area",4.3,68.0,44.0,62.0,24.0,37.1,62.0,95.08,6.82,228.35,2024-09
Rolling 3 Months,2024-07-01,2024-09-30,13797,32806,"Orlando, FL metro area",3.3,132.0,121.0,129.0,33.0,31.3,115.0,96.96,9.92,294.12,2024-09
Rolling 3 Months,2024-07-01,2024-09-30,13798,32807,"Orlando, FL metro area",2.9,105.0,77.0,74.0,24.0,42.55,94.0,97.01,18.18,246.58,2024-09
Rolling 3 Months,2024-07-01,2024-09-30,13799,32808,"Orlando, FL metro area",3.7,190.0,125.0,149.0,33.0,35.71,154.0,97.13,13.6,201.16,2024-09
Rolling 3 Months,2024-07-01,2024-09-30,13801,32810,"Orlando, FL metro area",2.7,104.0,92.0,80.0,31.0,38.3,94.0,98.28,17.39,231.58,2024-09
Rolling 3 Months,2024-07-01,2024-09-30,13807,32817,"Orlando, FL metro area",2.8,88.0,64.0,58.0,23.0,37.84,74.0,98.03,18.75,249.88,2024-09
Rolling 3 Months,2024-07-01,2024-09-30,13809,32819,"Orlando, FL metro area",5.0,142.0,103.0,167.0,36.0,29.25,106.0,95.84,5.83,285.38,2024-09
Rolling 3 Months,2024-07-01,2024-09-30,13815,32826,"Orlando, FL metro area",2.8,59.0,54.0,49.0,20.0,35.48,62.0,97.92,16.67,238.42,2024-09
Rolling 3 Months,2024-07-01,2024-09-30,13816,32827,"Orlando, FL metro area",4.1,151.0,126.0,167.0,34.0,36.13,119.0,98.45,15.87,291.78,2024-09
Rolling 3 Months,2024-07-01,2024-09-30,13817,32828,"Orlando, FL metro area",3.0,169.0,151.0,149.0,30.0,26.0,150.0,98.11,13.25,232.92,2024-09
Rolling 3 Months,2024-07-01,2024-09-30,13821,32832,"Orlando, FL metro area",4.0,181.0,142.0,185.0,35.0,28.57,140.0,98.09,11.27,242.81,2024-09
Rolling 3 Months,2024-07-01,2024-09-30,13824,32835,"Orlando, FL metro area",4.3,164.0,129.0,179.0,40.0,19.01,142.0,97.4,6.98,209.8,2024-09
Rolling 3 Months,2024-07-01,2024-09-30,14733,34761,"Orlando, FL metro area",3.6,211.0,142.0,166.0,33.0,29.87,154.0,97.88,11.27,231.6,2024-09
Rolling 3 Months,2024-07-01,2024-09-30,14743,34786,"Orlando, FL metro area",4.5,234.0,160.0,233.0,39.0,26.4,178.0,96.32,8.75,289.2,2024-09
Rolling 3 Months,2024-07-01,2024-09-30,14744,34787,"Orlando, FL metro area",3.5,657.0,548.0,634.0,35.0,34.06,593.0,98.16,10.04,256.55,2024-09
Rolling 3 Months,2023-09-01,2023-11-30,13719,32703,"Orlando, FL metro area",2.8,172.0,137.0,126.0,18.0,40.15,132.0,97.67,17.52,220.59,2023-11
Rolling 3 Months,2023-09-01,2023-11-30,13726,32712,"Orlando, FL metro area",3.3,235.0,161.0,177.0,22.0,37.06,197.0,98.22,15.53,214.82,2023-11
Rolling 3 Months,2023-09-01,2023-11-30,13792,32801,"Orlando, FL metro area",4.9,96.0,56.0,91.0,39.0,24.29,70.0,95.98,7.14,337.5,2023-11
Rolling 3 Months,2023-09-01,2023-11-30,13794,32803,"Orlando, FL metro area",2.9,96.0,69.0,66.0,12.0,54.67,75.0,98.04,23.19,336.97,2023-11
Rolling 3 Months,2023-09-01,2023-11-30,13795,32804,"Orlando, FL metro area",2.4,93.0,88.0,69.0,20.0,39.24,79.0,97.25,9.09,299.08,2023-11
Rolling 3 Months,2023-09-01,2023-11-30,13796,32805,"Orlando, FL metro area",3.0,80.0,60.0,60.0,33.0,33.33,66.0,95.61,15.0,211.61,2023-11
Rolling 3 Months,2023-09-01,2023-11-30,13797,32806,"Orlando, FL metro area",3.1,145.0,106.0,107.0,20.0,47.22,108.0,97.78,15.09,288.86,2023-11
Rolling 3 Months,2023-09-01,2023-11-30,13798,32807,"Orlando, FL metro area",2.3,91.0,71.0,53.0,17.0,53.85,65.0,97.6,18.31,237.03,2023-11
Rolling 3 Months,2023-09-01,2023-11-30,13799,32808,"Orlando, FL metro area",2.2,155.0,137.0,99.0,23.0,44.1,161.0,97.58,26.28,197.77,2023-11
Rolling 3 Months,2023-09-01,2023-11-30,13801,32810,"Orlando, FL metro area",2.7,100.0,76.0,68.0,16.0,41.67,84.0,98.08,31.58,225.33,2023-11
Rolling 3 Months,2023-09-01,2023-11-30,13807,32817,"Orlando, FL metro area",2.4,79.0,65.0,52.0,14.0,52.11,71.0,98.56,24.62,243.39,2023-11
Rolling 3 Months,2023-09-01,2023-11-30,13809,32819,"Orlando, FL metro area",3.5,182.0,115.0,134.0,15.0,55.75,113.0,96.95,9.57,276.84,2023-11
Rolling 3 Months,2023-09-01,2023-11-30,13815,32826,"Orlando, FL metro area",2.4,44.0,39.0,31.0,18.0,42.5,40.0,97.57,17.95,225.92,2023-11
Rolling 3 Months,2023-09-01,2023-11-30,13816,32827,"Orlando, FL metro area",3.3,122.0,135.0,146.0,47.0,37.4,123.0,97.44,18.52,279.79,2023-11
Rolling 3 Months,2023-09-01,2023-11-30,13817,32828,"Orlando, FL metro area",2.0,158.0,143.0,93.0,18.0,46.48,142.0,98.37,15.38,230.39,2023-11
Rolling 3 Months,2023-09-01,2023-11-30,13821,32832,"Orlando, FL metro area",3.0,186.0,141.0,138.0,16.0,40.44,136.0,98.55,22.7,247.9,2023-11
Rolling 3 Months,2023-09-01,2023-11-30,13824,32835,"Orlando, FL metro area",3.1,177.0,133.0,137.0,22.0,30.34,145.0,96.78,15.79,215.93,2023-11
Rolling 3 Months,2023-09-01,2023-11-30,14733,34761,"Orlando, FL metro area",2.7,184.0,152.0,133.0,22.0,38.0,150.0,98.24,22.37,222.31,2023-11
Rolling 3 Months,2023-09-01,2023-11-30,14743,34786,"Orlando, FL metro area",2.8,181.0,163.0,150.0,28.0,40.26,154.0,97.42,9.2,285.95,2023-11
Rolling 3 Months,2023-09-01,2023-11-30,14744,34787,"Orlando, FL metro area",3.0,572.0,471.0,470.0,20.0,47.47,455.0,98.5,21.02,255.64,2023-11
Rolling 3 Months,2022-08-01,2022-10-31,13719,32703,"Orlando, FL metro area",2.4,241.0,180.0,140.0,17.0,43.92,189.0,97.79,26.11,207.31,2022-10
Rolling 3 Months,2022-08-01,2022-10-31,13726,32712,"Orlando, FL metro area",2.5,210.0,224.0,180.0,18.0,36.87,217.0,98.52,21.88,202.18,2022-10
Rolling 3 Months,2022-08-01,2022-10-31,13792,32801,"Orlando, FL metro area",2.4,79.0,74.0,59.0,25.0,42.5,80.0,97.35,12.16,331.25,2022-10
Rolling 3 Months,2022-08-01,2022-10-31,13794,32803,"Orlando, FL metro area",2.2,110.0,105.0,77.0,15.0,51.4,107.0,98.13,20.95,309.2,2022-10
Rolling 3 Months,2022-08-01,2022-10-31,13795,32804,"Orlando, FL metro area",3.8,90.0,81.0,101.0,20.0,37.8,82.0,97.79,16.05,295.03,2022-10
Rolling 3 Months,2022-08-01,2022-10-31,13796,32805,"Orlando, FL metro area",3.0,78.0,54.0,52.0,23.0,40.54,74.0,94.91,24.07,176.62,2022-10
Rolling 3 Months,2022-08-01,2022-10-31,13797,32806,"Orlando, FL metro area",2.2,118.0,123.0,90.0,24.0,34.65,127.0,97.39,21.95,281.6,2022-10
Rolling 3 Months,2022-08-01,2022-10-31,13798,32807,"Orlando, FL metro area",2.1,108.0,97.0,67.0,17.0,49.02,102.0,99.05,29.9,235.22,2022-10
Rolling 3 Months,2022-08-01,2022-10-31,13799,32808,"Orlando, FL metro area",2.5,234.0,166.0,136.0,20.0,48.2,222.0,98.34,24.7,187.38,2022-10
Rolling 3 Months,2022-08-01,2022-10-31,13801,32810,"Orlando, FL metro area",1.6,130.0,123.0,66.0,13.0,52.63,133.0,97.45,30.89,205.97,2022-10
Rolling 3 Months,2022-08-01,2022-10-31,13807,32817,"Orlando, FL metro area",1.7,89.0,85.0,47.0,12.0,56.04,91.0,98.72,18.82,245.34,2022-10
Rolling 3 Months,2022-08-01,2022-10-31,13809,32819,"Orlando, FL metro area",3.0,141.0,106.0,103.0,18.0,29.75,121.0,97.26,16.98,250.51,2022-10
Rolling 3 Months,2022-08-01,2022-10-31,13815,32826,"Orlando, FL metro area",1.7,70.0,72.0,39.0,19.0,46.97,66.0,98.56,30.56,223.93,2022-10
Rolling 3 Months,2022-08-01,2022-10-31,13816,32827,"Orlando, FL metro area",4.3,146.0,136.0,189.0,21.0,39.23,130.0,98.72,19.12,285.28,2022-10
Rolling 3 Months,2022-08-01,2022-10-31,13817,32828,"Orlando, FL metro area",1.7,213.0,208.0,114.0,16.0,43.63,204.0,98.76,22.6,219.82,2022-10
Rolling 3 Months,2022-08-01,2022-10-31,13821,32832,"Orlando, FL metro area",2.0,205.0,161.0,103.0,11.0,53.48,187.0,98.84,11.8,239.46,2022-10
Rolling 3 Months,2022-08-01,2022-10-31,13824,32835,"Orlando, FL metro area",2.7,213.0,170.0,147.0,18.0,40.84,191.0,98.29,21.76,211.58,2022-10
Rolling 3 Months,2022-08-01,2022-10-31,14733,34761,"Orlando, FL metro area",1.4,159.0,187.0,86.0,18.0,44.38,178.0,98.54,22.99,217.06,2022-10
Rolling 3 Months,2022-08-01,2022-10-31,14743,34786,"Orlando, FL metro area",3.0,205.0,185.0,181.0,21.0,37.93,174.0,97.63,18.92,259.24,2022-10
Rolling 3 Months,2022-08-01,2022-10-31,14744,34787,"Orlando, FL metro area",2.5,560.0,491.0,400.0,17.0,39.55,488.0,98.55,19.76,250.8,2022-10
Rolling 3 Months,2021-07-01,2021-09-30,13719,32703,"Orlando, FL metro area",1.1,285.0,259.0,89.0,8.0,63.64,286.0,100.02,44.02,178.57,2021-09
Rolling 3 Months,2021-07-01,2021-09-30,13726,32712,"Orlando, FL metro area",0.9,307.0,307.0,91.0,7.0,68.09,304.0,100.76,51.47,171.95,2021-09
Rolling 3 Months,2021-07-01,2021-09-30,13792,32801,"Orlando, FL metro area",2.1,140.0,132.0,90.0,34.0,41.35,133.0,98.07,12.88,256.75,2021-09
Rolling 3 Months,2021-07-01,2021-09-30,13794,32803,"Orlando, FL metro area",1.5,171.0,163.0,82.0,13.0,51.85,162.0,98.88,27.61,264.52,2021-09
Rolling 3 Months,2021-07-01,2021-09-30,13795,32804,"Orlando, FL metro area",2.3,164.0,121.0,89.0,18.0,47.02,151.0,98.65,26.45,260.42,2021-09
Rolling 3 Months,2021-07-01,2021-09-30,13796,32805,"Orlando, FL metro area",1.7,72.0,71.0,39.0,35.0,53.01,83.0,97.52,30.99,153.57,2021-09
Rolling 3 Months,2021-07-01,2021-09-30,13797,32806,"Orlando, FL metro area",1.7,214.0,176.0,99.0,12.0,52.45,204.0,98.58,28.41,233.46,2021-09
Rolling 3 Months,2021-07-01,2021-09-30,13798,32807,"Orlando, FL metro area",1.1,127.0,116.0,42.0,10.0,61.76,136.0,99.38,43.97,190.63,2021-09
Rolling 3 Months,2021-07-01,2021-09-30,13799,32808,"Orlando, FL metro area",1.1,229.0,204.0,73.0,9.0,59.92,252.0,99.73,41.18,155.46,2021-09
Rolling 3 Months,2021-07-01,2021-09-30,13801,32810,"Orlando, FL metro area",1.6,138.0,123.0,64.0,10.0,60.29,136.0,99.65,40.65,176.25,2021-09
Rolling 3 Months,2021-07-01,2021-09-30,13807,32817,"Orlando, FL metro area",0.8,140.0,131.0,33.0,6.0,76.76,142.0,101.12,54.96,198.68,2021-09
Rolling 3 Months,2021-07-01,2021-09-30,13809,32819,"Orlando, FL metro area",1.3,220.0,216.0,89.0,14.0,55.5,209.0,98.39,29.17,206.41,2021-09
Rolling 3 Months,2021-07-01,2021-09-30,13815,32826,"Orlando, FL metro area",0.7,79.0,90.0,21.0,7.0,65.12,86.0,101.18,48.89,179.01,2021-09
Rolling 3 Months,2021-07-01,2021-09-30,13816,32827,"Orlando, FL metro area",0.5,153.0,167.0,25.0,4.0,76.07,163.0,99.89,35.33,218.41,2021-09
Rolling 3 Months,2021-07-01,2021-09-30,13817,32828,"Orlando, FL metro area",0.6,317.0,304.0,64.0,6.0,73.1,316.0,101.78,60.53,186.8,2021-09
Rolling 3 Months,2021-07-01,2021-09-30,13821,32832,"Orlando, FL metro area",0.9,217.0,211.0,59.0,6.0,70.73,205.0,100.95,49.76,192.29,2021-09
Rolling 3 Months,2021-07-01,2021-09-30,13824,32835,"Orlando, FL metro area",1.4,260.0,246.0,109.0,12.0,57.63,262.0,99.58,39.02,162.47,2021-09
Rolling 3 Months,2021-07-01,2021-09-30,14733,34761,"Orlando, FL metro area",0.6,239.0,262.0,54.0,7.0,67.59,253.0,100.3,49.24,178.18,2021-09
Rolling 3 Months,2021-07-01,2021-09-30,14743,34786,"Orlando, FL metro area",0.8,307.0,334.0,86.0,9.0,65.02,323.0,99.5,36.53,211.11,2021-09
Rolling 3 Months,2021-07-01,2021-09-30,14744,34787,"Orlando, FL metro area",0.9,679.0,698.0,215.0,6.0,72.74,653.0,100.36,42.69,200.37,2021-09
Rolling 3 Months,2020-08-01,2020-10-31,13719,32703,"Orlando, FL metro area",1.0,224.0,249.0,84.0,17.0,52.33,258.0,98.06,23.69,150.23,2020-10
Rolling 3 Months,2020-08-01,2020-10-31,13726,32712,"Orlando, FL metro area",1.5,272.0,245.0,117.0,16.0,61.09,275.0,98.88,25.31,140.61,2020-10
Rolling 3 Months,2020-08-01,2020-10-31,13792,32801,"Orlando, FL metro area",5.0,139.0,79.0,128.0,46.0,24.55,110.0,97.13,12.66,245.6,2020-10
Rolling 3 Months,2020-08-01,2020-10-31,13794,32803,"Orlando, FL metro area",2.7,191.0,125.0,109.0,12.0,59.6,151.0,98.5,16.0,248.15,2020-10
Rolling 3 Months,2020-08-01,2020-10-31,13795,32804,"Orlando, FL metro area",3.0,164.0,126.0,122.0,18.0,48.99,149.0,97.04,11.9,234.11,2020-10
Rolling 3 Months,2020-08-01,2020-10-31,13796,32805,"Orlando, FL metro area",1.3,62.0,77.0,33.0,31.0,42.47,73.0,95.75,18.18,133.46,2020-10
Rolling 3 Months,2020-08-01,2020-10-31,13797,32806,"Orlando, FL metro area",1.9,174.0,161.0,100.0,19.0,48.31,178.0,97.34,15.53,203.96,2020-10
Rolling 3 Months,2020-08-01,2020-10-31,13798,32807,"Orlando, FL metro area",1.2,125.0,101.0,40.0,14.0,58.7,138.0,98.79,30.69,170.41,2020-10
Rolling 3 Months,2020-08-01,2020-10-31,13799,32808,"Orlando, FL metro area",2.2,171.0,149.0,108.0,40.0,44.04,193.0,96.66,23.49,120.7,2020-10
Rolling 3 Months,2020-08-01,2020-10-31,13801,32810,"Orlando, FL metro area",1.8,131.0,110.0,63.0,17.0,58.52,135.0,97.84,27.27,152.09,2020-10
Rolling 3 Months,2020-08-01,2020-10-31,13807,32817,"Orlando, FL metro area",1.2,97.0,101.0,41.0,12.0,60.0,100.0,97.84,29.7,165.39,2020-10
Rolling 3 Months,2020-08-01,2020-10-31,13809,32819,"Orlando, FL metro area",3.7,217.0,168.0,201.0,29.0,37.63,194.0,96.95,9.52,178.9,2020-10
Rolling 3 Months,2020-08-01,2020-10-31,13815,32826,"Orlando, FL metro area",1.0,84.0,88.0,29.0,11.0,63.64,77.0,97.95,23.86,158.21,2020-10
Rolling 3 Months,2020-08-01,2020-10-31,13816,32827,"Orlando, FL metro area",1.7,151.0,174.0,99.0,34.0,35.84,173.0,97.49,6.9,189.15,2020-10
Rolling 3 Months,2020-08-01,2020-10-31,13817,32828,"Orlando, FL metro area",1.2,316.0,287.0,109.0,8.0,64.33,314.0,98.89,23.0,153.9,2020-10
Rolling 3 Months,2020-08-01,2020-10-31,13821,32832,"Orlando, FL metro area",1.3,221.0,260.0,112.0,27.0,43.17,271.0,98.36,13.46,158.18,2020-10
Rolling 3 Months,2020-08-01,2020-10-31,13824,32835,"Orlando, FL metro area",3.1,245.0,187.0,186.0,39.0,37.93,232.0,97.57,9.63,143.58,2020-10
Rolling 3 Months,2020-08-01,2020-10-31,14733,34761,"Orlando, FL metro area",1.3,268.0,249.0,109.0,15.0,57.81,256.0,98.31,22.09,150.66,2020-10
Rolling 3 Months,2020-08-01,2020-10-31,14743,34786,"Orlando, FL metro area",2.5,326.0,308.0,253.0,35.0,39.72,360.0,97.38,12.01,177.35,2020-10
Rolling 3 Months,2020-08-01,2020-10-31,14744,34787,"Orlando, FL metro area",1.5,697.0,718.0,353.0,19.0,48.02,733.0,98.36,13.23,164.95,2020-10
Rolling 3 Months,2019-07-01,2019-09-30,13719,32703,"Orlando, FL metro area",2.0,248.0,233.0,149.0,19.0,46.85,254.0,97.38,17.6,139.76,2019-09
Rolling 3 Months,2019-07-01,2019-09-30,13726,32712,"Orlando, FL metro area",2.6,286.0,257.0,220.0,24.0,44.53,274.0,98.03,14.79,133.41,2019-09
Rolling 3 Months,2019-07-01,2019-09-30,13792,32801,"Orlando, FL metro area",3.3,108.0,105.0,113.0,57.0,22.61,115.0,97.1,4.76,240.87,2019-09
Rolling 3 Months,2019-07-01,2019-09-30,13794,32803,"Orlando, FL metro area",3.2,155.0,121.0,128.0,24.0,41.73,139.0,97.23,10.74,224.31,2019-09
Rolling 3 Months,2019-07-01,2019-09-30,13795,32804,"Orlando, FL metro area",2.7,146.0,144.0,125.0,38.0,28.38,148.0,96.41,6.25,223.46,2019-09
Rolling 3 Months,2019-07-01,2019-09-30,13796,32805,"Orlando, FL metro area",2.2,57.0,60.0,43.0,37.0,34.25,73.0,93.31,8.33,122.28,2019-09
Rolling 3 Months,2019-07-01,2019-09-30,13797,32806,"Orlando, FL metro area",2.3,171.0,158.0,121.0,23.0,38.69,168.0,97.44,12.66,187.24,2019-09
Rolling 3 Months,2019-07-01,2019-09-30,13798,32807,"Orlando, FL metro area",1.9,127.0,114.0,71.0,18.0,50.77,130.0,98.18,16.67,147.0,2019-09
Rolling 3 Months,2019-07-01,2019-09-30,13799,32808,"Orlando, FL metro area",2.3,223.0,184.0,140.0,23.0,44.26,235.0,97.57,18.48,114.26,2019-09
Rolling 3 Months,2019-07-01,2019-09-30,13801,32810,"Orlando, FL metro area",1.5,112.0,130.0,65.0,26.0,33.82,136.0,97.74,16.92,131.99,2019-09
Rolling 3 Months,2019-07-01,2019-09-30,13807,32817,"Orlando, FL metro area",1.4,106.0,122.0,56.0,13.0,50.0,106.0,98.33,23.77,159.76,2019-09
Rolling 3 Months,2019-07-01,2019-09-30,13809,32819,"Orlando, FL metro area",3.1,188.0,167.0,171.0,30.0,35.56,180.0,96.37,10.78,169.22,2019-09
Rolling 3 Months,2019-07-01,2019-09-30,13815,32826,"Orlando, FL metro area",0.8,86.0,109.0,30.0,19.0,49.04,104.0,98.0,21.1,144.02,2019-09
Rolling 3 Months,2019-07-01,2019-09-30,13816,32827,"Orlando, FL metro area",3.6,197.0,155.0,183.0,27.0,35.44,158.0,97.21,7.1,183.45,2019-09
Rolling 3 Months,2019-07-01,2019-09-30,13817,32828,"Orlando, FL metro area",1.7,309.0,370.0,206.0,27.0,34.87,347.0,98.19,9.46,140.35,2019-09
Rolling 3 Months,2019-07-01,2019-09-30,13821,32832,"Orlando, FL metro area",2.7,212.0,194.0,171.0,32.0,32.99,197.0,98.28,10.82,148.97,2019-09
Rolling 3 Months,2019-07-01,2019-09-30,13824,32835,"Orlando, FL metro area",2.4,232.0,221.0,170.0,24.0,38.84,242.0,97.4,9.95,141.57,2019-09
Rolling 3 Months,2019-07-01,2019-09-30,14733,34761,"Orlando, FL metro area",2.1,238.0,217.0,146.0,20.0,44.49,245.0,98.31,17.05,137.66,2019-09
Rolling 3 Months,2019-07-01,2019-09-30,14743,34786,"Orlando, FL metro area",3.4,275.0,281.0,314.0,35.0,31.5,273.0,97.27,6.41,166.24,2019-09
Rolling 3 Months,2019-07-01,2019-09-30,14744,34787,"Orlando, FL metro area",2.2,627.0,612.0,440.0,19.0,42.76,608.0,98.21,9.8,155.53,2019-09
Rolling 3 Months,2018-05-01,2018-07-31,13719,32703,"Orlando, FL metro area",1.8,242.0,253.0,147.0,18.0,44.03,243.0,98.03,22.13,127.51,2018-07
Rolling 3 Months,2018-05-01,2018-07-31,13726,32712,"Orlando, FL metro area",2.1,326.0,287.0,197.0,20.0,42.9,310.0,98.35,18.82,124.93,2018-07
Rolling 3 Months,2018-05-01,2018-07-31,13792,32801,"Orlando, FL metro area",3.0,106.0,100.0,97.0,42.0,32.08,106.0,96.95,10.0,206.92,2018-07
Rolling 3 Months,2018-05-01,2018-07-31,13794,32803,"Orlando, FL metro area",2.7,168.0,146.0,130.0,22.0,46.0,150.0,97.69,17.81,203.61,2018-07
Rolling 3 Months,2018-05-01,2018-07-31,13795,32804,"Orlando, FL metro area",2.6,159.0,161.0,134.0,26.0,33.12,157.0,97.15,9.94,203.84,2018-07
Rolling 3 Months,2018-05-01,2018-07-31,13796,32805,"Orlando, FL metro area",2.3,68.0,54.0,41.0,15.0,46.58,73.0,94.92,20.37,100.83,2018-07
Rolling 3 Months,2018-05-01,2018-07-31,13797,32806,"Orlando, FL metro area",2.7,197.0,175.0,155.0,23.0,44.62,195.0,97.75,18.29,179.99,2018-07
Rolling 3 Months,2018-05-01,2018-07-31,13798,32807,"Orlando, FL metro area",2.4,142.0,105.0,82.0,16.0,50.36,139.0,99.01,26.67,147.19,2018-07
Rolling 3 Months,2018-05-01,2018-07-31,13799,32808,"Orlando, FL metro area",2.2,214.0,184.0,129.0,23.0,48.46,227.0,97.19,23.91,103.28,2018-07
Rolling 3 Months,2018-05-01,2018-07-31,13801,32810,"Orlando, FL metro area",2.2,159.0,128.0,93.0,15.0,51.66,151.0,98.72,25.0,127.07,2018-07
Rolling 3 Months,2018-05-01,2018-07-31,13807,32817,"Orlando, FL metro area",1.3,154.0,134.0,58.0,13.0,56.34,142.0,97.52,17.16,151.06,2018-07
Rolling 3 Months,2018-05-01,2018-07-31,13809,32819,"Orlando, FL metro area",3.0,186.0,173.0,172.0,30.0,36.56,186.0,96.42,14.45,162.95,2018-07
Rolling 3 Months,2018-05-01,2018-07-31,13815,32826,"Orlando, FL metro area",1.1,118.0,109.0,39.0,12.0,58.77,114.0,98.0,23.85,135.85,2018-07
Rolling 3 Months,2018-05-01,2018-07-31,13816,32827,"Orlando, FL metro area",2.9,186.0,170.0,162.0,31.0,31.65,158.0,97.95,14.71,168.92,2018-07
Rolling 3 Months,2018-05-01,2018-07-31,13817,32828,"Orlando, FL metro area",1.8,399.0,358.0,205.0,14.0,51.64,335.0,98.39,22.63,139.81,2018-07
Rolling 3 Months,2018-05-01,2018-07-31,13821,32832,"Orlando, FL metro area",2.3,237.0,221.0,167.0,28.0,43.32,217.0,98.46,18.1,146.43,2018-07
Rolling 3 Months,2018-05-01,2018-07-31,13824,32835,"Orlando, FL metro area",2.3,257.0,231.0,171.0,28.0,42.31,260.0,96.91,13.42,126.54,2018-07
Rolling 3 Months,2018-05-01,2018-07-31,14733,34761,"Orlando, FL metro area",1.8,261.0,243.0,144.0,19.0,49.24,264.0,98.43,14.81,127.79,2018-07
Rolling 3 Months,2018-05-01,2018-07-31,14743,34786,"Orlando, FL metro area",4.2,406.0,325.0,441.0,40.0,29.81,322.0,97.1,9.54,157.41,2018-07
Rolling 3 Months,2018-05-01,2018-07-31,14744,34787,"Orlando, FL metro area",2.0,576.0,570.0,364.0,30.0,39.83,600.0,97.85,13.16,144.51,2018-07
Rolling 3 Months,2018-04-01,2018-06-30,13719,32703,"Orlando, FL metro area",1.8,277.0,251.0,147.0,16.0,48.18,274.0,98.32,24.3,126.61,2018-06
Rolling 3 Months,2018-04-01,2018-06-30,13726,32712,"Orlando, FL metro area",2.0,309.0,282.0,185.0,28.0,44.59,305.0,97.91,16.31,124.88,2018-06
Rolling 3 Months,2018-04-01,2018-06-30,13792,32801,"Orlando, FL metro area",3.9,113.0,80.0,103.0,43.0,39.6,101.0,96.58,7.5,219.01,2018-06
Rolling 3 Months,2018-04-01,2018-06-30,13794,32803,"Orlando, FL metro area",2.5,163.0,153.0,126.0,21.0,46.84,158.0,97.51,15.69,201.74,2018-06
Rolling 3 Months,2018-04-01,2018-06-30,13795,32804,"Orlando, FL metro area",2.4,185.0,157.0,124.0,19.0,38.64,176.0,97.52,12.74,205.24,2018-06
Rolling 3 Months,2018-04-01,2018-06-30,13796,32805,"Orlando, FL metro area",2.5,76.0,55.0,45.0,15.0,50.63,79.0,94.78,20.0,95.14,2018-06
Rolling 3 Months,2018-04-01,2018-06-30,13797,32806,"Orlando, FL metro area",2.7,205.0,163.0,143.0,22.0,41.75,194.0,97.22,19.63,174.75,2018-06
Rolling 3 Months,2018-04-01,2018-06-30,13798,32807,"Orlando, FL metro area",2.2,130.0,111.0,82.0,16.0,50.39,127.0,98.62,25.23,144.07,2018-06
Rolling 3 Months,2018-04-01,2018-06-30,13799,32808,"Orlando, FL metro area",2.2,212.0,185.0,136.0,24.0,45.28,212.0,96.84,23.24,101.35,2018-06
Rolling 3 Months,2018-04-01,2018-06-30,13801,32810,"Orlando, FL metro area",2.3,148.0,118.0,89.0,18.0,51.63,153.0,98.42,20.34,125.47,2018-06
Rolling 3 Months,2018-04-01,2018-06-30,13807,32817,"Orlando, FL metro area",1.8,150.0,121.0,72.0,13.0,52.14,140.0,97.35,17.36,145.54,2018-06
Rolling 3 Months,2018-04-01,2018-06-30,13809,32819,"Orlando, FL metro area",2.9,197.0,189.0,178.0,33.0,35.71,196.0,96.25,12.7,163.79,2018-06
Rolling 3 Months,2018-04-01,2018-06-30,13815,32826,"Orlando, FL metro area",1.6,121.0,87.0,45.0,16.0,60.53,114.0,97.31,20.69,134.47,2018-06
Rolling 3 Months,2018-04-01,2018-06-30,13816,32827,"Orlando, FL metro area",2.8,183.0,171.0,157.0,32.0,36.71,158.0,97.81,15.2,172.44,2018-06
Rolling 3 Months,2018-04-01,2018-06-30,13817,32828,"Orlando, FL metro area",1.6,416.0,351.0,189.0,13.0,56.08,378.0,98.42,21.94,138.07,2018-06
Rolling 3 Months,2018-04-01,2018-06-30,13821,32832,"Orlando, FL metro area",2.2,222.0,211.0,153.0,25.0,39.32,234.0,98.55,17.06,146.32,2018-06
Rolling 3 Months,2018-04-01,2018-06-30,13824,32835,"Orlando, FL metro area",2.3,248.0,215.0,163.0,29.0,41.85,270.0,96.68,10.23,127.08,2018-06
Rolling 3 Months,2018-04-01,2018-06-30,14733,34761,"Orlando, FL metro area",1.9,257.0,222.0,137.0,20.0,44.06,261.0,98.43,17.57,126.82,2018-06
Rolling 3 Months,2018-04-01,2018-06-30,14743,34786,"Orlando, FL metro area",3.9,427.0,331.0,423.0,33.0,33.71,353.0,96.87,11.48,153.16,2018-06
Rolling 3 Months,2018-04-01,2018-06-30,14744,34787,"Orlando, FL metro area",2.1,593.0,568.0,384.0,28.0,38.34,613.0,97.85,13.91,142.46,2018-06
Rolling 3 Months,2017-04-01,2017-06-30,13719,32703,"Orlando, FL metro area",2.3,240.0,200.0,151.0,27.0,45.88,255.0,99.46,24.5,115.86,2017-06
Rolling 3 Months,2017-04-01,2017-06-30,13726,32712,"Orlando, FL metro area",2.4,327.0,249.0,200.0,22.0,42.11,304.0,98.57,16.06,115.93,2017-06
Rolling 3 Months,2017-04-01,2017-06-30,13792,32801,"Orlando, FL metro area",3.5,109.0,97.0,113.0,65.0,20.8,125.0,95.76,4.12,232.13,2017-06
Rolling 3 Months,2017-04-01,2017-06-30,13794,32803,"Orlando, FL metro area",2.9,168.0,140.0,134.0,25.0,42.67,150.0,97.1,14.29,200.82,2017-06
Rolling 3 Months,2017-04-01,2017-06-30,13795,32804,"Orlando, FL metro area",3.1,199.0,166.0,167.0,25.0,42.77,173.0,96.68,9.64,198.96,2017-06
Rolling 3 Months,2017-04-01,2017-06-30,13796,32805,"Orlando, FL metro area",2.2,63.0,50.0,37.0,14.0,54.1,61.0,93.21,12.0,73.8,2017-06
Rolling 3 Months,2017-04-01,2017-06-30,13797,32806,"Orlando, FL metro area",2.9,200.0,168.0,159.0,34.0,40.82,196.0,96.85,12.5,160.76,2017-06
Rolling 3 Months,2017-04-01,2017-06-30,13798,32807,"Orlando, FL metro area",1.7,163.0,121.0,67.0,14.0,62.91,151.0,97.96,33.06,119.64,2017-06
Rolling 3 Months,2017-04-01,2017-06-30,13799,32808,"Orlando, FL metro area",2.2,201.0,178.0,129.0,34.0,39.3,229.0,97.4,16.85,83.12,2017-06
Rolling 3 Months,2017-04-01,2017-06-30,13801,32810,"Orlando, FL metro area",1.5,144.0,139.0,71.0,19.0,49.67,153.0,97.46,28.06,109.05,2017-06
Rolling 3 Months,2017-04-01,2017-06-30,13807,32817,"Orlando, FL metro area",1.5,122.0,120.0,59.0,13.0,56.3,135.0,97.18,15.0,130.17,2017-06
Rolling 3 Months,2017-04-01,2017-06-30,13809,32819,"Orlando, FL metro area",4.2,236.0,169.0,233.0,33.0,35.12,205.0,96.48,8.28,154.9,2017-06
Rolling 3 Months,2017-04-01,2017-06-30,13815,32826,"Orlando, FL metro area",1.3,114.0,101.0,44.0,9.0,60.87,115.0,98.87,28.71,127.16,2017-06
Rolling 3 Months,2017-04-01,2017-06-30,13816,32827,"Orlando, FL metro area",4.0,156.0,127.0,166.0,43.0,27.42,124.0,97.64,13.39,167.55,2017-06
Rolling 3 Months,2017-04-01,2017-06-30,13817,32828,"Orlando, FL metro area",2.1,419.0,319.0,220.0,13.0,55.77,364.0,98.65,20.06,128.93,2017-06
Rolling 3 Months,2017-04-01,2017-06-30,13821,32832,"Orlando, FL metro area",3.0,204.0,166.0,164.0,32.0,35.82,201.0,97.25,7.83,132.58,2017-06
Rolling 3 Months,2017-04-01,2017-06-30,13824,32835,"Orlando, FL metro area",3.0,294.0,249.0,246.0,35.0,35.42,271.0,96.62,10.84,112.21,2017-06
Rolling 3 Months,2017-04-01,2017-06-30,14733,34761,"Orlando, FL metro area",2.6,279.0,185.0,159.0,19.0,52.09,263.0,98.34,20.0,120.67,2017-06
Rolling 3 Months,2017-04-01,2017-06-30,14743,34786,"Orlando, FL metro area",4.6,387.0,312.0,472.0,53.0,25.47,369.0,96.67,7.05,145.21,2017-06
Rolling 3 Months,2017-04-01,2017-06-30,14744,34787,"Orlando, FL metro area",2.8,645.0,533.0,497.0,28.0,36.38,624.0,98.02,11.26,131.99,2017-06
Rolling 3 Months,2017-03-01,2017-05-31,13719,32703,"Orlando, FL metro area",2.6,244.0,190.0,161.0,31.0,47.62,252.0,98.76,23.68,113.61,2017-05
Rolling 3 Months,2017-03-01,2017-05-31,13726,32712,"Orlando, FL metro area",2.4,298.0,237.0,188.0,31.0,41.24,291.0,98.2,15.19,113.85,2017-05
Rolling 3 Months,2017-03-01,2017-05-31,13792,32801,"Orlando, FL metro area",4.0,107.0,93.0,121.0,79.0,19.3,114.0,95.22,5.38,222.55,2017-05
Rolling 3 Months,2017-03-01,2017-05-31,13794,32803,"Orlando, FL metro area",2.4,166.0,142.0,113.0,20.0,40.13,157.0,97.19,10.56,199.68,2017-05
Rolling 3 Months,2017-03-01,2017-05-31,13795,32804,"Orlando, FL metro area",3.4,209.0,145.0,162.0,35.0,38.38,185.0,95.95,8.97,190.42,2017-05
Rolling 3 Months,2017-03-01,2017-05-31,13796,32805,"Orlando, FL metro area",2.2,60.0,52.0,37.0,26.0,46.03,63.0,95.94,19.23,73.24,2017-05
Rolling 3 Months,2017-03-01,2017-05-31,13797,32806,"Orlando, FL metro area",3.0,192.0,162.0,159.0,34.0,33.86,189.0,96.36,12.96,155.52,2017-05
Rolling 3 Months,2017-03-01,2017-05-31,13798,32807,"Orlando, FL metro area",1.3,144.0,126.0,53.0,18.0,60.0,145.0,97.52,29.37,116.3,2017-05
Rolling 3 Months,2017-03-01,2017-05-31,13799,32808,"Orlando, FL metro area",2.1,208.0,186.0,130.0,34.0,39.22,232.0,96.56,20.97,80.0,2017-05
Rolling 3 Months,2017-03-01,2017-05-31,13801,32810,"Orlando, FL metro area",1.7,141.0,124.0,70.0,25.0,44.85,165.0,97.66,21.77,109.05,2017-05
Rolling 3 Months,2017-03-01,2017-05-31,13807,32817,"Orlando, FL metro area",1.5,138.0,119.0,58.0,16.0,57.04,142.0,96.86,16.81,128.06,2017-05
Rolling 3 Months,2017-03-01,2017-05-31,13809,32819,"Orlando, FL metro area",4.3,245.0,158.0,223.0,43.0,33.81,210.0,96.12,4.43,153.85,2017-05
Rolling 3 Months,2017-03-01,2017-05-31,13815,32826,"Orlando, FL metro area",1.5,111.0,89.0,44.0,10.0,63.39,112.0,99.09,23.6,125.51,2017-05
Rolling 3 Months,2017-03-01,2017-05-31,13816,32827,"Orlando, FL metro area",4.4,162.0,119.0,171.0,37.0,30.08,133.0,97.91,10.08,167.64,2017-05
Rolling 3 Months,2017-03-01,2017-05-31,13817,32828,"Orlando, FL metro area",1.8,390.0,323.0,186.0,18.0,56.86,357.0,98.35,17.65,127.78,2017-05
Rolling 3 Months,2017-03-01,2017-05-31,13821,32832,"Orlando, FL metro area",2.7,210.0,173.0,151.0,36.0,37.69,199.0,97.63,6.36,131.05,2017-05
Rolling 3 Months,2017-03-01,2017-05-31,13824,32835,"Orlando, FL metro area",2.8,289.0,241.0,220.0,30.0,33.1,284.0,96.65,10.37,111.61,2017-05
Rolling 3 Months,2017-03-01,2017-05-31,14733,34761,"Orlando, FL metro area",2.5,251.0,179.0,147.0,17.0,50.0,230.0,98.03,16.2,119.56,2017-05
Rolling 3 Months,2017-03-01,2017-05-31,14743,34786,"Orlando, FL metro area",4.5,395.0,315.0,465.0,59.0,23.61,377.0,96.54,7.3,145.23,2017-05
Rolling 3 Months,2017-03-01,2017-05-31,14744,34787,"Orlando, FL metro area",3.1,675.0,480.0,487.0,31.0,36.47,617.0,98.03,11.04,130.1,2017-05
Rolling 3 Months,2026-03-01,2026-05-31,13719,32703,"Orlando, FL metro area",2.9,299.0,241.0,229.0,43.0,28.93,280.0,98.42,13.28,212.34,2026-05
Rolling 3 Months,2026-03-01,2026-05-31,13726,32712,"Orlando, FL metro area",3.7,316.0,253.0,307.0,54.0,25.98,281.0,98.64,7.91,207.65,2026-05
Rolling 3 Months,2026-03-01,2026-05-31,13792,32801,"Orlando, FL metro area",8.5,94.0,48.0,133.0,81.0,25.4,63.0,94.89,4.17,299.05,2026-05
Rolling 3 Months,2026-03-01,2026-05-31,13794,32803,"Orlando, FL metro area",2.3,108.0,113.0,86.0,42.0,42.86,119.0,97.68,9.73,343.44,2026-05
Rolling 3 Months,2026-03-01,2026-05-31,13795,32804,"Orlando, FL metro area",2.9,133.0,115.0,107.0,44.0,34.53,139.0,96.1,10.43,322.26,2026-05
Rolling 3 Months,2026-03-01,2026-05-31,13796,32805,"Orlando, FL metro area",6.1,66.0,37.0,74.0,34.0,28.3,53.0,98.14,16.22,208.14,2026-05
Rolling 3 Months,2026-03-01,2026-05-31,13797,32806,"Orlando, FL metro area",3.2,169.0,115.0,121.0,27.0,44.37,151.0,97.53,20.0,285.99,2026-05
Rolling 3 Months,2026-03-01,2026-05-31,13798,32807,"Orlando, FL metro area",3.6,86.0,75.0,87.0,43.0,26.44,87.0,97.54,9.33,230.33,2026-05
Rolling 3 Months,2026-03-01,2026-05-31,13799,32808,"Orlando, FL metro area",4.1,145.0,108.0,143.0,51.0,24.64,138.0,96.99,16.67,192.27,2026-05
Rolling 3 Months,2026-03-01,2026-05-31,13801,32810,"Orlando, FL metro area",3.7,94.0,73.0,87.0,30.0,33.33,84.0,97.32,12.33,220.27,2026-05
Rolling 3 Months,2026-03-01,2026-05-31,13807,32817,"Orlando, FL metro area",2.6,90.0,64.0,55.0,20.0,45.45,88.0,98.88,28.13,230.63,2026-05
Rolling 3 Months,2026-03-01,2026-05-31,13809,32819,"Orlando, FL metro area",5.3,160.0,109.0,187.0,51.0,25.74,136.0,96.03,7.34,291.08,2026-05
Rolling 3 Months,2026-03-01,2026-05-31,13815,32826,"Orlando, FL metro area",3.4,80.0,45.0,50.0,39.0,32.2,59.0,97.24,8.89,242.16,2026-05
Rolling 3 Months,2026-03-01,2026-05-31,13816,32827,"Orlando, FL metro area",5.9,234.0,121.0,232.0,49.0,34.27,143.0,97.21,6.61,289.39,2026-05
Rolling 3 Months,2026-03-01,2026-05-31,13817,32828,"Orlando, FL metro area",3.4,242.0,166.0,186.0,26.0,35.87,184.0,97.99,13.86,224.4,2026-05
Rolling 3 Months,2026-03-01,2026-05-31,13821,32832,"Orlando, FL metro area",3.8,250.0,180.0,222.0,49.0,30.46,197.0,97.71,3.89,246.13,2026-05
Rolling 3 Months,2026-03-01,2026-05-31,13824,32835,"Orlando, FL metro area",6.2,204.0,113.0,228.0,59.0,27.27,132.0,95.78,4.42,201.01,2026-05
Rolling 3 Months,2026-03-01,2026-05-31,14733,34761,"Orlando, FL metro area",3.2,256.0,156.0,163.0,21.0,35.27,224.0,99.07,20.51,227.19,2026-05
Rolling 3 Months,2026-03-01,2026-05-31,14743,34786,"Orlando, FL metro area",3.9,283.0,186.0,234.0,34.0,38.77,227.0,96.69,9.14,280.97,2026-05
Rolling 3 Months,2026-03-01,2026-05-31,14744,34787,"Orlando, FL metro area",4.1,789.0,515.0,685.0,37.0,35.42,607.0,97.86,8.35,254.96,2026-05
Rolling 3 Months,2025-03-01,2025-05-31,13719,32703,"Orlando, FL metro area",2.6,286.0,280.0,235.0,48.0,30.13,312.0,98.81,10.0,213.98,2025-05
Rolling 3 Months,2025-03-01,2025-05-31,13726,32712,"Orlando, FL metro area",3.7,323.0,258.0,313.0,50.0,26.67,285.0,98.37,14.73,210.63,2025-05
Rolling 3 Months,2025-03-01,2025-05-31,13792,32801,"Orlando, FL metro area",8.6,146.0,62.0,173.0,31.0,24.0,75.0,95.73,3.23,303.98,2025-05
Rolling 3 Months,2025-03-01,2025-05-31,13794,32803,"Orlando, FL metro area",4.5,157.0,90.0,133.0,37.0,45.22,115.0,97.07,8.89,345.22,2025-05
Rolling 3 Months,2025-03-01,2025-05-31,13795,32804,"Orlando, FL metro area",3.6,163.0,114.0,135.0,21.0,39.39,132.0,97.8,14.91,338.72,2025-05
Rolling 3 Months,2025-03-01,2025-05-31,13796,32805,"Orlando, FL metro area",3.8,67.0,54.0,67.0,74.0,22.86,70.0,95.25,9.26,212.26,2025-05
Rolling 3 Months,2025-03-01,2025-05-31,13797,32806,"Orlando, FL metro area",4.7,163.0,98.0,150.0,41.0,25.4,126.0,97.33,12.24,284.16,2025-05
Rolling 3 Months,2025-03-01,2025-05-31,13798,32807,"Orlando, FL metro area",3.0,103.0,83.0,81.0,28.0,37.61,109.0,98.1,18.07,240.17,2025-05
Rolling 3 Months,2025-03-01,2025-05-31,13799,32808,"Orlando, FL metro area",4.8,190.0,129.0,202.0,54.0,26.53,196.0,97.34,16.28,189.01,2025-05
Rolling 3 Months,2025-03-01,2025-05-31,13801,32810,"Orlando, FL metro area",3.2,112.0,100.0,104.0,42.0,31.13,106.0,97.6,12.0,220.36,2025-05
Rolling 3 Months,2025-03-01,2025-05-31,13807,32817,"Orlando, FL metro area",3.7,102.0,72.0,87.0,30.0,36.56,93.0,97.44,15.28,241.41,2025-05
Rolling 3 Months,2025-03-01,2025-05-31,13809,32819,"Orlando, FL metro area",6.2,194.0,110.0,221.0,51.0,30.17,116.0,95.27,4.55,279.65,2025-05
Rolling 3 Months,2025-03-01,2025-05-31,13815,32826,"Orlando, FL metro area",3.1,61.0,44.0,44.0,32.0,37.1,62.0,98.41,15.91,238.29,2025-05
Rolling 3 Months,2025-03-01,2025-05-31,13816,32827,"Orlando, FL metro area",6.6,220.0,110.0,236.0,77.0,25.0,124.0,97.11,4.55,285.04,2025-05
Rolling 3 Months,2025-03-01,2025-05-31,13817,32828,"Orlando, FL metro area",2.7,216.0,180.0,160.0,28.0,31.47,197.0,98.14,10.0,228.29,2025-05
Rolling 3 Months,2025-03-01,2025-05-31,13821,32832,"Orlando, FL metro area",3.9,266.0,187.0,237.0,36.0,29.58,213.0,98.41,8.56,255.18,2025-05
Rolling 3 Months,2025-03-01,2025-05-31,13824,32835,"Orlando, FL metro area",7.5,245.0,117.0,288.0,42.0,28.28,145.0,96.88,7.69,232.11,2025-05
Rolling 3 Months,2025-03-01,2025-05-31,14733,34761,"Orlando, FL metro area",3.2,205.0,157.0,164.0,38.0,29.15,199.0,98.1,8.92,226.32,2025-05
Rolling 3 Months,2025-03-01,2025-05-31,14743,34786,"Orlando, FL metro area",4.2,280.0,193.0,262.0,47.0,30.22,225.0,96.6,5.7,292.07,2025-05
Rolling 3 Months,2025-03-01,2025-05-31,14744,34787,"Orlando, FL metro area",4.1,760.0,524.0,706.0,43.0,30.84,574.0,97.81,10.5,258.99,2025-05
Rolling 3 Months,2025-02-01,2025-04-30,13719,32703,"Orlando, FL metro area",2.7,272.0,255.0,236.0,54.0,25.08,307.0,98.47,11.37,213.41,2025-04
Rolling 3 Months,2025-02-01,2025-04-30,13726,32712,"Orlando, FL metro area",3.8,315.0,232.0,299.0,56.0,30.28,284.0,98.55,14.22,210.63,2025-04
Rolling 3 Months,2025-02-01,2025-04-30,13792,32801,"Orlando, FL metro area",7.8,155.0,65.0,171.0,59.0,24.39,82.0,96.27,3.08,296.91,2025-04
Rolling 3 Months,2025-02-01,2025-04-30,13794,32803,"Orlando, FL metro area",5.5,141.0,75.0,140.0,28.0,38.89,108.0,96.68,8.0,349.31,2025-04
Rolling 3 Months,2025-02-01,2025-04-30,13795,32804,"Orlando, FL metro area",3.8,161.0,106.0,134.0,21.0,44.35,124.0,97.84,14.15,333.21,2025-04
Rolling 3 Months,2025-02-01,2025-04-30,13796,32805,"Orlando, FL metro area",4.1,73.0,51.0,71.0,76.0,25.0,68.0,95.08,19.61,190.79,2025-04
Rolling 3 Months,2025-02-01,2025-04-30,13797,32806,"Orlando, FL metro area",5.4,172.0,89.0,161.0,59.0,33.04,115.0,97.32,13.48,281.79,2025-04
Rolling 3 Months,2025-02-01,2025-04-30,13798,32807,"Orlando, FL metro area",3.8,114.0,75.0,95.0,27.0,38.83,103.0,98.14,20.0,232.08,2025-04
Rolling 3 Months,2025-02-01,2025-04-30,13799,32808,"Orlando, FL metro area",4.9,206.0,124.0,205.0,54.0,25.44,169.0,96.71,11.29,192.89,2025-04
Rolling 3 Months,2025-02-01,2025-04-30,13801,32810,"Orlando, FL metro area",3.1,107.0,83.0,87.0,48.0,32.38,105.0,96.83,12.05,230.77,2025-04
Rolling 3 Months,2025-02-01,2025-04-30,13807,32817,"Orlando, FL metro area",3.2,102.0,78.0,83.0,34.0,34.09,88.0,98.25,11.54,240.99,2025-04
Rolling 3 Months,2025-02-01,2025-04-30,13809,32819,"Orlando, FL metro area",5.0,174.0,115.0,195.0,73.0,28.21,117.0,95.33,4.35,287.19,2025-04
Rolling 3 Months,2025-02-01,2025-04-30,13815,32826,"Orlando, FL metro area",2.5,59.0,44.0,37.0,25.0,38.6,57.0,98.09,18.18,236.72,2025-04
Rolling 3 Months,2025-02-01,2025-04-30,13816,32827,"Orlando, FL metro area",7.1,190.0,88.0,212.0,83.0,26.5,117.0,97.14,3.41,288.93,2025-04
Rolling 3 Months,2025-02-01,2025-04-30,13817,32828,"Orlando, FL metro area",2.9,205.0,148.0,143.0,38.0,33.16,193.0,98.23,7.43,227.49,2025-04
Rolling 3 Months,2024-02-01,2024-04-30,13719,32703,"Orlando, FL metro area",3.1,244.0,171.0,176.0,27.0,33.8,216.0,97.76,12.87,219.75,2024-04
Rolling 3 Months,2024-02-01,2024-04-30,13726,32712,"Orlando, FL metro area",3.2,329.0,216.0,233.0,35.0,41.46,287.0,98.75,16.2,205.46,2024-04
Rolling 3 Months,2024-02-01,2024-04-30,13792,32801,"Orlando, FL metro area",5.3,115.0,63.0,111.0,47.0,27.63,76.0,97.16,3.17,322.58,2024-04
Rolling 3 Months,2024-02-01,2024-04-30,13794,32803,"Orlando, FL metro area",1.8,95.0,89.0,52.0,24.0,50.0,94.0,97.58,21.35,325.45,2024-04
Rolling 3 Months,2024-02-01,2024-04-30,13795,32804,"Orlando, FL metro area",2.7,148.0,98.0,87.0,18.0,49.21,126.0,97.16,12.24,319.77,2024-04
Rolling 3 Months,2024-02-01,2024-04-30,13796,32805,"Orlando, FL metro area",3.0,65.0,52.0,52.0,56.0,25.0,60.0,97.68,15.38,221.63,2024-04
Rolling 3 Months,2024-02-01,2024-04-30,13797,32806,"Orlando, FL metro area",2.8,168.0,125.0,115.0,28.0,41.29,155.0,98.01,10.4,286.18,2024-04
Rolling 3 Months,2024-02-01,2024-04-30,13798,32807,"Orlando, FL metro area",2.2,112.0,81.0,59.0,28.0,50.91,110.0,98.07,19.75,231.48,2024-04
Rolling 3 Months,2024-02-01,2024-04-30,13799,32808,"Orlando, FL metro area",4.0,159.0,95.0,126.0,25.0,31.08,148.0,98.14,18.95,188.76,2024-04
Rolling 3 Months,2024-02-01,2024-04-30,13801,32810,"Orlando, FL metro area",2.2,127.0,103.0,74.0,36.0,31.71,123.0,96.26,12.62,223.33,2024-04
Rolling 3 Months,2024-02-01,2024-04-30,13807,32817,"Orlando, FL metro area",2.2,92.0,70.0,51.0,26.0,48.19,83.0,97.98,18.57,254.06,2024-04
Rolling 3 Months,2024-02-01,2024-04-30,13809,32819,"Orlando, FL metro area",2.7,157.0,146.0,132.0,32.0,34.5,171.0,96.46,10.96,287.24,2024-04
Rolling 3 Months,2024-02-01,2024-04-30,13815,32826,"Orlando, FL metro area",2.1,69.0,50.0,35.0,30.0,39.44,71.0,97.54,12.0,230.85,2024-04
Rolling 3 Months,2024-02-01,2024-04-30,13816,32827,"Orlando, FL metro area",2.7,162.0,151.0,137.0,38.0,35.26,156.0,97.96,13.91,288.01,2024-04
Rolling 3 Months,2024-02-01,2024-04-30,13817,32828,"Orlando, FL metro area",2.0,206.0,145.0,97.0,19.0,48.31,178.0,98.62,19.31,235.11,2024-04
Rolling 3 Months,2024-02-01,2024-04-30,13821,32832,"Orlando, FL metro area",2.4,237.0,168.0,136.0,34.0,39.32,206.0,98.43,10.71,250.72,2024-04
Rolling 3 Months,2024-02-01,2024-04-30,13824,32835,"Orlando, FL metro area",3.9,220.0,137.0,178.0,34.0,38.01,171.0,97.57,8.76,221.51,2024-04
Rolling 3 Months,2024-02-01,2024-04-30,14733,34761,"Orlando, FL metro area",1.8,168.0,165.0,97.0,37.0,40.11,182.0,98.35,11.52,224.94,2024-04
Rolling 3 Months,2024-02-01,2024-04-30,14743,34786,"Orlando, FL metro area",3.9,259.0,165.0,212.0,24.0,40.93,215.0,96.78,7.88,270.84,2024-04
Rolling 3 Months,2024-02-01,2024-04-30,14744,34787,"Orlando, FL metro area",3.3,725.0,523.0,578.0,35.0,39.77,606.0,98.28,11.47,256.8,2024-04
Rolling 3 Months,2023-02-01,2023-04-30,13719,32703,"Orlando, FL metro area",1.6,175.0,149.0,79.0,20.0,50.52,194.0,97.9,17.45,203.78,2023-04
Rolling 3 Months,2023-02-01,2023-04-30,13726,32712,"Orlando, FL metro area",1.6,195.0,205.0,113.0,37.0,42.61,230.0,98.06,12.2,204.99,2023-04
Rolling 3 Months,2023-02-01,2023-04-30,13792,32801,"Orlando, FL metro area",2.7,89.0,61.0,56.0,24.0,46.25,80.0,97.54,13.11,325.14,2023-04
Rolling 3 Months,2023-02-01,2023-04-30,13794,32803,"Orlando, FL metro area",1.3,98.0,97.0,41.0,33.0,43.97,116.0,97.81,16.49,312.78,2023-04
Rolling 3 Months,2023-02-01,2023-04-30,13795,32804,"Orlando, FL metro area",1.5,96.0,101.0,50.0,23.0,45.76,118.0,97.53,18.81,292.1,2023-04
Rolling 3 Months,2023-02-01,2023-04-30,13796,32805,"Orlando, FL metro area",3.4,80.0,43.0,50.0,25.0,52.17,69.0,94.19,11.63,196.59,2023-04
Rolling 3 Months,2023-02-01,2023-04-30,13797,32806,"Orlando, FL metro area",1.6,126.0,117.0,62.0,25.0,51.45,138.0,97.56,20.51,274.62,2023-04
Rolling 3 Months,2023-02-01,2023-04-30,13798,32807,"Orlando, FL metro area",1.5,79.0,77.0,38.0,37.0,50.51,99.0,98.71,18.18,228.0,2023-04
Rolling 3 Months,2023-02-01,2023-04-30,13799,32808,"Orlando, FL metro area",1.3,137.0,163.0,69.0,36.0,41.94,186.0,97.89,18.4,191.59,2023-04
Rolling 3 Months,2023-02-01,2023-04-30,13801,32810,"Orlando, FL metro area",2.3,99.0,75.0,59.0,42.0,43.27,104.0,97.01,17.33,210.14,2023-04
Rolling 3 Months,2023-02-01,2023-04-30,13807,32817,"Orlando, FL metro area",1.4,82.0,80.0,37.0,15.0,54.35,92.0,97.94,22.5,233.02,2023-04
Rolling 3 Months,2023-02-01,2023-04-30,13809,32819,"Orlando, FL metro area",1.6,134.0,134.0,73.0,25.0,40.51,158.0,97.42,16.42,267.35,2023-04
Rolling 3 Months,2023-02-01,2023-04-30,13815,32826,"Orlando, FL metro area",0.7,51.0,60.0,15.0,22.0,55.38,65.0,97.71,20.0,216.41,2023-04
Rolling 3 Months,2023-02-01,2023-04-30,13816,32827,"Orlando, FL metro area",4.6,205.0,117.0,180.0,24.0,43.48,161.0,97.91,6.84,272.77,2023-04
Rolling 3 Months,2023-02-01,2023-04-30,13817,32828,"Orlando, FL metro area",1.3,184.0,159.0,72.0,23.0,50.98,204.0,99.11,16.35,224.91,2023-04
Rolling 3 Months,2023-02-01,2023-04-30,13821,32832,"Orlando, FL metro area",1.8,216.0,169.0,101.0,15.0,49.03,206.0,98.78,11.24,249.95,2023-04
Rolling 3 Months,2023-02-01,2023-04-30,13824,32835,"Orlando, FL metro area",1.7,166.0,154.0,86.0,29.0,44.39,187.0,97.19,14.94,204.82,2023-04
Rolling 3 Months,2023-02-01,2023-04-30,14733,34761,"Orlando, FL metro area",1.3,149.0,129.0,58.0,21.0,55.7,149.0,98.4,16.28,208.52,2023-04
Rolling 3 Months,2023-02-01,2023-04-30,14743,34786,"Orlando, FL metro area",2.0,208.0,167.0,111.0,36.0,46.95,213.0,97.21,14.37,268.89,2023-04
Rolling 3 Months,2023-02-01,2023-04-30,14744,34787,"Orlando, FL metro area",1.9,528.0,455.0,291.0,24.0,48.84,561.0,98.28,16.26,248.74,2023-04
Rolling 3 Months,2022-02-01,2022-04-30,13719,32703,"Orlando, FL metro area",1.4,208.0,156.0,72.0,7.0,68.47,203.0,101.16,54.49,195.5,2022-04
Rolling 3 Months,2022-02-01,2022-04-30,13726,32712,"Orlando, FL metro area",1.0,270.0,252.0,85.0,10.0,67.87,277.0,100.53,46.83,193.67,2022-04
Rolling 3 Months,2022-02-01,2022-04-30,13792,32801,"Orlando, FL metro area",1.3,121.0,107.0,47.0,11.0,64.96,117.0,98.62,32.71,313.78,2022-04
Rolling 3 Months,2022-02-01,2022-04-30,13794,32803,"Orlando, FL metro area",1.0,131.0,125.0,41.0,10.0,71.32,129.0,99.78,47.2,306.26,2022-04
Rolling 3 Months,2022-02-01,2022-04-30,13795,32804,"Orlando, FL metro area",1.3,140.0,124.0,55.0,9.0,62.33,146.0,100.02,41.13,299.71,2022-04
Rolling 3 Months,2022-02-01,2022-04-30,13796,32805,"Orlando, FL metro area",1.5,85.0,88.0,45.0,15.0,63.04,92.0,98.64,28.41,175.84,2022-04
Rolling 3 Months,2022-02-01,2022-04-30,13797,32806,"Orlando, FL metro area",1.1,189.0,160.0,60.0,10.0,71.02,176.0,100.08,41.25,255.5,2022-04
Rolling 3 Months,2022-02-01,2022-04-30,13798,32807,"Orlando, FL metro area",1.1,115.0,100.0,37.0,7.0,73.28,116.0,100.37,47.0,214.77,2022-04
Rolling 3 Months,2022-02-01,2022-04-30,13799,32808,"Orlando, FL metro area",0.9,189.0,176.0,56.0,12.0,64.15,212.0,100.64,53.98,180.18,2022-04
Rolling 3 Months,2022-02-01,2022-04-30,13801,32810,"Orlando, FL metro area",0.7,115.0,122.0,29.0,12.0,62.42,149.0,100.41,50.0,200.13,2022-04
Rolling 3 Months,2022-02-01,2022-04-30,13807,32817,"Orlando, FL metro area",0.4,93.0,93.0,13.0,8.0,72.16,97.0,101.97,56.99,230.77,2022-04
Rolling 3 Months,2022-02-01,2022-04-30,13809,32819,"Orlando, FL metro area",0.8,229.0,215.0,59.0,8.0,72.97,222.0,100.05,40.93,245.9,2022-04
Rolling 3 Months,2022-02-01,2022-04-30,13815,32826,"Orlando, FL metro area",0.9,84.0,64.0,20.0,6.0,82.05,78.0,103.1,62.5,216.06,2022-04
Rolling 3 Months,2022-02-01,2022-04-30,13816,32827,"Orlando, FL metro area",1.3,178.0,117.0,51.0,4.0,85.23,149.0,101.39,49.57,275.75,2022-04
Rolling 3 Months,2022-02-01,2022-04-30,13817,32828,"Orlando, FL metro area",0.8,269.0,230.0,59.0,6.0,78.46,260.0,103.39,68.7,213.59,2022-04
Rolling 3 Months,2022-02-01,2022-04-30,13821,32832,"Orlando, FL metro area",0.6,203.0,178.0,35.0,5.0,82.72,191.0,102.15,50.56,224.68,2022-04
Rolling 3 Months,2022-02-01,2022-04-30,13824,32835,"Orlando, FL metro area",1.0,262.0,214.0,75.0,11.0,71.65,254.0,101.07,50.0,190.11,2022-04
Rolling 3 Months,2022-02-01,2022-04-30,14733,34761,"Orlando, FL metro area",0.7,194.0,179.0,45.0,10.0,75.36,207.0,101.1,51.4,204.54,2022-04
Rolling 3 Months,2022-02-01,2022-04-30,14743,34786,"Orlando, FL metro area",1.1,259.0,223.0,81.0,7.0,72.29,249.0,100.76,46.64,259.07,2022-04
Rolling 3 Months,2022-02-01,2022-04-30,14744,34787,"Orlando, FL metro area",1.2,647.0,514.0,211.0,6.0,77.1,594.0,100.91,48.83,234.34,2022-04
Rolling 3 Months,2020-12-01,2021-02-28,13719,32703,"Orlando, FL metro area",1.0,199.0,187.0,65.0,14.0,59.82,219.0,98.03,24.06,151.4,2021-02
Rolling 3 Months,2020-12-01,2021-02-28,13726,32712,"Orlando, FL metro area",1.0,191.0,221.0,71.0,13.0,52.28,241.0,98.62,23.53,147.95,2021-02
Rolling 3 Months,2020-12-01,2021-02-28,13792,32801,"Orlando, FL metro area",3.7,113.0,87.0,108.0,52.0,32.74,113.0,97.15,5.75,241.82,2021-02
Rolling 3 Months,2020-12-01,2021-02-28,13794,32803,"Orlando, FL metro area",1.5,114.0,116.0,59.0,28.0,42.18,147.0,97.65,10.34,241.19,2021-02
Rolling 3 Months,2020-12-01,2021-02-28,13795,32804,"Orlando, FL metro area",1.8,120.0,128.0,78.0,45.0,37.25,153.0,96.75,12.5,229.58,2021-02
Rolling 3 Months,2020-12-01,2021-02-28,13796,32805,"Orlando, FL metro area",2.0,54.0,50.0,34.0,18.0,54.39,57.0,95.98,26.0,135.06,2021-02
Rolling 3 Months,2020-12-01,2021-02-28,13797,32806,"Orlando, FL metro area",1.8,141.0,133.0,82.0,30.0,41.86,172.0,98.12,15.79,211.38,2021-02
Rolling 3 Months,2020-12-01,2021-02-28,13798,32807,"Orlando, FL metro area",1.1,93.0,93.0,34.0,16.0,61.76,102.0,98.71,26.88,170.58,2021-02
Rolling 3 Months,2020-12-01,2021-02-28,13799,32808,"Orlando, FL metro area",1.4,163.0,141.0,67.0,24.0,45.32,203.0,96.79,17.02,125.6,2021-02
Rolling 3 Months,2020-12-01,2021-02-28,13801,32810,"Orlando, FL metro area",1.1,103.0,106.0,40.0,16.0,54.55,121.0,97.09,18.87,150.31,2021-02
Rolling 3 Months,2020-12-01,2021-02-28,13807,32817,"Orlando, FL metro area",0.8,86.0,87.0,24.0,12.0,61.76,102.0,98.55,25.29,170.99,2021-02
Rolling 3 Months,2020-12-01,2021-02-28,13809,32819,"Orlando, FL metro area",2.4,175.0,171.0,138.0,40.0,38.83,206.0,96.22,9.36,187.31,2021-02
Rolling 3 Months,2020-12-01,2021-02-28,13815,32826,"Orlando, FL metro area",1.1,75.0,71.0,25.0,8.0,55.42,83.0,98.6,22.54,157.43,2021-02
Rolling 3 Months,2020-12-01,2021-02-28,13816,32827,"Orlando, FL metro area",1.2,149.0,151.0,60.0,26.0,46.35,192.0,98.15,7.28,201.19,2021-02
Rolling 3 Months,2020-12-01,2021-02-28,13817,32828,"Orlando, FL metro area",0.4,200.0,246.0,31.0,13.0,61.35,251.0,99.01,26.42,154.96,2021-02
Rolling 3 Months,2020-12-01,2021-02-28,13821,32832,"Orlando, FL metro area",0.7,180.0,191.0,44.0,15.0,55.05,218.0,98.82,16.75,165.9,2021-02
Rolling 3 Months,2020-12-01,2021-02-28,13824,32835,"Orlando, FL metro area",1.9,200.0,205.0,132.0,34.0,37.35,257.0,97.23,11.71,144.29,2021-02
Rolling 3 Months,2020-12-01,2021-02-28,14733,34761,"Orlando, FL metro area",1.4,236.0,213.0,97.0,15.0,61.54,234.0,98.62,16.9,156.21,2021-02
Rolling 3 Months,2020-12-01,2021-02-28,14743,34786,"Orlando, FL metro area",1.4,270.0,295.0,135.0,42.0,39.41,373.0,97.38,9.15,175.92,2021-02
Rolling 3 Months,2020-12-01,2021-02-28,14744,34787,"Orlando, FL metro area",1.0,525.0,577.0,188.0,16.0,54.08,625.0,98.61,16.12,173.1,2021-02
Rolling 3 Months,2020-11-01,2021-01-31,13719,32703,"Orlando, FL metro area",1.0,179.0,190.0,62.0,14.0,53.85,208.0,97.95,21.58,148.81,2021-01
Rolling 3 Months,2020-11-01,2021-01-31,13726,32712,"Orlando, FL metro area",1.1,204.0,235.0,85.0,13.0,50.42,238.0,98.54,28.09,145.0,2021-01
Rolling 3 Months,2020-11-01,2021-01-31,13792,32801,"Orlando, FL metro area",3.8,112.0,96.0,119.0,44.0,30.91,110.0,96.92,6.25,248.68,2021-01
Rolling 3 Months,2020-11-01,2021-01-31,13794,32803,"Orlando, FL metro area",1.9,110.0,125.0,77.0,21.0,37.04,135.0,97.87,14.4,242.62,2021-01
Rolling 3 Months,2020-11-01,2021-01-31,13795,32804,"Orlando, FL metro area",1.9,112.0,129.0,80.0,20.0,34.81,158.0,96.7,10.08,239.41,2021-01
Rolling 3 Months,2020-11-01,2021-01-31,13796,32805,"Orlando, FL metro area",1.3,44.0,50.0,22.0,37.0,44.44,63.0,95.48,20.0,129.9,2021-01
Rolling 3 Months,2020-11-01,2021-01-31,13797,32806,"Orlando, FL metro area",1.7,151.0,137.0,77.0,23.0,41.36,162.0,97.97,11.68,203.45,2021-01
Rolling 3 Months,2020-11-01,2021-01-31,13798,32807,"Orlando, FL metro area",0.9,87.0,119.0,33.0,13.0,53.26,92.0,98.27,30.25,166.15,2021-01
Rolling 3 Months,2020-11-01,2021-01-31,13799,32808,"Orlando, FL metro area",1.8,152.0,135.0,78.0,21.0,48.02,177.0,97.05,18.52,126.83,2021-01
Rolling 3 Months,2020-11-01,2021-01-31,13801,32810,"Orlando, FL metro area",1.1,103.0,121.0,43.0,11.0,56.56,122.0,97.04,16.53,149.88,2021-01
Rolling 3 Months,2020-11-01,2021-01-31,13807,32817,"Orlando, FL metro area",0.7,81.0,97.0,22.0,12.0,57.43,101.0,98.65,21.65,169.67,2021-01
Rolling 3 Months,2020-11-01,2021-01-31,13809,32819,"Orlando, FL metro area",2.6,166.0,184.0,155.0,52.0,32.16,199.0,96.05,6.52,183.76,2021-01
Rolling 3 Months,2020-11-01,2021-01-31,13815,32826,"Orlando, FL metro area",1.2,78.0,69.0,26.0,8.0,59.04,83.0,98.87,24.64,159.12,2021-01
Rolling 3 Months,2020-11-01,2021-01-31,13816,32827,"Orlando, FL metro area",1.4,134.0,142.0,65.0,21.0,44.97,169.0,98.38,5.63,195.02,2021-01
Rolling 3 Months,2020-11-01,2021-01-31,13817,32828,"Orlando, FL metro area",0.6,204.0,261.0,48.0,11.0,59.23,260.0,98.82,22.99,156.25,2021-01
Rolling 3 Months,2020-11-01,2021-01-31,13821,32832,"Orlando, FL metro area",0.9,180.0,216.0,64.0,18.0,50.44,226.0,98.66,14.35,164.07,2021-01
Rolling 3 Months,2020-11-01,2021-01-31,13824,32835,"Orlando, FL metro area",2.4,213.0,194.0,151.0,25.0,38.27,243.0,97.16,14.43,143.63,2021-01
Rolling 3 Months,2020-11-01,2021-01-31,14733,34761,"Orlando, FL metro area",1.3,231.0,211.0,88.0,16.0,59.75,241.0,98.89,21.33,156.34,2021-01
Rolling 3 Months,2020-11-01,2021-01-31,14743,34786,"Orlando, FL metro area",1.8,253.0,286.0,164.0,43.0,33.43,332.0,97.31,7.69,173.86,2021-01
Rolling 3 Months,2020-11-01,2021-01-31,14744,34787,"Orlando, FL metro area",1.1,536.0,625.0,222.0,16.0,50.08,627.0,98.53,14.4,170.83,2021-01
Rolling 3 Months,2019-11-01,2020-01-31,13719,32703,"Orlando, FL metro area",2.6,196.0,164.0,138.0,25.0,37.13,202.0,97.47,13.41,141.51,2020-01
Rolling 3 Months,2019-11-01,2020-01-31,13726,32712,"Orlando, FL metro area",2.0,198.0,225.0,144.0,35.0,30.65,248.0,97.88,8.44,133.33,2020-01
Rolling 3 Months,2019-11-01,2020-01-31,13792,32801,"Orlando, FL metro area",3.1,91.0,89.0,91.0,52.0,20.45,88.0,96.48,5.62,225.65,2020-01
Rolling 3 Months,2019-11-01,2020-01-31,13794,32803,"Orlando, FL metro area",1.8,106.0,128.0,74.0,52.0,35.17,145.0,96.92,7.81,225.69,2020-01
Rolling 3 Months,2019-11-01,2020-01-31,13795,32804,"Orlando, FL metro area",2.7,108.0,110.0,96.0,45.0,29.75,121.0,96.96,8.18,220.12,2020-01
Rolling 3 Months,2019-11-01,2020-01-31,13796,32805,"Orlando, FL metro area",2.9,46.0,44.0,42.0,40.0,31.82,44.0,95.7,20.45,123.51,2020-01
Rolling 3 Months,2019-11-01,2020-01-31,13797,32806,"Orlando, FL metro area",2.1,112.0,126.0,85.0,34.0,38.69,137.0,96.88,13.49,189.54,2020-01
Rolling 3 Months,2019-11-01,2020-01-31,13798,32807,"Orlando, FL metro area",1.8,97.0,85.0,51.0,35.0,31.73,104.0,97.0,15.29,157.5,2020-01
Rolling 3 Months,2019-11-01,2020-01-31,13799,32808,"Orlando, FL metro area",3.0,196.0,161.0,159.0,28.0,32.09,215.0,97.02,14.29,116.47,2020-01
Rolling 3 Months,2019-11-01,2020-01-31,13801,32810,"Orlando, FL metro area",1.9,103.0,96.0,61.0,26.0,42.24,116.0,96.94,18.75,128.65,2020-01
Rolling 3 Months,2019-11-01,2020-01-31,13807,32817,"Orlando, FL metro area",1.4,71.0,81.0,36.0,19.0,39.56,91.0,97.66,19.75,154.91,2020-01
Rolling 3 Months,2019-11-01,2020-01-31,13809,32819,"Orlando, FL metro area",3.3,145.0,143.0,153.0,39.0,26.49,151.0,96.7,10.49,172.3,2020-01
Rolling 3 Months,2019-11-01,2020-01-31,13815,32826,"Orlando, FL metro area",1.1,57.0,65.0,23.0,12.0,53.85,65.0,97.33,12.31,149.16,2020-01
Rolling 3 Months,2019-11-01,2020-01-31,13816,32827,"Orlando, FL metro area",3.2,155.0,153.0,161.0,45.0,37.06,143.0,96.84,5.88,183.15,2020-01
Rolling 3 Months,2019-11-01,2020-01-31,13817,32828,"Orlando, FL metro area",1.2,202.0,249.0,101.0,37.0,35.36,263.0,98.35,13.25,143.66,2020-01
Rolling 3 Months,2019-11-01,2020-01-31,13821,32832,"Orlando, FL metro area",2.6,164.0,159.0,133.0,32.0,30.39,181.0,97.94,10.06,156.4,2020-01
Rolling 3 Months,2019-11-01,2020-01-31,13824,32835,"Orlando, FL metro area",2.5,181.0,174.0,141.0,31.0,33.8,213.0,97.0,12.07,135.28,2020-01
Rolling 3 Months,2019-11-01,2020-01-31,14733,34761,"Orlando, FL metro area",1.7,209.0,209.0,117.0,24.0,42.86,231.0,98.07,10.05,140.52,2020-01
Rolling 3 Months,2019-11-01,2020-01-31,14743,34786,"Orlando, FL metro area",4.0,243.0,217.0,281.0,42.0,28.93,242.0,96.58,6.91,169.12,2020-01
Rolling 3 Months,2019-11-01,2020-01-31,14744,34787,"Orlando, FL metro area",2.7,485.0,436.0,384.0,28.0,37.45,486.0,97.89,9.17,157.21,2020-01
Rolling 3 Months,2018-10-01,2018-12-31,13719,32703,"Orlando, FL metro area",2.5,205.0,216.0,176.0,28.0,35.24,227.0,96.44,12.5,130.34,2018-12
Rolling 3 Months,2018-10-01,2018-12-31,13726,32712,"Orlando, FL metro area",2.7,243.0,231.0,207.0,33.0,32.64,242.0,97.87,10.82,126.92,2018-12
Rolling 3 Months,2018-10-01,2018-12-31,13792,32801,"Orlando, FL metro area",4.9,76.0,65.0,104.0,46.0,22.03,59.0,96.22,0.0,233.8,2018-12
Rolling 3 Months,2018-10-01,2018-12-31,13794,32803,"Orlando, FL metro area",4.2,139.0,107.0,148.0,42.0,26.89,119.0,97.31,9.35,222.28,2018-12
Rolling 3 Months,2018-10-01,2018-12-31,13795,32804,"Orlando, FL metro area",4.4,112.0,103.0,149.0,40.0,28.95,114.0,96.29,6.8,204.51,2018-12
Rolling 3 Months,2018-10-01,2018-12-31,13796,32805,"Orlando, FL metro area",4.9,73.0,43.0,69.0,41.0,28.57,49.0,93.93,11.63,96.97,2018-12
Rolling 3 Months,2018-10-01,2018-12-31,13797,32806,"Orlando, FL metro area",2.6,127.0,149.0,125.0,31.0,28.48,165.0,97.04,9.4,172.41,2018-12
Rolling 3 Months,2018-10-01,2018-12-31,13798,32807,"Orlando, FL metro area",1.8,110.0,115.0,68.0,21.0,41.82,110.0,97.7,19.13,141.48,2018-12
Rolling 3 Months,2018-10-01,2018-12-31,13799,32808,"Orlando, FL metro area",3.4,159.0,140.0,157.0,36.0,29.73,185.0,96.62,17.86,99.93,2018-12
Rolling 3 Months,2018-10-01,2018-12-31,13801,32810,"Orlando, FL metro area",2.2,121.0,118.0,83.0,27.0,35.25,139.0,97.96,15.25,131.57,2018-12
Rolling 3 Months,2018-10-01,2018-12-31,13807,32817,"Orlando, FL metro area",2.5,97.0,93.0,76.0,28.0,35.0,100.0,97.18,13.98,145.23,2018-12
Rolling 3 Months,2018-10-01,2018-12-31,13809,32819,"Orlando, FL metro area",3.3,180.0,161.0,174.0,34.0,28.48,158.0,96.13,6.83,159.31,2018-12
Rolling 3 Months,2018-10-01,2018-12-31,13815,32826,"Orlando, FL metro area",2.6,69.0,58.0,49.0,19.0,43.75,64.0,96.95,15.52,138.98,2018-12
Rolling 3 Months,2018-10-01,2018-12-31,13816,32827,"Orlando, FL metro area",4.6,131.0,109.0,163.0,38.0,33.62,116.0,97.22,7.34,178.94,2018-12
Rolling 3 Months,2018-10-01,2018-12-31,13817,32828,"Orlando, FL metro area",2.5,211.0,230.0,187.0,28.0,32.18,202.0,97.73,6.96,134.71,2018-12
Rolling 3 Months,2018-10-01,2018-12-31,13821,32832,"Orlando, FL metro area",2.9,175.0,154.0,144.0,35.0,32.32,164.0,98.28,15.58,144.82,2018-12
Rolling 3 Months,2018-10-01,2018-12-31,13824,32835,"Orlando, FL metro area",2.4,221.0,214.0,170.0,30.0,33.78,222.0,96.93,15.42,128.28,2018-12
Rolling 3 Months,2018-10-01,2018-12-31,14733,34761,"Orlando, FL metro area",2.4,206.0,188.0,148.0,26.0,33.0,203.0,98.05,10.64,133.92,2018-12
Rolling 3 Months,2018-10-01,2018-12-31,14743,34786,"Orlando, FL metro area",4.5,255.0,259.0,381.0,60.0,23.14,255.0,96.36,3.47,164.43,2018-12
Rolling 3 Months,2018-10-01,2018-12-31,14744,34787,"Orlando, FL metro area",2.6,508.0,467.0,401.0,19.0,40.42,475.0,98.04,11.35,147.88,2018-12
Rolling 3 Months,2017-08-01,2017-10-31,13719,32703,"Orlando, FL metro area",2.7,190.0,187.0,163.0,29.0,32.39,213.0,97.91,22.46,120.75,2017-10
Rolling 3 Months,2017-08-01,2017-10-31,13726,32712,"Orlando, FL metro area",2.9,226.0,211.0,201.0,23.0,35.1,208.0,97.81,13.27,117.38,2017-10
Rolling 3 Months,2017-08-01,2017-10-31,13792,32801,"Orlando, FL metro area",3.3,96.0,92.0,98.0,58.0,22.73,88.0,95.45,3.26,221.98,2017-10
Rolling 3 Months,2017-08-01,2017-10-31,13794,32803,"Orlando, FL metro area",3.2,138.0,116.0,120.0,27.0,41.41,128.0,96.54,11.21,193.66,2017-10
Rolling 3 Months,2017-08-01,2017-10-31,13795,32804,"Orlando, FL metro area",3.1,134.0,133.0,134.0,39.0,33.55,152.0,96.81,15.04,195.75,2017-10
Rolling 3 Months,2017-08-01,2017-10-31,13796,32805,"Orlando, FL metro area",4.8,61.0,35.0,55.0,33.0,47.46,59.0,99.76,22.86,74.3,2017-10
Rolling 3 Months,2017-08-01,2017-10-31,13797,32806,"Orlando, FL metro area",3.0,152.0,140.0,139.0,47.0,33.33,141.0,96.64,14.29,168.42,2017-10
Rolling 3 Months,2017-08-01,2017-10-31,13798,32807,"Orlando, FL metro area",1.6,123.0,123.0,65.0,18.0,51.08,139.0,98.1,23.58,127.31,2017-10
Rolling 3 Months,2017-08-01,2017-10-31,13799,32808,"Orlando, FL metro area",2.8,190.0,157.0,141.0,33.0,37.71,175.0,96.48,20.38,86.87,2017-10
Rolling 3 Months,2017-08-01,2017-10-31,13801,32810,"Orlando, FL metro area",2.6,122.0,97.0,83.0,16.0,42.62,122.0,100.1,32.99,117.92,2017-10
Rolling 3 Months,2017-08-01,2017-10-31,13807,32817,"Orlando, FL metro area",2.4,105.0,85.0,66.0,17.0,46.88,96.0,97.28,17.65,139.3,2017-10
Rolling 3 Months,2017-08-01,2017-10-31,13809,32819,"Orlando, FL metro area",4.1,156.0,145.0,192.0,58.0,21.85,151.0,96.54,10.34,151.23,2017-10
Rolling 3 Months,2017-08-01,2017-10-31,13815,32826,"Orlando, FL metro area",2.2,89.0,78.0,57.0,10.0,49.4,83.0,97.95,20.51,128.54,2017-10
Rolling 3 Months,2017-08-01,2017-10-31,13816,32827,"Orlando, FL metro area",4.7,109.0,97.0,150.0,58.0,17.92,106.0,97.73,8.25,165.42,2017-10
Rolling 3 Months,2017-08-01,2017-10-31,13817,32828,"Orlando, FL metro area",1.8,244.0,273.0,159.0,23.0,31.0,300.0,98.23,12.09,129.49,2017-10
Rolling 3 Months,2017-08-01,2017-10-31,13821,32832,"Orlando, FL metro area",2.7,173.0,166.0,145.0,47.0,28.98,176.0,97.81,10.24,133.62,2017-10
Rolling 3 Months,2017-08-01,2017-10-31,13824,32835,"Orlando, FL metro area",3.0,204.0,204.0,197.0,41.0,28.76,226.0,96.46,8.33,118.6,2017-10
Rolling 3 Months,2017-08-01,2017-10-31,14733,34761,"Orlando, FL metro area",3.0,216.0,189.0,184.0,23.0,39.09,197.0,98.35,15.34,120.05,2017-10
Rolling 3 Months,2017-08-01,2017-10-31,14743,34786,"Orlando, FL metro area",5.1,279.0,244.0,404.0,54.0,24.74,287.0,96.44,5.74,148.08,2017-10
Rolling 3 Months,2017-08-01,2017-10-31,14744,34787,"Orlando, FL metro area",2.3,446.0,540.0,409.0,37.0,30.57,494.0,97.88,14.26,138.71,2017-10
Rolling 3 Months,2017-07-01,2017-09-30,13719,32703,"Orlando, FL metro area",2.8,226.0,190.0,174.0,28.0,40.95,210.0,97.78,22.63,118.75,2017-09
Rolling 3 Months,2017-07-01,2017-09-30,13726,32712,"Orlando, FL metro area",2.2,217.0,240.0,176.0,22.0,40.87,230.0,98.02,15.0,118.16,2017-09
Rolling 3 Months,2017-07-01,2017-09-30,13792,32801,"Orlando, FL metro area",3.0,88.0,106.0,103.0,57.0,23.33,90.0,96.36,7.55,223.46,2017-09
Rolling 3 Months,2017-07-01,2017-09-30,13794,32803,"Orlando, FL metro area",3.2,151.0,133.0,137.0,21.0,43.88,139.0,96.98,15.04,191.53,2017-09
Rolling 3 Months,2017-07-01,2017-09-30,13795,32804,"Orlando, FL metro area",3.4,136.0,128.0,141.0,36.0,32.39,142.0,96.4,14.84,198.91,2017-09
Rolling 3 Months,2017-07-01,2017-09-30,13796,32805,"Orlando, FL metro area",4.2,63.0,38.0,52.0,27.0,40.0,50.0,96.7,23.68,75.57,2017-09
Rolling 3 Months,2017-07-01,2017-09-30,13797,32806,"Orlando, FL metro area",2.6,154.0,154.0,133.0,30.0,29.87,154.0,97.01,15.58,168.42,2017-09
Rolling 3 Months,2017-07-01,2017-09-30,13798,32807,"Orlando, FL metro area",1.7,127.0,128.0,70.0,16.0,48.92,139.0,98.57,27.34,129.55,2017-09
Rolling 3 Months,2017-07-01,2017-09-30,13799,32808,"Orlando, FL metro area",2.5,184.0,158.0,128.0,33.0,42.27,194.0,97.21,21.52,86.71,2017-09
Rolling 3 Months,2017-07-01,2017-09-30,13801,32810,"Orlando, FL metro area",2.4,126.0,105.0,83.0,13.0,45.38,119.0,100.31,36.19,118.61,2017-09
Rolling 3 Months,2017-07-01,2017-09-30,13807,32817,"Orlando, FL metro area",2.1,111.0,101.0,68.0,13.0,45.1,102.0,97.86,20.79,137.13,2017-09
Rolling 3 Months,2017-07-01,2017-09-30,13809,32819,"Orlando, FL metro area",4.2,166.0,156.0,213.0,46.0,22.15,149.0,96.3,10.9,151.21,2017-09
Rolling 3 Months,2017-07-01,2017-09-30,13815,32826,"Orlando, FL metro area",1.6,97.0,92.0,48.0,13.0,59.09,88.0,97.44,17.39,127.49,2017-09
Rolling 3 Months,2017-07-01,2017-09-30,13816,32827,"Orlando, FL metro area",4.9,130.0,106.0,170.0,62.0,22.52,111.0,97.18,10.38,165.7,2017-09
Rolling 3 Months,2017-07-01,2017-09-30,13817,32828,"Orlando, FL metro area",2.1,305.0,308.0,208.0,17.0,41.61,310.0,98.36,15.58,128.94,2017-09
Rolling 3 Months,2017-07-01,2017-09-30,13821,32832,"Orlando, FL metro area",2.8,172.0,166.0,151.0,35.0,30.38,158.0,97.9,6.63,136.11,2017-09
Rolling 3 Months,2017-07-01,2017-09-30,13824,32835,"Orlando, FL metro area",3.0,234.0,215.0,212.0,34.0,28.86,246.0,96.7,11.16,116.47,2017-09
Rolling 3 Months,2017-07-01,2017-09-30,14733,34761,"Orlando, FL metro area",2.7,208.0,196.0,171.0,22.0,39.29,196.0,98.06,16.84,119.09,2017-09
Rolling 3 Months,2017-07-01,2017-09-30,14743,34786,"Orlando, FL metro area",4.9,307.0,260.0,416.0,53.0,23.33,270.0,96.43,5.77,146.37,2017-09
Rolling 3 Months,2017-07-01,2017-09-30,14744,34787,"Orlando, FL metro area",2.5,463.0,527.0,423.0,33.0,28.32,519.0,97.79,12.14,136.75,2017-09
Rolling 3 Months,2025-02-01,2025-04-30,13821,32832,"Orlando, FL metro area",5.2,219.0,130.0,227.0,51.0,24.0,175.0,98.25,9.23,249.84,2025-04
Rolling 3 Months,2025-02-01,2025-04-30,13824,32835,"Orlando, FL metro area",7.4,253.0,116.0,288.0,56.0,26.32,152.0,96.23,4.31,213.26,2025-04
Rolling 3 Months,2025-02-01,2025-04-30,14733,34761,"Orlando, FL metro area",3.4,196.0,135.0,156.0,42.0,27.12,177.0,98.19,8.89,226.34,2025-04
Rolling 3 Months,2025-02-01,2025-04-30,14743,34786,"Orlando, FL metro area",4.6,272.0,171.0,265.0,55.0,30.39,204.0,96.48,7.6,299.21,2025-04
Rolling 3 Months,2025-02-01,2025-04-30,14744,34787,"Orlando, FL metro area",4.2,771.0,471.0,665.0,40.0,33.0,594.0,97.76,10.19,259.64,2025-04
Rolling 3 Months,2025-10-01,2025-12-31,13719,32703,"Orlando, FL metro area",3.1,197.0,221.0,227.0,56.0,21.03,214.0,97.81,6.79,209.26,2025-12
Rolling 3 Months,2025-10-01,2025-12-31,13726,32712,"Orlando, FL metro area",4.4,250.0,220.0,319.0,68.0,15.45,233.0,97.67,6.82,209.0,2025-12
Rolling 3 Months,2025-10-01,2025-12-31,13792,32801,"Orlando, FL metro area",8.4,63.0,46.0,126.0,81.0,10.64,47.0,95.02,4.35,252.58,2025-12
Rolling 3 Months,2025-10-01,2025-12-31,13794,32803,"Orlando, FL metro area",4.1,98.0,85.0,113.0,48.0,26.67,90.0,97.69,5.88,315.55,2025-12
Rolling 3 Months,2025-10-01,2025-12-31,13795,32804,"Orlando, FL metro area",3.3,94.0,96.0,102.0,65.0,30.68,88.0,96.53,7.29,350.84,2025-12
Rolling 3 Months,2025-10-01,2025-12-31,13796,32805,"Orlando, FL metro area",5.4,60.0,38.0,67.0,58.0,22.45,49.0,94.55,7.89,203.75,2025-12
Rolling 3 Months,2025-10-01,2025-12-31,13797,32806,"Orlando, FL metro area",3.3,104.0,105.0,114.0,49.0,29.06,117.0,96.91,10.48,289.28,2025-12
Rolling 3 Months,2025-10-01,2025-12-31,13798,32807,"Orlando, FL metro area",4.5,86.0,58.0,85.0,47.0,40.85,71.0,98.62,10.34,229.09,2025-12
Rolling 3 Months,2025-10-01,2025-12-31,13799,32808,"Orlando, FL metro area",4.9,121.0,98.0,157.0,60.0,22.61,115.0,95.01,19.39,190.31,2025-12
Rolling 3 Months,2025-10-01,2025-12-31,13801,32810,"Orlando, FL metro area",4.0,75.0,65.0,84.0,60.0,25.71,70.0,96.57,13.85,222.77,2025-12
Rolling 3 Months,2025-10-01,2025-12-31,13807,32817,"Orlando, FL metro area",2.2,52.0,73.0,52.0,52.0,17.19,64.0,97.29,9.59,245.6,2025-12
Rolling 3 Months,2025-10-01,2025-12-31,13809,32819,"Orlando, FL metro area",4.9,145.0,121.0,193.0,68.0,19.66,117.0,95.47,2.48,283.3,2025-12
Rolling 3 Months,2025-10-01,2025-12-31,13815,32826,"Orlando, FL metro area",4.0,42.0,34.0,44.0,46.0,11.43,35.0,96.94,8.82,234.7,2025-12
Rolling 3 Months,2025-10-01,2025-12-31,13816,32827,"Orlando, FL metro area",5.1,120.0,105.0,174.0,58.0,17.53,97.0,96.89,4.76,289.77,2025-12
Rolling 3 Months,2025-10-01,2025-12-31,13817,32828,"Orlando, FL metro area",2.9,136.0,119.0,111.0,42.0,26.72,131.0,98.25,13.45,222.79,2025-12
Rolling 3 Months,2025-10-01,2025-12-31,13821,32832,"Orlando, FL metro area",6.6,161.0,108.0,233.0,73.0,23.64,110.0,97.11,4.63,248.18,2025-12
Rolling 3 Months,2025-10-01,2025-12-31,13824,32835,"Orlando, FL metro area",7.4,140.0,90.0,218.0,72.0,20.18,109.0,94.86,3.33,189.5,2025-12
Rolling 3 Months,2025-10-01,2025-12-31,14733,34761,"Orlando, FL metro area",3.3,129.0,127.0,138.0,43.0,25.2,127.0,97.63,7.87,222.6,2025-12
Rolling 3 Months,2025-10-01,2025-12-31,14743,34786,"Orlando, FL metro area",4.3,157.0,140.0,197.0,64.0,22.37,152.0,96.06,2.14,277.59,2025-12
Rolling 3 Months,2025-10-01,2025-12-31,14744,34787,"Orlando, FL metro area",3.7,553.0,498.0,598.0,59.0,27.18,493.0,97.5,6.02,252.71,2025-12
Rolling 3 Months,2024-12-01,2025-02-28,13719,32703,"Orlando, FL metro area",3.8,250.0,207.0,264.0,67.0,20.68,237.0,98.63,9.66,212.65,2025-02
Rolling 3 Months,2024-12-01,2025-02-28,13726,32712,"Orlando, FL metro area",4.6,280.0,202.0,310.0,64.0,25.7,249.0,98.39,8.91,205.5,2025-02
Rolling 3 Months,2024-12-01,2025-02-28,13792,32801,"Orlando, FL metro area",8.4,125.0,52.0,145.0,67.0,23.29,73.0,96.7,3.85,296.43,2025-02
Rolling 3 Months,2024-12-01,2025-02-28,13794,32803,"Orlando, FL metro area",4.5,95.0,70.0,104.0,51.0,31.82,88.0,97.13,8.57,337.72,2025-02
Rolling 3 Months,2024-12-01,2025-02-28,13795,32804,"Orlando, FL metro area",3.7,124.0,95.0,116.0,53.0,40.2,102.0,96.51,6.32,338.26,2025-02
Rolling 3 Months,2024-12-01,2025-02-28,13796,32805,"Orlando, FL metro area",5.0,75.0,46.0,76.0,35.0,35.48,62.0,95.03,17.39,195.87,2025-02
Rolling 3 Months,2024-12-01,2025-02-28,13797,32806,"Orlando, FL metro area",5.1,123.0,76.0,129.0,45.0,32.63,95.0,97.12,7.89,286.78,2025-02
Rolling 3 Months,2024-12-01,2025-02-28,13798,32807,"Orlando, FL metro area",4.9,96.0,59.0,96.0,40.0,31.94,72.0,97.57,8.47,232.08,2025-02
Rolling 3 Months,2024-12-01,2025-02-28,13799,32808,"Orlando, FL metro area",6.3,208.0,104.0,217.0,49.0,27.81,151.0,96.86,11.54,192.71,2025-02
Rolling 3 Months,2024-12-01,2025-02-28,13801,32810,"Orlando, FL metro area",5.1,99.0,60.0,101.0,49.0,31.65,79.0,97.04,6.67,239.38,2025-02
Rolling 3 Months,2024-12-01,2025-02-28,13807,32817,"Orlando, FL metro area",3.6,82.0,64.0,76.0,42.0,30.0,80.0,97.79,1.56,247.94,2025-02
Rolling 3 Months,2024-12-01,2025-02-28,13809,32819,"Orlando, FL metro area",6.1,149.0,88.0,179.0,62.0,22.73,110.0,96.47,6.82,286.07,2025-02
Rolling 3 Months,2024-12-01,2025-02-28,13815,32826,"Orlando, FL metro area",2.4,47.0,51.0,41.0,53.0,30.61,49.0,96.86,11.76,227.41,2025-02
Rolling 3 Months,2024-12-01,2025-02-28,13816,32827,"Orlando, FL metro area",5.7,130.0,86.0,162.0,54.0,26.14,88.0,97.33,9.3,291.79,2025-02
Rolling 3 Months,2024-12-01,2025-02-28,13817,32828,"Orlando, FL metro area",4.6,168.0,105.0,162.0,51.0,29.29,140.0,97.88,2.86,226.68,2025-02
Rolling 3 Months,2024-12-01,2025-02-28,13821,32832,"Orlando, FL metro area",7.7,166.0,86.0,220.0,53.0,20.95,105.0,97.4,4.65,244.59,2025-02
Rolling 3 Months,2024-12-01,2025-02-28,13824,32835,"Orlando, FL metro area",9.2,193.0,83.0,254.0,58.0,20.49,122.0,95.6,4.82,203.87,2025-02
Rolling 3 Months,2024-12-01,2025-02-28,14733,34761,"Orlando, FL metro area",4.1,174.0,128.0,173.0,57.0,23.74,139.0,98.26,8.59,221.16,2025-02
Rolling 3 Months,2024-12-01,2025-02-28,14743,34786,"Orlando, FL metro area",5.7,187.0,125.0,237.0,50.0,20.41,147.0,95.66,11.2,276.36,2025-02
Rolling 3 Months,2024-12-01,2025-02-28,14744,34787,"Orlando, FL metro area",3.9,640.0,481.0,626.0,45.0,34.26,470.0,97.66,8.94,258.23,2025-02
Rolling 3 Months,2023-11-01,2024-01-31,13719,32703,"Orlando, FL metro area",4.0,183.0,111.0,143.0,22.0,36.2,163.0,96.66,12.61,218.5,2024-01
Rolling 3 Months,2023-11-01,2024-01-31,13726,32712,"Orlando, FL metro area",4.1,241.0,151.0,201.0,32.0,30.35,201.0,98.45,13.91,208.93,2024-01
Rolling 3 Months,2023-11-01,2024-01-31,13792,32801,"Orlando, FL metro area",5.8,92.0,52.0,98.0,48.0,20.0,70.0,95.71,1.92,341.88,2024-01
Rolling 3 Months,2023-11-01,2024-01-31,13794,32803,"Orlando, FL metro area",2.7,86.0,68.0,59.0,25.0,38.75,80.0,97.6,16.18,324.95,2024-01
Rolling 3 Months,2023-11-01,2024-01-31,13795,32804,"Orlando, FL metro area",3.8,74.0,57.0,71.0,19.0,30.65,62.0,97.4,14.04,309.55,2024-01
Rolling 3 Months,2023-11-01,2024-01-31,13796,32805,"Orlando, FL metro area",3.6,58.0,41.0,48.0,34.0,28.57,63.0,96.62,14.63,195.9,2024-01
Rolling 3 Months,2023-11-01,2024-01-31,13797,32806,"Orlando, FL metro area",4.0,105.0,79.0,103.0,38.0,31.43,105.0,97.2,8.86,265.88,2024-01
Rolling 3 Months,2023-11-01,2024-01-31,13798,32807,"Orlando, FL metro area",3.1,70.0,51.0,52.0,32.0,37.88,66.0,96.61,13.73,240.77,2024-01
Rolling 3 Months,2023-11-01,2024-01-31,13799,32808,"Orlando, FL metro area",3.1,130.0,112.0,113.0,26.0,37.07,116.0,97.56,18.75,197.26,2024-01
Rolling 3 Months,2023-11-01,2024-01-31,13801,32810,"Orlando, FL metro area",3.2,90.0,71.0,74.0,26.0,25.84,89.0,97.72,29.58,219.13,2024-01
Rolling 3 Months,2023-11-01,2024-01-31,13807,32817,"Orlando, FL metro area",2.2,67.0,57.0,40.0,23.0,40.0,65.0,97.42,15.79,259.07,2024-01
Rolling 3 Months,2023-11-01,2024-01-31,13809,32819,"Orlando, FL metro area",4.9,158.0,95.0,151.0,20.0,38.02,121.0,96.61,11.58,274.17,2024-01
Rolling 3 Months,2023-11-01,2024-01-31,13815,32826,"Orlando, FL metro area",3.4,58.0,32.0,35.0,45.0,36.96,46.0,96.92,18.75,214.19,2024-01
Rolling 3 Months,2023-11-01,2024-01-31,13816,32827,"Orlando, FL metro area",3.2,130.0,131.0,136.0,51.0,38.74,111.0,96.68,12.21,273.81,2024-01
Rolling 3 Months,2023-11-01,2024-01-31,13817,32828,"Orlando, FL metro area",2.3,124.0,106.0,80.0,33.0,38.46,117.0,98.02,12.26,228.84,2024-01
Rolling 3 Months,2023-11-01,2024-01-31,13821,32832,"Orlando, FL metro area",2.9,179.0,135.0,129.0,12.0,43.23,155.0,98.24,14.81,245.79,2024-01
Rolling 3 Months,2023-11-01,2024-01-31,13824,32835,"Orlando, FL metro area",3.9,176.0,115.0,148.0,27.0,33.33,135.0,96.8,9.57,213.83,2024-01
Rolling 3 Months,2023-11-01,2024-01-31,14733,34761,"Orlando, FL metro area",2.6,146.0,137.0,114.0,35.0,20.0,150.0,97.63,11.68,222.21,2024-01
Rolling 3 Months,2023-11-01,2024-01-31,14743,34786,"Orlando, FL metro area",4.5,162.0,109.0,160.0,34.0,26.72,116.0,96.92,3.67,283.71,2024-01
Rolling 3 Months,2023-11-01,2024-01-31,14744,34787,"Orlando, FL metro area",3.7,617.0,418.0,499.0,20.0,38.95,475.0,98.51,16.51,251.82,2024-01
Rolling 3 Months,2022-11-01,2023-01-31,13719,32703,"Orlando, FL metro area",1.8,120.0,137.0,82.0,33.0,31.01,158.0,97.32,14.6,204.84,2023-01
Rolling 3 Months,2022-11-01,2023-01-31,13726,32712,"Orlando, FL metro area",3.5,177.0,139.0,159.0,39.0,32.43,185.0,98.7,10.79,200.4,2023-01
Rolling 3 Months,2022-11-01,2023-01-31,13792,32801,"Orlando, FL metro area",2.9,61.0,47.0,44.0,55.0,32.14,56.0,95.8,4.26,323.8,2023-01
Rolling 3 Months,2022-11-01,2023-01-31,13794,32803,"Orlando, FL metro area",2.4,76.0,75.0,59.0,26.0,35.48,93.0,96.5,13.33,294.29,2023-01
Rolling 3 Months,2022-11-01,2023-01-31,13795,32804,"Orlando, FL metro area",3.9,71.0,60.0,77.0,33.0,32.53,83.0,97.28,13.33,287.54,2023-01
Rolling 3 Months,2022-11-01,2023-01-31,13796,32805,"Orlando, FL metro area",2.2,38.0,47.0,34.0,24.0,28.57,56.0,95.01,25.53,190.74,2023-01
Rolling 3 Months,2022-11-01,2023-01-31,13797,32806,"Orlando, FL metro area",2.6,95.0,84.0,72.0,41.0,33.0,100.0,96.32,8.33,256.94,2023-01
Rolling 3 Months,2022-11-01,2023-01-31,13798,32807,"Orlando, FL metro area",2.7,76.0,60.0,53.0,29.0,30.95,84.0,96.54,10.0,224.14,2023-01
Rolling 3 Months,2022-11-01,2023-01-31,13799,32808,"Orlando, FL metro area",2.8,167.0,136.0,122.0,32.0,35.26,173.0,97.24,19.12,181.15,2023-01
Rolling 3 Months,2022-11-01,2023-01-31,13801,32810,"Orlando, FL metro area",2.4,96.0,87.0,67.0,24.0,34.38,96.0,98.46,20.69,202.59,2023-01
Rolling 3 Months,2022-11-01,2023-01-31,13807,32817,"Orlando, FL metro area",2.7,74.0,53.0,47.0,24.0,40.28,72.0,97.95,16.98,233.25,2023-01
Rolling 3 Months,2022-11-01,2023-01-31,13809,32819,"Orlando, FL metro area",3.1,124.0,96.0,98.0,42.0,30.23,129.0,96.5,9.38,258.1,2023-01
Rolling 3 Months,2022-11-01,2023-01-31,13815,32826,"Orlando, FL metro area",2.3,37.0,34.0,25.0,40.0,26.53,49.0,96.65,8.82,216.84,2023-01
Rolling 3 Months,2022-11-01,2023-01-31,13816,32827,"Orlando, FL metro area",5.4,125.0,83.0,145.0,18.0,36.0,125.0,98.03,4.82,271.1,2023-01
Rolling 3 Months,2022-11-01,2023-01-31,13817,32828,"Orlando, FL metro area",2.1,124.0,128.0,88.0,33.0,31.54,130.0,98.59,16.41,221.47,2023-01
Rolling 3 Months,2022-11-01,2023-01-31,13821,32832,"Orlando, FL metro area",2.4,177.0,136.0,106.0,11.0,49.39,164.0,97.72,5.88,233.83,2023-01
Rolling 3 Months,2022-11-01,2023-01-31,13824,32835,"Orlando, FL metro area",2.6,142.0,129.0,108.0,34.0,28.83,163.0,96.91,10.08,203.87,2023-01
Rolling 3 Months,2022-11-01,2023-01-31,14733,34761,"Orlando, FL metro area",1.9,102.0,96.0,61.0,31.0,27.73,119.0,97.46,13.54,220.17,2023-01
Rolling 3 Months,2022-11-01,2023-01-31,14743,34786,"Orlando, FL metro area",2.8,133.0,140.0,127.0,26.0,28.48,151.0,96.95,14.29,254.49,2023-01
Rolling 3 Months,2022-11-01,2023-01-31,14744,34787,"Orlando, FL metro area",2.8,396.0,355.0,325.0,31.0,31.85,405.0,98.05,12.39,242.91,2023-01
Rolling 3 Months,2022-10-01,2022-12-31,13719,32703,"Orlando, FL metro area",1.9,148.0,164.0,104.0,29.0,35.76,165.0,97.2,15.85,204.58,2022-12
Rolling 3 Months,2022-10-01,2022-12-31,13726,32712,"Orlando, FL metro area",3.0,161.0,169.0,163.0,29.0,32.52,163.0,98.38,11.24,201.63,2022-12
Rolling 3 Months,2022-10-01,2022-12-31,13792,32801,"Orlando, FL metro area",2.5,57.0,61.0,50.0,46.0,27.12,59.0,96.41,6.56,327.92,2022-12
Rolling 3 Months,2022-10-01,2022-12-31,13794,32803,"Orlando, FL metro area",2.4,81.0,86.0,66.0,19.0,39.51,81.0,96.98,19.77,299.52,2022-12
Rolling 3 Months,2022-10-01,2022-12-31,13795,32804,"Orlando, FL metro area",3.2,69.0,78.0,81.0,31.0,34.25,73.0,97.45,12.82,296.66,2022-12
Rolling 3 Months,2022-10-01,2022-12-31,13796,32805,"Orlando, FL metro area",2.2,48.0,56.0,40.0,28.0,31.75,63.0,94.34,17.86,191.52,2022-12
Rolling 3 Months,2022-10-01,2022-12-31,13797,32806,"Orlando, FL metro area",2.4,92.0,96.0,74.0,32.0,31.31,99.0,96.96,12.5,271.43,2022-12
Rolling 3 Months,2022-10-01,2022-12-31,13798,32807,"Orlando, FL metro area",2.3,78.0,67.0,51.0,21.0,28.95,76.0,98.12,22.39,225.11,2022-12
Rolling 3 Months,2022-10-01,2022-12-31,13799,32808,"Orlando, FL metro area",2.4,171.0,164.0,131.0,25.0,37.35,166.0,97.51,21.34,179.8,2022-12
Rolling 3 Months,2022-10-01,2022-12-31,13801,32810,"Orlando, FL metro area",1.9,103.0,104.0,63.0,16.0,38.68,106.0,98.41,25.96,198.55,2022-12
Rolling 3 Months,2022-10-01,2022-12-31,13807,32817,"Orlando, FL metro area",2.5,62.0,59.0,49.0,16.0,37.29,59.0,98.58,15.25,231.48,2022-12
Rolling 3 Months,2022-10-01,2022-12-31,13809,32819,"Orlando, FL metro area",3.4,121.0,97.0,109.0,33.0,28.44,109.0,96.68,13.4,253.25,2022-12
Rolling 3 Months,2022-10-01,2022-12-31,13815,32826,"Orlando, FL metro area",2.9,40.0,43.0,40.0,32.0,27.5,40.0,97.18,2.33,224.94,2022-12
Rolling 3 Months,2022-10-01,2022-12-31,13816,32827,"Orlando, FL metro area",4.1,134.0,109.0,146.0,16.0,42.74,117.0,97.8,4.59,276.76,2022-12
Rolling 3 Months,2022-10-01,2022-12-31,13817,32828,"Orlando, FL metro area",1.9,133.0,163.0,102.0,27.0,31.78,129.0,98.6,15.34,219.78,2022-12
Rolling 3 Months,2022-10-01,2022-12-31,13821,32832,"Orlando, FL metro area",2.1,182.0,159.0,107.0,8.0,53.75,160.0,98.05,7.55,235.96,2022-12
Rolling 3 Months,2022-10-01,2022-12-31,13824,32835,"Orlando, FL metro area",2.3,137.0,157.0,116.0,30.0,26.8,153.0,97.45,12.74,209.32,2022-12
Rolling 3 Months,2022-10-01,2022-12-31,14733,34761,"Orlando, FL metro area",1.7,104.0,130.0,71.0,26.0,29.06,117.0,97.8,15.38,219.89,2022-12
Rolling 3 Months,2022-10-01,2022-12-31,14743,34786,"Orlando, FL metro area",2.9,142.0,148.0,140.0,22.0,31.16,138.0,97.31,14.86,252.65,2022-12
Rolling 3 Months,2022-10-01,2022-12-31,14744,34787,"Orlando, FL metro area",2.7,411.0,424.0,369.0,25.0,35.23,369.0,98.23,13.92,243.61,2022-12
Rolling 3 Months,2021-11-01,2022-01-31,13719,32703,"Orlando, FL metro area",0.7,158.0,212.0,51.0,11.0,60.21,191.0,99.14,39.15,182.24,2022-01
Rolling 3 Months,2021-11-01,2022-01-31,13726,32712,"Orlando, FL metro area",1.1,236.0,227.0,79.0,9.0,59.62,265.0,99.64,37.0,178.25,2022-01
Rolling 3 Months,2021-11-01,2022-01-31,13792,32801,"Orlando, FL metro area",1.0,99.0,121.0,41.0,28.0,45.6,125.0,98.18,23.14,268.89,2022-01
Rolling 3 Months,2021-11-01,2022-01-31,13794,32803,"Orlando, FL metro area",0.7,106.0,146.0,35.0,26.0,46.32,136.0,98.53,23.97,276.78,2022-01
Rolling 3 Months,2021-11-01,2022-01-31,13795,32804,"Orlando, FL metro area",1.2,106.0,125.0,47.0,25.0,44.93,138.0,98.01,23.2,265.24,2022-01
Rolling 3 Months,2021-11-01,2022-01-31,13796,32805,"Orlando, FL metro area",2.7,84.0,53.0,46.0,10.0,54.55,88.0,97.91,41.51,177.73,2022-01
Rolling 3 Months,2021-11-01,2022-01-31,13797,32806,"Orlando, FL metro area",0.7,143.0,177.0,42.0,26.0,47.62,189.0,98.54,17.51,247.05,2022-01
Rolling 3 Months,2021-11-01,2022-01-31,13798,32807,"Orlando, FL metro area",0.9,85.0,96.0,27.0,12.0,63.92,97.0,99.45,41.67,207.5,2022-01
Rolling 3 Months,2021-11-01,2022-01-31,13799,32808,"Orlando, FL metro area",1.1,176.0,170.0,63.0,11.0,62.24,196.0,99.5,40.0,162.14,2022-01
Rolling 3 Months,2021-11-01,2022-01-31,13801,32810,"Orlando, FL metro area",1.0,118.0,140.0,45.0,12.0,57.35,136.0,99.5,38.57,186.55,2022-01
Rolling 3 Months,2021-11-01,2022-01-31,13807,32817,"Orlando, FL metro area",0.5,69.0,90.0,16.0,11.0,62.03,79.0,99.31,43.33,209.51,2022-01
Rolling 3 Months,2021-11-01,2022-01-31,13809,32819,"Orlando, FL metro area",0.8,161.0,185.0,48.0,16.0,55.85,188.0,98.33,31.35,227.38,2022-01
Rolling 3 Months,2021-11-01,2022-01-31,13815,32826,"Orlando, FL metro area",0.7,52.0,61.0,13.0,9.0,69.84,63.0,101.4,50.82,210.26,2022-01
Rolling 3 Months,2021-11-01,2022-01-31,13816,32827,"Orlando, FL metro area",0.5,126.0,136.0,23.0,5.0,67.72,127.0,101.24,44.12,240.62,2022-01
Rolling 3 Months,2021-11-01,2022-01-31,13817,32828,"Orlando, FL metro area",0.7,186.0,196.0,44.0,8.0,69.43,193.0,101.67,50.51,189.16,2022-01
Rolling 3 Months,2021-11-01,2022-01-31,13821,32832,"Orlando, FL metro area",0.3,146.0,197.0,19.0,7.0,70.11,184.0,100.34,40.61,204.39,2022-01
Rolling 3 Months,2021-11-01,2022-01-31,13824,32835,"Orlando, FL metro area",0.8,192.0,221.0,61.0,13.0,51.49,235.0,99.39,39.37,174.97,2022-01
Rolling 3 Months,2021-11-01,2022-01-31,14733,34761,"Orlando, FL metro area",0.8,160.0,192.0,49.0,8.0,62.43,181.0,99.96,39.58,192.72,2022-01
Rolling 3 Months,2021-11-01,2022-01-31,14743,34786,"Orlando, FL metro area",1.0,202.0,228.0,73.0,9.0,63.01,219.0,100.24,46.93,225.46,2022-01
Rolling 3 Months,2021-11-01,2022-01-31,14744,34787,"Orlando, FL metro area",0.9,485.0,534.0,154.0,8.0,64.33,527.0,100.43,40.45,215.1,2022-01
Rolling 3 Months,2020-10-01,2020-12-31,13719,32703,"Orlando, FL metro area",0.9,199.0,228.0,66.0,15.0,55.61,223.0,98.2,21.49,147.96,2020-12
Rolling 3 Months,2020-10-01,2020-12-31,13726,32712,"Orlando, FL metro area",1.3,246.0,246.0,102.0,13.0,58.43,255.0,98.48,25.2,145.0,2020-12
Rolling 3 Months,2020-10-01,2020-12-31,13792,32801,"Orlando, FL metro area",3.6,106.0,103.0,122.0,37.0,24.04,104.0,97.21,7.77,245.6,2020-12
Rolling 3 Months,2020-10-01,2020-12-31,13794,32803,"Orlando, FL metro area",1.8,137.0,137.0,80.0,18.0,39.29,140.0,98.55,18.98,244.04,2020-12
Rolling 3 Months,2020-10-01,2020-12-31,13795,32804,"Orlando, FL metro area",2.2,134.0,140.0,99.0,18.0,39.33,150.0,96.8,10.0,238.43,2020-12
Rolling 3 Months,2020-10-01,2020-12-31,13796,32805,"Orlando, FL metro area",1.2,48.0,58.0,22.0,39.0,46.88,64.0,95.77,13.79,133.54,2020-12
Rolling 3 Months,2020-10-01,2020-12-31,13797,32806,"Orlando, FL metro area",2.1,166.0,158.0,110.0,23.0,43.71,151.0,97.87,12.66,209.62,2020-12
Rolling 3 Months,2020-10-01,2020-12-31,13798,32807,"Orlando, FL metro area",0.8,100.0,125.0,34.0,13.0,53.33,120.0,98.74,32.8,170.46,2020-12
Rolling 3 Months,2020-10-01,2020-12-31,13799,32808,"Orlando, FL metro area",2.1,139.0,143.0,98.0,30.0,41.04,173.0,96.69,20.98,124.74,2020-12
Rolling 3 Months,2020-10-01,2020-12-31,13801,32810,"Orlando, FL metro area",1.1,106.0,123.0,45.0,10.0,59.38,128.0,97.74,23.58,150.13,2020-12
Rolling 3 Months,2020-10-01,2020-12-31,13807,32817,"Orlando, FL metro area",1.0,90.0,99.0,32.0,13.0,56.73,104.0,97.58,19.19,166.42,2020-12
Rolling 3 Months,2020-10-01,2020-12-31,13809,32819,"Orlando, FL metro area",2.7,170.0,180.0,159.0,39.0,28.86,201.0,96.57,7.22,185.28,2020-12
Rolling 3 Months,2020-10-01,2020-12-31,13815,32826,"Orlando, FL metro area",1.5,76.0,68.0,33.0,8.0,62.82,78.0,98.53,22.06,155.87,2020-12
Rolling 3 Months,2020-10-01,2020-12-31,13816,32827,"Orlando, FL metro area",1.4,135.0,165.0,73.0,28.0,37.28,169.0,97.99,7.27,191.99,2020-12
Rolling 3 Months,2020-10-01,2020-12-31,13817,32828,"Orlando, FL metro area",0.7,234.0,284.0,69.0,7.0,61.11,270.0,98.96,21.13,154.53,2020-12
Rolling 3 Months,2020-10-01,2020-12-31,13821,32832,"Orlando, FL metro area",1.0,165.0,240.0,76.0,26.0,44.02,209.0,98.58,16.25,160.64,2020-12
Rolling 3 Months,2020-10-01,2020-12-31,13824,32835,"Orlando, FL metro area",2.5,225.0,198.0,159.0,25.0,37.76,241.0,97.36,12.63,142.42,2020-12
Rolling 3 Months,2020-10-01,2020-12-31,14733,34761,"Orlando, FL metro area",1.2,249.0,251.0,100.0,14.0,56.96,230.0,99.09,25.9,153.66,2020-12
Rolling 3 Months,2020-10-01,2020-12-31,14743,34786,"Orlando, FL metro area",2.1,267.0,298.0,206.0,44.0,33.33,318.0,97.27,9.4,177.68,2020-12
Rolling 3 Months,2020-10-01,2020-12-31,14744,34787,"Orlando, FL metro area",1.1,570.0,715.0,258.0,15.0,48.38,649.0,98.51,16.22,168.26,2020-12
Rolling 3 Months,2019-10-01,2019-12-31,13719,32703,"Orlando, FL metro area",2.2,198.0,193.0,141.0,27.0,41.49,188.0,97.6,17.1,142.45,2019-12
Rolling 3 Months,2019-10-01,2019-12-31,13726,32712,"Orlando, FL metro area",2.1,205.0,232.0,157.0,26.0,32.93,249.0,98.18,11.64,133.33,2019-12
Rolling 3 Months,2019-10-01,2019-12-31,13792,32801,"Orlando, FL metro area",3.5,97.0,85.0,96.0,41.0,25.0,84.0,96.56,3.53,244.92,2019-12
Rolling 3 Months,2019-10-01,2019-12-31,13794,32803,"Orlando, FL metro area",2.3,106.0,115.0,85.0,39.0,29.32,133.0,97.52,8.7,227.35,2019-12
Rolling 3 Months,2019-10-01,2019-12-31,13795,32804,"Orlando, FL metro area",2.5,116.0,126.0,102.0,42.0,33.86,127.0,97.0,6.35,218.8,2019-12
Rolling 3 Months,2019-10-01,2019-12-31,13796,32805,"Orlando, FL metro area",2.6,57.0,48.0,41.0,35.0,28.85,52.0,94.28,18.75,108.87,2019-12
Rolling 3 Months,2019-10-01,2019-12-31,13797,32806,"Orlando, FL metro area",2.3,119.0,129.0,98.0,26.0,36.84,133.0,96.89,15.5,190.05,2019-12
Rolling 3 Months,2019-10-01,2019-12-31,13798,32807,"Orlando, FL metro area",2.0,84.0,86.0,56.0,26.0,33.68,95.0,97.35,19.77,154.08,2019-12
Rolling 3 Months,2019-10-01,2019-12-31,13799,32808,"Orlando, FL metro area",2.4,200.0,176.0,138.0,22.0,34.88,215.0,96.73,16.48,116.24,2019-12
Rolling 3 Months,2019-10-01,2019-12-31,13801,32810,"Orlando, FL metro area",1.8,109.0,114.0,66.0,26.0,44.25,113.0,97.69,21.93,130.12,2019-12
Rolling 3 Months,2019-10-01,2019-12-31,13807,32817,"Orlando, FL metro area",1.4,77.0,88.0,39.0,19.0,43.48,92.0,98.14,17.05,155.52,2019-12
Rolling 3 Months,2019-10-01,2019-12-31,13809,32819,"Orlando, FL metro area",3.3,160.0,144.0,157.0,39.0,29.94,157.0,96.93,6.25,168.15,2019-12
Rolling 3 Months,2019-10-01,2019-12-31,13815,32826,"Orlando, FL metro area",0.8,65.0,81.0,21.0,11.0,60.27,73.0,97.54,13.58,149.75,2019-12
Rolling 3 Months,2019-10-01,2019-12-31,13816,32827,"Orlando, FL metro area",3.3,148.0,142.0,152.0,42.0,30.49,164.0,96.88,3.52,181.84,2019-12
Rolling 3 Months,2019-10-01,2019-12-31,13817,32828,"Orlando, FL metro area",1.4,221.0,274.0,122.0,34.0,32.62,279.0,98.07,10.95,143.43,2019-12
Rolling 3 Months,2019-10-01,2019-12-31,13821,32832,"Orlando, FL metro area",2.9,198.0,166.0,155.0,25.0,34.24,184.0,98.05,7.23,156.29,2019-12
Rolling 3 Months,2019-10-01,2019-12-31,13824,32835,"Orlando, FL metro area",2.6,193.0,175.0,147.0,25.0,33.82,204.0,96.94,10.29,137.99,2019-12
Rolling 3 Months,2019-10-01,2019-12-31,14733,34761,"Orlando, FL metro area",1.7,229.0,223.0,123.0,30.0,45.3,234.0,98.23,11.66,139.46,2019-12
Rolling 3 Months,2019-10-01,2019-12-31,14743,34786,"Orlando, FL metro area",3.7,256.0,236.0,286.0,42.0,27.51,229.0,96.74,6.36,169.12,2019-12
Rolling 3 Months,2019-10-01,2019-12-31,14744,34787,"Orlando, FL metro area",2.7,534.0,486.0,430.0,25.0,40.42,475.0,98.22,8.85,156.7,2019-12
Rolling 3 Months,2019-09-01,2019-11-30,13719,32703,"Orlando, FL metro area",2.2,206.0,193.0,142.0,24.0,40.55,217.0,98.03,19.17,141.03,2019-11
Rolling 3 Months,2019-09-01,2019-11-30,13726,32712,"Orlando, FL metro area",2.6,249.0,215.0,187.0,26.0,36.76,253.0,97.76,14.88,134.26,2019-11
Rolling 3 Months,2019-09-01,2019-11-30,13792,32801,"Orlando, FL metro area",3.8,108.0,89.0,111.0,54.0,32.61,92.0,96.48,3.37,247.82,2019-11
Rolling 3 Months,2019-09-01,2019-11-30,13794,32803,"Orlando, FL metro area",2.9,126.0,114.0,110.0,29.0,31.01,129.0,97.6,8.77,231.33,2019-11
Rolling 3 Months,2019-09-01,2019-11-30,13795,32804,"Orlando, FL metro area",2.3,126.0,136.0,102.0,44.0,28.28,145.0,96.97,6.62,214.38,2019-11
Rolling 3 Months,2019-09-01,2019-11-30,13796,32805,"Orlando, FL metro area",2.9,67.0,49.0,47.0,40.0,34.69,49.0,94.01,10.2,114.69,2019-11
Rolling 3 Months,2019-09-01,2019-11-30,13797,32806,"Orlando, FL metro area",2.4,145.0,138.0,110.0,21.0,41.33,150.0,97.51,15.94,191.59,2019-11
Rolling 3 Months,2019-09-01,2019-11-30,13798,32807,"Orlando, FL metro area",2.2,109.0,92.0,66.0,21.0,39.82,113.0,97.06,15.22,149.44,2019-11
Rolling 3 Months,2019-09-01,2019-11-30,13799,32808,"Orlando, FL metro area",2.5,238.0,185.0,153.0,21.0,39.46,223.0,97.09,17.84,113.82,2019-11
Rolling 3 Months,2019-09-01,2019-11-30,13801,32810,"Orlando, FL metro area",1.6,113.0,119.0,64.0,32.0,43.85,130.0,97.43,20.17,124.23,2019-11
Rolling 3 Months,2019-09-01,2019-11-30,13807,32817,"Orlando, FL metro area",1.9,100.0,84.0,53.0,12.0,50.0,90.0,98.47,25.0,158.33,2019-11
Rolling 3 Months,2019-09-01,2019-11-30,13809,32819,"Orlando, FL metro area",3.4,175.0,148.0,166.0,34.0,32.32,164.0,96.88,7.43,169.52,2019-11
Rolling 3 Months,2019-09-01,2019-11-30,13815,32826,"Orlando, FL metro area",1.0,76.0,84.0,27.0,14.0,62.2,82.0,97.65,13.1,145.41,2019-11
Rolling 3 Months,2019-09-01,2019-11-30,13816,32827,"Orlando, FL metro area",3.9,155.0,132.0,170.0,36.0,29.58,142.0,97.15,2.27,182.35,2019-11
Rolling 3 Months,2019-09-01,2019-11-30,13817,32828,"Orlando, FL metro area",1.7,244.0,280.0,157.0,31.0,30.87,298.0,97.87,7.86,142.55,2019-11
Rolling 3 Months,2019-09-01,2019-11-30,13821,32832,"Orlando, FL metro area",3.3,213.0,159.0,174.0,28.0,32.24,183.0,98.02,6.29,155.59,2019-11
Rolling 3 Months,2019-09-01,2019-11-30,13824,32835,"Orlando, FL metro area",2.9,189.0,167.0,159.0,28.0,33.64,217.0,97.26,7.19,138.38,2019-11
Rolling 3 Months,2019-09-01,2019-11-30,14733,34761,"Orlando, FL metro area",1.8,240.0,222.0,129.0,28.0,44.4,241.0,98.28,14.41,140.47,2019-11
Rolling 3 Months,2019-09-01,2019-11-30,14743,34786,"Orlando, FL metro area",4.0,271.0,226.0,299.0,48.0,28.13,256.0,97.18,6.64,169.12,2019-11
Rolling 3 Months,2019-09-01,2019-11-30,14744,34787,"Orlando, FL metro area",2.9,537.0,459.0,436.0,26.0,41.47,463.0,98.18,6.97,155.83,2019-11
Rolling 3 Months,2018-09-01,2018-11-30,13719,32703,"Orlando, FL metro area",2.9,250.0,196.0,187.0,22.0,37.66,231.0,96.68,17.86,132.79,2018-11
Rolling 3 Months,2018-09-01,2018-11-30,13726,32712,"Orlando, FL metro area",2.8,277.0,243.0,221.0,26.0,32.94,252.0,98.14,11.52,126.55,2018-11
Rolling 3 Months,2018-09-01,2018-11-30,13792,32801,"Orlando, FL metro area",4.4,94.0,76.0,109.0,42.0,23.94,71.0,96.83,0.0,222.63,2018-11
Rolling 3 Months,2018-09-01,2018-11-30,13794,32803,"Orlando, FL metro area",4.8,148.0,100.0,157.0,33.0,34.17,120.0,97.49,14.0,222.75,2018-11
Rolling 3 Months,2018-09-01,2018-11-30,13795,32804,"Orlando, FL metro area",4.6,133.0,103.0,155.0,39.0,28.44,109.0,95.77,8.74,208.07,2018-11
Rolling 3 Months,2018-09-01,2018-11-30,13796,32805,"Orlando, FL metro area",4.7,79.0,43.0,66.0,20.0,40.68,59.0,98.21,16.28,87.57,2018-11
Rolling 3 Months,2018-09-01,2018-11-30,13797,32806,"Orlando, FL metro area",2.7,165.0,164.0,144.0,33.0,36.69,169.0,97.18,7.93,175.47,2018-11
Rolling 3 Months,2018-09-01,2018-11-30,13798,32807,"Orlando, FL metro area",2.0,121.0,113.0,76.0,22.0,40.32,124.0,97.55,15.93,144.74,2018-11
Rolling 3 Months,2018-09-01,2018-11-30,13799,32808,"Orlando, FL metro area",4.0,218.0,143.0,189.0,23.0,36.87,198.0,96.83,20.28,102.42,2018-11
Rolling 3 Months,2018-09-01,2018-11-30,13801,32810,"Orlando, FL metro area",2.8,142.0,114.0,104.0,25.0,40.0,150.0,97.7,15.79,127.07,2018-11
Rolling 3 Months,2018-09-01,2018-11-30,13807,32817,"Orlando, FL metro area",3.1,117.0,86.0,89.0,19.0,43.56,101.0,97.33,20.93,149.94,2018-11
Rolling 3 Months,2018-09-01,2018-11-30,13809,32819,"Orlando, FL metro area",4.1,218.0,152.0,205.0,37.0,31.9,163.0,96.25,7.89,165.05,2018-11
Rolling 3 Months,2018-09-01,2018-11-30,13815,32826,"Orlando, FL metro area",1.9,73.0,74.0,47.0,14.0,46.48,71.0,97.47,22.97,136.5,2018-11
Rolling 3 Months,2018-09-01,2018-11-30,13816,32827,"Orlando, FL metro area",4.6,126.0,108.0,164.0,47.0,27.59,116.0,97.26,7.41,173.33,2018-11
Rolling 3 Months,2018-09-01,2018-11-30,13817,32828,"Orlando, FL metro area",2.5,256.0,242.0,203.0,26.0,36.63,243.0,97.91,9.09,136.02,2018-11
Rolling 3 Months,2018-09-01,2018-11-30,13821,32832,"Orlando, FL metro area",2.7,186.0,165.0,146.0,40.0,34.86,175.0,98.32,15.15,143.56,2018-11
Rolling 3 Months,2018-09-01,2018-11-30,13824,32835,"Orlando, FL metro area",2.5,248.0,209.0,174.0,28.0,38.75,240.0,96.7,15.79,128.29,2018-11
Rolling 3 Months,2018-09-01,2018-11-30,14733,34761,"Orlando, FL metro area",2.4,224.0,197.0,159.0,25.0,36.19,210.0,98.18,11.17,130.42,2018-11
Rolling 3 Months,2018-09-01,2018-11-30,14743,34786,"Orlando, FL metro area",5.2,282.0,235.0,404.0,41.0,26.45,276.0,96.57,4.68,160.54,2018-11
Rolling 3 Months,2018-09-01,2018-11-30,14744,34787,"Orlando, FL metro area",2.5,513.0,485.0,404.0,19.0,40.93,496.0,98.03,12.16,148.6,2018-11
Rolling 3 Months,2018-08-01,2018-10-31,13719,32703,"Orlando, FL metro area",3.0,286.0,206.0,200.0,25.0,43.61,227.0,96.87,17.48,133.07,2018-10
Rolling 3 Months,2018-08-01,2018-10-31,13726,32712,"Orlando, FL metro area",2.4,291.0,272.0,212.0,26.0,36.1,277.0,98.11,13.97,127.64,2018-10
Rolling 3 Months,2018-08-01,2018-10-31,13792,32801,"Orlando, FL metro area",3.8,110.0,83.0,104.0,59.0,25.56,90.0,96.66,2.41,223.35,2018-10
Rolling 3 Months,2018-08-01,2018-10-31,13794,32803,"Orlando, FL metro area",3.9,153.0,121.0,155.0,26.0,38.89,126.0,97.52,13.22,225.79,2018-10
Rolling 3 Months,2018-08-01,2018-10-31,13795,32804,"Orlando, FL metro area",4.4,156.0,107.0,152.0,26.0,34.38,128.0,96.43,11.21,207.86,2018-10
Rolling 3 Months,2018-08-01,2018-10-31,13796,32805,"Orlando, FL metro area",3.8,81.0,49.0,60.0,21.0,43.08,65.0,98.73,18.37,97.87,2018-10
Rolling 3 Months,2018-08-01,2018-10-31,13797,32806,"Orlando, FL metro area",3.0,176.0,150.0,149.0,23.0,36.93,176.0,96.85,8.0,177.26,2018-10
Rolling 3 Months,2018-08-01,2018-10-31,13798,32807,"Orlando, FL metro area",1.7,134.0,131.0,71.0,19.0,41.18,136.0,97.41,19.08,141.47,2018-10
Rolling 3 Months,2018-08-01,2018-10-31,13799,32808,"Orlando, FL metro area",3.7,239.0,160.0,191.0,20.0,46.53,202.0,96.83,25.0,105.59,2018-10
Rolling 3 Months,2018-08-01,2018-10-31,13801,32810,"Orlando, FL metro area",2.5,152.0,123.0,101.0,33.0,41.18,153.0,97.43,15.45,126.49,2018-10
Rolling 3 Months,2018-08-01,2018-10-31,13807,32817,"Orlando, FL metro area",2.2,129.0,110.0,78.0,18.0,44.14,111.0,97.8,18.18,147.11,2018-10
Rolling 3 Months,2018-08-01,2018-10-31,13809,32819,"Orlando, FL metro area",3.9,212.0,157.0,202.0,36.0,30.29,175.0,96.19,8.92,166.1,2018-10
Rolling 3 Months,2018-08-01,2018-10-31,13815,32826,"Orlando, FL metro area",1.2,86.0,91.0,36.0,18.0,55.32,94.0,97.82,17.58,136.52,2018-10
Rolling 3 Months,2018-08-01,2018-10-31,13816,32827,"Orlando, FL metro area",4.8,144.0,116.0,183.0,47.0,29.91,117.0,97.41,5.17,170.53,2018-10
Rolling 3 Months,2018-08-01,2018-10-31,13817,32828,"Orlando, FL metro area",2.3,289.0,280.0,207.0,22.0,39.77,264.0,98.25,12.14,136.62,2018-10
Rolling 3 Months,2018-08-01,2018-10-31,13821,32832,"Orlando, FL metro area",2.3,171.0,179.0,134.0,24.0,32.45,188.0,98.07,11.73,144.72,2018-10
Rolling 3 Months,2018-08-01,2018-10-31,13824,32835,"Orlando, FL metro area",2.8,266.0,213.0,195.0,31.0,40.25,241.0,96.45,10.33,126.58,2018-10
Rolling 3 Months,2018-08-01,2018-10-31,14733,34761,"Orlando, FL metro area",2.0,230.0,219.0,143.0,23.0,36.09,230.0,98.52,15.98,131.9,2018-10
Rolling 3 Months,2018-08-01,2018-10-31,14743,34786,"Orlando, FL metro area",4.8,312.0,270.0,422.0,45.0,28.52,284.0,96.87,6.3,157.45,2018-10
Rolling 3 Months,2018-08-01,2018-10-31,14744,34787,"Orlando, FL metro area",2.3,548.0,525.0,391.0,23.0,42.21,526.0,98.02,12.38,147.96,2018-10
Rolling 3 Months,2017-09-01,2017-11-30,13719,32703,"Orlando, FL metro area",2.9,179.0,175.0,166.0,32.0,28.85,208.0,97.18,15.43,118.99,2017-11
Rolling 3 Months,2017-09-01,2017-11-30,13726,32712,"Orlando, FL metro area",3.5,228.0,177.0,205.0,30.0,36.32,201.0,97.72,12.43,116.72,2017-11
Rolling 3 Months,2017-09-01,2017-11-30,13792,32801,"Orlando, FL metro area",3.7,84.0,78.0,94.0,64.0,22.89,83.0,95.07,3.85,236.6,2017-11
Rolling 3 Months,2017-09-01,2017-11-30,13794,32803,"Orlando, FL metro area",3.6,133.0,104.0,125.0,24.0,39.32,117.0,97.67,7.69,197.97,2017-11
Rolling 3 Months,2017-09-01,2017-11-30,13795,32804,"Orlando, FL metro area",2.9,103.0,124.0,117.0,46.0,30.53,131.0,96.27,11.29,191.33,2017-11
Rolling 3 Months,2017-09-01,2017-11-30,13796,32805,"Orlando, FL metro area",3.7,54.0,39.0,47.0,38.0,33.9,59.0,96.03,12.82,74.3,2017-11
Rolling 3 Months,2017-09-01,2017-11-30,13797,32806,"Orlando, FL metro area",3.3,146.0,126.0,139.0,48.0,29.37,143.0,96.87,10.32,165.37,2017-11
Rolling 3 Months,2017-09-01,2017-11-30,13798,32807,"Orlando, FL metro area",1.5,119.0,122.0,62.0,16.0,53.72,121.0,97.72,21.31,131.66,2017-11
Rolling 3 Months,2017-09-01,2017-11-30,13799,32808,"Orlando, FL metro area",2.5,184.0,148.0,124.0,35.0,40.33,181.0,95.89,22.3,86.7,2017-11
Rolling 3 Months,2017-09-01,2017-11-30,13801,32810,"Orlando, FL metro area",2.5,112.0,99.0,80.0,21.0,37.96,108.0,97.33,25.25,115.54,2017-11
Rolling 3 Months,2017-09-01,2017-11-30,13807,32817,"Orlando, FL metro area",2.6,99.0,79.0,68.0,21.0,45.83,96.0,97.12,17.72,133.92,2017-11
Rolling 3 Months,2017-09-01,2017-11-30,13809,32819,"Orlando, FL metro area",4.7,140.0,126.0,194.0,69.0,22.86,140.0,95.94,7.14,149.82,2017-11
Rolling 3 Months,2017-09-01,2017-11-30,13815,32826,"Orlando, FL metro area",2.5,75.0,64.0,52.0,8.0,54.17,72.0,98.7,26.56,127.4,2017-11
Rolling 3 Months,2017-09-01,2017-11-30,13816,32827,"Orlando, FL metro area",6.3,94.0,73.0,151.0,72.0,20.0,100.0,97.71,6.85,168.38,2017-11
Rolling 3 Months,2017-09-01,2017-11-30,13817,32828,"Orlando, FL metro area",1.8,182.0,240.0,142.0,36.0,29.59,267.0,98.09,11.25,128.7,2017-11
Rolling 3 Months,2017-09-01,2017-11-30,13821,32832,"Orlando, FL metro area",2.7,165.0,167.0,151.0,50.0,33.74,163.0,97.76,13.17,133.44,2017-11
Rolling 3 Months,2017-09-01,2017-11-30,13824,32835,"Orlando, FL metro area",2.9,203.0,204.0,195.0,37.0,28.7,223.0,96.33,9.8,116.28,2017-11
Rolling 3 Months,2017-09-01,2017-11-30,14733,34761,"Orlando, FL metro area",3.2,197.0,167.0,175.0,31.0,35.68,199.0,98.55,19.16,120.31,2017-11
Rolling 3 Months,2017-09-01,2017-11-30,14743,34786,"Orlando, FL metro area",4.7,266.0,241.0,370.0,53.0,24.91,273.0,96.68,6.64,147.75,2017-11
Rolling 3 Months,2017-09-01,2017-11-30,14744,34787,"Orlando, FL metro area",2.8,415.0,451.0,409.0,42.0,33.33,450.0,97.94,14.19,137.72,2017-11
Rolling 3 Months,2016-10-01,2016-12-31,13719,32703,"Orlando, FL metro area",1.8,153.0,212.0,121.0,40.0,35.14,185.0,97.86,19.81,109.09,2016-12
Rolling 3 Months,2016-10-01,2016-12-31,13726,32712,"Orlando, FL metro area",3.0,184.0,189.0,184.0,42.0,36.06,208.0,98.47,20.11,109.09,2016-12
Rolling 3 Months,2016-10-01,2016-12-31,13792,32801,"Orlando, FL metro area",5.8,100.0,72.0,136.0,81.0,19.28,83.0,95.86,8.33,226.16,2016-12
Rolling 3 Months,2016-10-01,2016-12-31,13794,32803,"Orlando, FL metro area",2.1,101.0,127.0,85.0,56.0,32.17,115.0,96.46,15.75,196.88,2016-12
Rolling 3 Months,2016-10-01,2016-12-31,13795,32804,"Orlando, FL metro area",4.6,111.0,94.0,141.0,65.0,21.74,115.0,96.4,12.77,189.64,2016-12
Rolling 3 Months,2016-10-01,2016-12-31,13796,32805,"Orlando, FL metro area",4.5,60.0,35.0,51.0,47.0,25.93,54.0,95.37,17.14,56.68,2016-12
Rolling 3 Months,2016-10-01,2016-12-31,13797,32806,"Orlando, FL metro area",2.8,133.0,145.0,133.0,48.0,32.65,147.0,96.6,13.1,153.1,2016-12
Rolling 3 Months,2016-10-01,2016-12-31,13798,32807,"Orlando, FL metro area",1.5,95.0,98.0,49.0,34.0,46.15,104.0,100.0,27.55,109.42,2016-12
Rolling 3 Months,2016-10-01,2016-12-31,13799,32808,"Orlando, FL metro area",2.3,182.0,170.0,125.0,43.0,32.85,207.0,97.97,25.88,76.34,2016-12
Rolling 3 Months,2016-10-01,2016-12-31,13801,32810,"Orlando, FL metro area",1.9,110.0,125.0,77.0,42.0,37.69,130.0,97.16,25.6,100.86,2016-12
Rolling 3 Months,2016-10-01,2016-12-31,13807,32817,"Orlando, FL metro area",2.3,97.0,88.0,66.0,23.0,38.1,105.0,97.44,18.18,124.27,2016-12
Rolling 3 Months,2016-10-01,2016-12-31,13809,32819,"Orlando, FL metro area",4.1,142.0,141.0,189.0,63.0,22.22,162.0,96.81,10.64,140.91,2016-12
Rolling 3 Months,2016-10-01,2016-12-31,13815,32826,"Orlando, FL metro area",2.0,57.0,69.0,46.0,39.0,30.99,71.0,96.61,15.94,119.49,2016-12
Rolling 3 Months,2016-10-01,2016-12-31,13816,32827,"Orlando, FL metro area",5.7,85.0,79.0,147.0,69.0,21.62,74.0,97.62,7.59,157.2,2016-12
Rolling 3 Months,2016-10-01,2016-12-31,13817,32828,"Orlando, FL metro area",2.2,212.0,250.0,177.0,47.0,31.62,234.0,97.88,12.0,120.68,2016-12
Rolling 3 Months,2016-10-01,2016-12-31,13821,32832,"Orlando, FL metro area",2.7,137.0,164.0,147.0,40.0,27.45,153.0,98.25,6.71,129.97,2016-12
Rolling 3 Months,2016-10-01,2016-12-31,13824,32835,"Orlando, FL metro area",4.2,229.0,171.0,233.0,44.0,30.37,214.0,97.16,14.62,107.87,2016-12
Rolling 3 Months,2016-10-01,2016-12-31,14733,34761,"Orlando, FL metro area",2.3,169.0,173.0,129.0,48.0,32.32,198.0,96.92,9.83,111.05,2016-12
Rolling 3 Months,2016-10-01,2016-12-31,14743,34786,"Orlando, FL metro area",6.5,277.0,232.0,492.0,80.0,20.08,244.0,96.74,6.9,145.79,2016-12
Rolling 3 Months,2016-10-01,2016-12-31,14744,34787,"Orlando, FL metro area",3.3,405.0,421.0,448.0,55.0,30.63,444.0,97.44,11.16,127.61,2016-12
Rolling 3 Months,2025-06-01,2025-08-31,13719,32703,"Orlando, FL metro area",3.3,316.0,258.0,275.0,46.0,27.07,266.0,98.73,11.24,213.57,2025-08
Rolling 3 Months,2025-06-01,2025-08-31,13726,32712,"Orlando, FL metro area",4.2,334.0,255.0,350.0,54.0,27.24,279.0,98.66,9.41,210.45,2025-08
Rolling 3 Months,2025-06-01,2025-08-31,13792,32801,"Orlando, FL metro area",8.2,83.0,58.0,156.0,72.0,11.48,61.0,95.39,0.0,289.7,2025-08
Rolling 3 Months,2025-06-01,2025-08-31,13794,32803,"Orlando, FL metro area",3.3,135.0,117.0,126.0,32.0,33.33,126.0,97.86,11.11,355.6,2025-08
Rolling 3 Months,2025-06-01,2025-08-31,13795,32804,"Orlando, FL metro area",3.2,146.0,126.0,131.0,31.0,34.38,128.0,97.44,10.32,347.65,2025-08
Rolling 3 Months,2025-06-01,2025-08-31,13796,32805,"Orlando, FL metro area",3.7,59.0,50.0,61.0,53.0,33.33,60.0,94.55,14.0,196.79,2025-08
Rolling 3 Months,2025-06-01,2025-08-31,13797,32806,"Orlando, FL metro area",4.0,150.0,112.0,146.0,43.0,31.2,125.0,96.56,12.5,283.12,2025-08
Rolling 3 Months,2025-06-01,2025-08-31,13798,32807,"Orlando, FL metro area",3.3,93.0,74.0,80.0,40.0,26.19,84.0,98.89,12.16,244.61,2025-08
Rolling 3 Months,2025-06-01,2025-08-31,13799,32808,"Orlando, FL metro area",3.8,155.0,145.0,178.0,58.0,20.51,156.0,97.87,10.34,195.11,2025-08
Rolling 3 Months,2025-06-01,2025-08-31,13801,32810,"Orlando, FL metro area",3.9,82.0,70.0,89.0,32.0,22.5,80.0,92.8,8.57,220.24,2025-08
Rolling 3 Months,2025-06-01,2025-08-31,13807,32817,"Orlando, FL metro area",2.7,84.0,87.0,77.0,23.0,36.26,91.0,97.24,12.64,246.58,2025-08
Rolling 3 Months,2025-06-01,2025-08-31,13809,32819,"Orlando, FL metro area",7.3,179.0,94.0,225.0,45.0,22.9,131.0,96.11,4.26,270.47,2025-08
Rolling 3 Months,2025-06-01,2025-08-31,13815,32826,"Orlando, FL metro area",3.0,64.0,47.0,46.0,27.0,39.58,48.0,98.04,14.89,246.45,2025-08
Rolling 3 Months,2025-06-01,2025-08-31,13816,32827,"Orlando, FL metro area",4.5,142.0,129.0,189.0,53.0,26.67,135.0,96.57,9.3,286.78,2025-08
Rolling 3 Months,2025-06-01,2025-08-31,13817,32828,"Orlando, FL metro area",2.7,182.0,171.0,150.0,32.0,29.94,167.0,98.45,8.77,230.52,2025-08
Rolling 3 Months,2025-06-01,2025-08-31,13821,32832,"Orlando, FL metro area",6.1,206.0,125.0,248.0,51.0,18.18,132.0,97.78,4.0,246.1,2025-08
Rolling 3 Months,2025-06-01,2025-08-31,13824,32835,"Orlando, FL metro area",7.6,200.0,118.0,293.0,58.0,14.81,135.0,96.34,7.63,194.41,2025-08
Rolling 3 Months,2025-06-01,2025-08-31,14733,34761,"Orlando, FL metro area",2.7,171.0,159.0,140.0,39.0,30.67,163.0,98.19,13.84,222.98,2025-08
Rolling 3 Months,2025-06-01,2025-08-31,14743,34786,"Orlando, FL metro area",4.3,235.0,179.0,251.0,46.0,31.0,200.0,95.81,3.91,282.9,2025-08
Rolling 3 Months,2025-06-01,2025-08-31,14744,34787,"Orlando, FL metro area",4.5,654.0,493.0,719.0,43.0,26.37,512.0,97.39,7.1,258.96,2025-08
Rolling 3 Months,2024-08-01,2024-10-31,13719,32703,"Orlando, FL metro area",5.2,298.0,166.0,283.0,45.0,23.81,210.0,98.0,9.04,216.46,2024-10
Rolling 3 Months,2024-08-01,2024-10-31,13726,32712,"Orlando, FL metro area",3.4,331.0,266.0,299.0,36.0,29.0,269.0,98.14,11.28,205.89,2024-10
Rolling 3 Months,2024-08-01,2024-10-31,13792,32801,"Orlando, FL metro area",6.0,88.0,64.0,125.0,49.0,21.54,65.0,96.86,3.13,328.24,2024-10
Rolling 3 Months,2024-08-01,2024-10-31,13794,32803,"Orlando, FL metro area",3.9,112.0,85.0,109.0,25.0,36.59,82.0,97.45,7.06,354.65,2024-10
Rolling 3 Months,2024-08-01,2024-10-31,13795,32804,"Orlando, FL metro area",4.3,118.0,84.0,117.0,23.0,33.33,87.0,97.74,15.48,347.48,2024-10
Rolling 3 Months,2024-08-01,2024-10-31,13796,32805,"Orlando, FL metro area",4.9,57.0,41.0,65.0,31.0,37.5,56.0,95.3,7.32,225.0,2024-10
Rolling 3 Months,2024-08-01,2024-10-31,13797,32806,"Orlando, FL metro area",3.5,124.0,111.0,125.0,35.0,33.94,109.0,96.48,7.21,289.67,2024-10
Rolling 3 Months,2024-08-01,2024-10-31,13798,32807,"Orlando, FL metro area",3.5,111.0,74.0,84.0,25.0,35.96,89.0,97.08,13.51,234.33,2024-10
Rolling 3 Months,2024-08-01,2024-10-31,13799,32808,"Orlando, FL metro area",4.7,189.0,109.0,166.0,33.0,31.58,133.0,97.22,16.51,208.49,2024-10
Rolling 3 Months,2024-08-01,2024-10-31,13801,32810,"Orlando, FL metro area",3.6,106.0,72.0,84.0,23.0,38.75,80.0,97.25,20.83,226.46,2024-10
Rolling 3 Months,2024-08-01,2024-10-31,13807,32817,"Orlando, FL metro area",3.8,89.0,59.0,73.0,23.0,34.92,63.0,98.31,16.95,245.55,2024-10
Rolling 3 Months,2024-08-01,2024-10-31,13809,32819,"Orlando, FL metro area",6.4,134.0,86.0,180.0,47.0,22.62,84.0,95.35,4.65,283.63,2024-10
Rolling 3 Months,2024-08-01,2024-10-31,13815,32826,"Orlando, FL metro area",3.2,51.0,46.0,48.0,26.0,29.17,48.0,97.95,10.87,230.89,2024-10
Rolling 3 Months,2024-08-01,2024-10-31,13816,32827,"Orlando, FL metro area",5.0,151.0,109.0,177.0,39.0,32.32,99.0,97.78,11.01,290.74,2024-10
Rolling 3 Months,2024-08-01,2024-10-31,13817,32828,"Orlando, FL metro area",3.4,149.0,131.0,145.0,32.0,23.85,130.0,97.9,9.92,230.3,2024-10
Rolling 3 Months,2024-08-01,2024-10-31,13821,32832,"Orlando, FL metro area",4.8,154.0,119.0,185.0,32.0,21.19,118.0,97.88,6.72,242.51,2024-10
Rolling 3 Months,2024-08-01,2024-10-31,13824,32835,"Orlando, FL metro area",4.8,173.0,122.0,192.0,42.0,20.16,129.0,96.98,6.56,207.13,2024-10
Rolling 3 Months,2024-08-01,2024-10-31,14733,34761,"Orlando, FL metro area",3.8,186.0,133.0,163.0,36.0,30.46,151.0,98.39,6.77,237.42,2024-10
Rolling 3 Months,2024-08-01,2024-10-31,14743,34786,"Orlando, FL metro area",4.5,208.0,161.0,236.0,54.0,24.55,167.0,96.4,6.21,308.98,2024-10
Rolling 3 Months,2024-08-01,2024-10-31,14744,34787,"Orlando, FL metro area",3.3,651.0,578.0,615.0,38.0,33.61,595.0,98.3,10.21,255.73,2024-10
Rolling 3 Months,2023-08-01,2023-10-31,13719,32703,"Orlando, FL metro area",2.6,177.0,143.0,119.0,22.0,43.92,148.0,98.6,18.18,224.62,2023-10
Rolling 3 Months,2023-08-01,2023-10-31,13726,32712,"Orlando, FL metro area",3.0,235.0,181.0,175.0,18.0,41.62,197.0,98.19,18.23,210.57,2023-10
Rolling 3 Months,2023-08-01,2023-10-31,13792,32801,"Orlando, FL metro area",4.0,93.0,66.0,86.0,28.0,32.0,75.0,97.12,12.12,334.85,2023-10
Rolling 3 Months,2023-08-01,2023-10-31,13794,32803,"Orlando, FL metro area",2.7,87.0,65.0,58.0,12.0,55.41,74.0,98.29,26.15,331.46,2023-10
Rolling 3 Months,2023-08-01,2023-10-31,13795,32804,"Orlando, FL metro area",2.2,105.0,94.0,68.0,19.0,42.71,96.0,98.34,13.83,312.8,2023-10
Rolling 3 Months,2023-08-01,2023-10-31,13796,32805,"Orlando, FL metro area",2.6,89.0,70.0,60.0,36.0,46.67,75.0,96.57,14.29,210.81,2023-10
Rolling 3 Months,2023-08-01,2023-10-31,13797,32806,"Orlando, FL metro area",2.4,167.0,129.0,102.0,20.0,45.53,123.0,98.01,20.16,286.47,2023-10
Rolling 3 Months,2023-08-01,2023-10-31,13798,32807,"Orlando, FL metro area",1.8,87.0,78.0,47.0,16.0,53.52,71.0,98.21,21.79,236.84,2023-10
Rolling 3 Months,2023-08-01,2023-10-31,13799,32808,"Orlando, FL metro area",2.2,177.0,139.0,101.0,29.0,47.65,170.0,98.29,31.65,197.74,2023-10
Rolling 3 Months,2023-08-01,2023-10-31,13801,32810,"Orlando, FL metro area",2.6,99.0,76.0,65.0,15.0,47.73,88.0,97.41,27.63,225.7,2023-10
Rolling 3 Months,2023-08-01,2023-10-31,13807,32817,"Orlando, FL metro area",1.8,82.0,74.0,43.0,14.0,52.11,71.0,98.3,22.97,245.39,2023-10
Rolling 3 Months,2023-08-01,2023-10-31,13809,32819,"Orlando, FL metro area",2.9,181.0,129.0,123.0,14.0,54.23,142.0,97.28,16.28,279.44,2023-10
Rolling 3 Months,2023-08-01,2023-10-31,13815,32826,"Orlando, FL metro area",1.8,53.0,54.0,32.0,17.0,43.75,48.0,97.47,22.22,237.59,2023-10
Rolling 3 Months,2023-08-01,2023-10-31,13816,32827,"Orlando, FL metro area",3.4,125.0,136.0,149.0,47.0,31.39,137.0,97.59,16.91,279.7,2023-10
Rolling 3 Months,2023-08-01,2023-10-31,13817,32828,"Orlando, FL metro area",1.6,179.0,166.0,86.0,14.0,48.19,166.0,98.78,21.08,234.94,2023-10
Rolling 3 Months,2023-08-01,2023-10-31,13821,32832,"Orlando, FL metro area",2.7,175.0,141.0,123.0,16.0,44.2,138.0,99.02,22.7,245.16,2023-10
Rolling 3 Months,2023-08-01,2023-10-31,13824,32835,"Orlando, FL metro area",2.3,198.0,149.0,114.0,24.0,35.39,178.0,97.35,15.44,211.58,2023-10
Rolling 3 Months,2023-08-01,2023-10-31,14733,34761,"Orlando, FL metro area",2.7,202.0,148.0,128.0,17.0,41.86,172.0,99.02,22.3,228.18,2023-10
Rolling 3 Months,2023-08-01,2023-10-31,14743,34786,"Orlando, FL metro area",2.5,207.0,173.0,141.0,26.0,41.36,191.0,97.4,9.83,283.57,2023-10
Rolling 3 Months,2023-08-01,2023-10-31,14744,34787,"Orlando, FL metro area",2.8,585.0,483.0,435.0,21.0,46.11,488.0,98.59,21.12,255.11,2023-10
Rolling 3 Months,2023-07-01,2023-09-30,13719,32703,"Orlando, FL metro area",2.1,178.0,138.0,94.0,20.0,47.43,175.0,98.4,23.19,214.01,2023-09
Rolling 3 Months,2023-07-01,2023-09-30,13726,32712,"Orlando, FL metro area",2.9,246.0,184.0,174.0,21.0,43.46,214.0,98.64,20.11,210.43,2023-09
Rolling 3 Months,2023-07-01,2023-09-30,13792,32801,"Orlando, FL metro area",3.4,101.0,70.0,78.0,20.0,41.98,81.0,97.64,12.86,338.64,2023-09
Rolling 3 Months,2023-07-01,2023-09-30,13794,32803,"Orlando, FL metro area",2.3,79.0,73.0,54.0,13.0,52.63,76.0,99.0,28.77,331.46,2023-09
Rolling 3 Months,2023-07-01,2023-09-30,13795,32804,"Orlando, FL metro area",2.2,109.0,93.0,67.0,16.0,48.98,98.0,98.56,15.05,321.61,2023-09
Rolling 3 Months,2023-07-01,2023-09-30,13796,32805,"Orlando, FL metro area",1.9,78.0,65.0,41.0,31.0,44.44,81.0,96.77,16.92,219.91,2023-09
Rolling 3 Months,2023-07-01,2023-09-30,13797,32806,"Orlando, FL metro area",2.5,173.0,129.0,104.0,17.0,51.08,139.0,98.42,22.48,276.65,2023-09
Rolling 3 Months,2023-07-01,2023-09-30,13798,32807,"Orlando, FL metro area",1.6,88.0,79.0,40.0,17.0,55.0,80.0,98.56,24.05,241.41,2023-09
Rolling 3 Months,2023-07-01,2023-09-30,13799,32808,"Orlando, FL metro area",2.0,170.0,143.0,94.0,20.0,46.11,180.0,98.36,31.47,191.73,2023-09
Rolling 3 Months,2023-07-01,2023-09-30,13801,32810,"Orlando, FL metro area",1.8,95.0,89.0,52.0,16.0,51.09,92.0,97.21,25.84,209.83,2023-09
Rolling 3 Months,2023-07-01,2023-09-30,13807,32817,"Orlando, FL metro area",1.3,88.0,79.0,33.0,11.0,63.1,84.0,98.85,26.58,240.33,2023-09
Rolling 3 Months,2023-07-01,2023-09-30,13809,32819,"Orlando, FL metro area",2.9,173.0,115.0,109.0,14.0,57.24,145.0,97.55,22.61,278.48,2023-09
Rolling 3 Months,2023-07-01,2023-09-30,13815,32826,"Orlando, FL metro area",1.3,57.0,53.0,23.0,14.0,50.91,55.0,97.79,24.53,239.02,2023-09
Rolling 3 Months,2023-07-01,2023-09-30,13816,32827,"Orlando, FL metro area",4.4,162.0,123.0,176.0,33.0,36.55,145.0,97.65,13.01,276.72,2023-09
Rolling 3 Months,2023-07-01,2023-09-30,13817,32828,"Orlando, FL metro area",1.4,185.0,183.0,85.0,14.0,51.7,176.0,99.07,23.5,232.6,2023-09
Rolling 3 Months,2023-07-01,2023-09-30,13821,32832,"Orlando, FL metro area",2.3,177.0,144.0,110.0,17.0,52.52,139.0,99.04,18.75,243.93,2023-09
Rolling 3 Months,2023-07-01,2023-09-30,13824,32835,"Orlando, FL metro area",2.2,202.0,166.0,118.0,18.0,40.11,182.0,97.53,13.25,211.46,2023-09
Rolling 3 Months,2023-07-01,2023-09-30,14733,34761,"Orlando, FL metro area",2.1,188.0,154.0,104.0,19.0,46.24,173.0,98.96,22.08,221.09,2023-09
Rolling 3 Months,2023-07-01,2023-09-30,14743,34786,"Orlando, FL metro area",2.2,203.0,178.0,129.0,22.0,40.44,183.0,97.45,11.8,285.79,2023-09
Rolling 3 Months,2023-07-01,2023-09-30,14744,34787,"Orlando, FL metro area",2.6,593.0,462.0,399.0,15.0,46.72,503.0,98.7,21.0,255.03,2023-09
Rolling 3 Months,2022-07-01,2022-09-30,13719,32703,"Orlando, FL metro area",2.4,245.0,181.0,140.0,13.0,47.69,195.0,98.57,29.28,205.94,2022-09
Rolling 3 Months,2022-07-01,2022-09-30,13726,32712,"Orlando, FL metro area",2.2,258.0,238.0,171.0,14.0,46.22,238.0,98.78,31.51,203.48,2022-09
Rolling 3 Months,2022-07-01,2022-09-30,13792,32801,"Orlando, FL metro area",2.5,102.0,84.0,69.0,21.0,44.94,89.0,97.93,14.29,326.03,2022-09
Rolling 3 Months,2022-07-01,2022-09-30,13794,32803,"Orlando, FL metro area",2.2,135.0,107.0,77.0,15.0,49.61,127.0,98.33,20.56,312.01,2022-09
Rolling 3 Months,2022-07-01,2022-09-30,13795,32804,"Orlando, FL metro area",4.1,110.0,73.0,98.0,12.0,43.02,86.0,98.47,24.66,310.05,2022-09
Rolling 3 Months,2022-07-01,2022-09-30,13796,32805,"Orlando, FL metro area",2.9,76.0,58.0,54.0,26.0,39.24,79.0,96.04,25.86,169.49,2022-09
Rolling 3 Months,2022-07-01,2022-09-30,13797,32806,"Orlando, FL metro area",2.4,152.0,115.0,90.0,17.0,43.07,137.0,98.08,28.7,292.12,2022-09
Rolling 3 Months,2022-07-01,2022-09-30,13798,32807,"Orlando, FL metro area",1.7,111.0,100.0,57.0,21.0,49.57,115.0,99.08,33.0,230.55,2022-09
Rolling 3 Months,2022-07-01,2022-09-30,13799,32808,"Orlando, FL metro area",2.6,234.0,147.0,126.0,15.0,49.33,225.0,99.25,33.33,188.94,2022-09
Rolling 3 Months,2022-07-01,2022-09-30,13801,32810,"Orlando, FL metro area",1.8,136.0,112.0,64.0,13.0,55.47,137.0,97.32,37.5,210.24,2022-09
Rolling 3 Months,2022-07-01,2022-09-30,13807,32817,"Orlando, FL metro area",1.7,110.0,88.0,48.0,12.0,57.14,91.0,98.98,28.41,244.14,2022-09
Rolling 3 Months,2022-07-01,2022-09-30,13809,32819,"Orlando, FL metro area",2.6,157.0,129.0,109.0,16.0,40.34,119.0,98.05,20.16,255.58,2022-09
Rolling 3 Months,2022-07-01,2022-09-30,13815,32826,"Orlando, FL metro area",1.4,83.0,86.0,38.0,13.0,52.33,86.0,99.49,43.02,225.2,2022-09
Rolling 3 Months,2022-07-01,2022-09-30,13816,32827,"Orlando, FL metro area",4.7,217.0,121.0,187.0,17.0,36.36,143.0,99.24,25.62,289.67,2022-09
Rolling 3 Months,2022-07-01,2022-09-30,13817,32828,"Orlando, FL metro area",1.8,239.0,210.0,123.0,10.0,45.98,224.0,99.45,35.71,220.13,2022-09
Rolling 3 Months,2022-07-01,2022-09-30,13821,32832,"Orlando, FL metro area",2.2,224.0,158.0,111.0,11.0,54.64,194.0,99.45,21.52,241.19,2022-09
Rolling 3 Months,2022-07-01,2022-09-30,13824,32835,"Orlando, FL metro area",2.5,244.0,185.0,151.0,14.0,48.84,215.0,99.37,36.22,213.76,2022-09
Rolling 3 Months,2022-07-01,2022-09-30,14733,34761,"Orlando, FL metro area",1.5,207.0,178.0,88.0,11.0,51.71,205.0,99.1,28.09,218.58,2022-09
Rolling 3 Months,2022-07-01,2022-09-30,14743,34786,"Orlando, FL metro area",2.6,255.0,198.0,171.0,14.0,40.49,205.0,98.43,25.25,263.53,2022-09
Rolling 3 Months,2022-07-01,2022-09-30,14744,34787,"Orlando, FL metro area",2.5,619.0,495.0,411.0,11.0,43.07,548.0,98.86,25.45,252.63,2022-09
Rolling 3 Months,2021-05-01,2021-07-31,13719,32703,"Orlando, FL metro area",1.1,297.0,239.0,84.0,7.0,72.47,287.0,100.04,46.86,170.58,2021-07
Rolling 3 Months,2021-05-01,2021-07-31,13726,32712,"Orlando, FL metro area",1.0,338.0,300.0,94.0,6.0,72.4,337.0,100.78,53.0,168.51,2021-07
Rolling 3 Months,2021-05-01,2021-07-31,13792,32801,"Orlando, FL metro area",2.0,152.0,143.0,91.0,27.0,38.26,149.0,98.02,12.59,267.39,2021-07
Rolling 3 Months,2021-05-01,2021-07-31,13794,32803,"Orlando, FL metro area",1.7,196.0,166.0,92.0,14.0,56.83,183.0,99.28,32.53,265.59,2021-07
Rolling 3 Months,2021-05-01,2021-07-31,13795,32804,"Orlando, FL metro area",1.9,168.0,156.0,96.0,15.0,55.56,144.0,99.3,27.56,256.89,2021-07
Rolling 3 Months,2021-05-01,2021-07-31,13796,32805,"Orlando, FL metro area",1.7,71.0,59.0,33.0,22.0,50.0,82.0,95.41,32.2,148.07,2021-07
Rolling 3 Months,2021-05-01,2021-07-31,13797,32806,"Orlando, FL metro area",1.7,221.0,197.0,109.0,10.0,60.5,200.0,99.12,27.92,229.6,2021-07
Rolling 3 Months,2021-05-01,2021-07-31,13798,32807,"Orlando, FL metro area",1.2,147.0,127.0,50.0,7.0,72.03,143.0,100.06,48.03,182.35,2021-07
Rolling 3 Months,2021-05-01,2021-07-31,13799,32808,"Orlando, FL metro area",1.5,219.0,155.0,76.0,13.0,63.55,214.0,97.83,38.06,143.2,2021-07
Rolling 3 Months,2021-05-01,2021-07-31,13801,32810,"Orlando, FL metro area",1.2,157.0,122.0,48.0,8.0,70.42,142.0,99.51,39.34,171.09,2021-07
Rolling 3 Months,2021-05-01,2021-07-31,13807,32817,"Orlando, FL metro area",0.8,147.0,130.0,34.0,5.0,82.73,139.0,101.56,56.92,191.68,2021-07
Rolling 3 Months,2021-05-01,2021-07-31,13809,32819,"Orlando, FL metro area",1.2,217.0,232.0,93.0,16.0,55.33,244.0,98.23,25.86,205.63,2021-07
Rolling 3 Months,2021-05-01,2021-07-31,13815,32826,"Orlando, FL metro area",1.2,115.0,83.0,33.0,7.0,81.55,103.0,101.16,62.65,172.72,2021-07
Rolling 3 Months,2021-05-01,2021-07-31,13816,32827,"Orlando, FL metro area",0.6,170.0,188.0,38.0,5.0,75.42,179.0,100.48,42.55,218.47,2021-07
Rolling 3 Months,2021-05-01,2021-07-31,13817,32828,"Orlando, FL metro area",0.7,351.0,325.0,79.0,6.0,81.02,332.0,102.4,68.0,181.51,2021-07
Rolling 3 Months,2021-05-01,2021-07-31,13821,32832,"Orlando, FL metro area",0.7,251.0,233.0,53.0,6.0,76.52,247.0,101.08,50.21,187.83,2021-07
Rolling 3 Months,2021-05-01,2021-07-31,13824,32835,"Orlando, FL metro area",1.1,276.0,273.0,98.0,11.0,61.19,286.0,99.32,36.63,154.52,2021-07
Rolling 3 Months,2021-05-01,2021-07-31,14733,34761,"Orlando, FL metro area",0.8,251.0,260.0,64.0,7.0,73.39,248.0,100.25,46.54,168.86,2021-07
Rolling 3 Months,2021-05-01,2021-07-31,14743,34786,"Orlando, FL metro area",0.9,387.0,381.0,111.0,9.0,66.84,395.0,99.52,41.21,213.13,2021-07
Rolling 3 Months,2021-05-01,2021-07-31,14744,34787,"Orlando, FL metro area",0.8,729.0,720.0,192.0,5.0,74.32,697.0,100.47,44.31,190.85,2021-07
Rolling 3 Months,2020-01-01,2020-03-31,13719,32703,"Orlando, FL metro area",2.1,242.0,188.0,129.0,27.0,44.74,266.0,97.13,12.77,136.84,2020-03
Rolling 3 Months,2020-01-01,2020-03-31,13726,32712,"Orlando, FL metro area",2.1,249.0,222.0,156.0,43.0,36.19,268.0,97.96,10.81,136.31,2020-03
Rolling 3 Months,2020-01-01,2020-03-31,13792,32801,"Orlando, FL metro area",3.7,112.0,86.0,105.0,74.0,32.32,99.0,96.15,2.33,226.71,2020-03
Rolling 3 Months,2020-01-01,2020-03-31,13794,32803,"Orlando, FL metro area",2.3,138.0,121.0,93.0,36.0,43.36,143.0,97.0,10.74,225.53,2020-03
Rolling 3 Months,2020-01-01,2020-03-31,13795,32804,"Orlando, FL metro area",3.4,158.0,104.0,116.0,46.0,42.45,139.0,97.33,17.31,220.73,2020-03
Rolling 3 Months,2020-01-01,2020-03-31,13796,32805,"Orlando, FL metro area",3.8,65.0,45.0,57.0,35.0,43.64,55.0,95.64,11.11,128.38,2020-03
Rolling 3 Months,2020-01-01,2020-03-31,13797,32806,"Orlando, FL metro area",2.6,169.0,127.0,108.0,33.0,50.92,163.0,97.05,11.81,195.25,2020-03
Rolling 3 Months,2020-01-01,2020-03-31,13798,32807,"Orlando, FL metro area",1.8,111.0,93.0,55.0,26.0,52.59,116.0,97.83,17.2,162.22,2020-03
Rolling 3 Months,2020-01-01,2020-03-31,13799,32808,"Orlando, FL metro area",2.8,218.0,161.0,148.0,39.0,37.08,240.0,96.46,13.66,116.13,2020-03
Rolling 3 Months,2020-01-01,2020-03-31,13801,32810,"Orlando, FL metro area",2.5,133.0,92.0,75.0,24.0,50.36,139.0,96.99,21.74,133.27,2020-03
Rolling 3 Months,2020-01-01,2020-03-31,13807,32817,"Orlando, FL metro area",2.0,86.0,69.0,45.0,12.0,55.43,92.0,98.12,23.19,152.66,2020-03
Rolling 3 Months,2020-01-01,2020-03-31,13809,32819,"Orlando, FL metro area",4.3,188.0,133.0,187.0,38.0,41.4,157.0,96.38,11.28,173.54,2020-03
Rolling 3 Months,2020-01-01,2020-03-31,13815,32826,"Orlando, FL metro area",2.3,87.0,51.0,39.0,17.0,61.63,86.0,97.58,23.53,163.01,2020-03
Rolling 3 Months,2020-01-01,2020-03-31,13816,32827,"Orlando, FL metro area",4.2,168.0,121.0,167.0,45.0,36.91,149.0,97.49,7.44,188.78,2020-03
Rolling 3 Months,2020-01-01,2020-03-31,13817,32828,"Orlando, FL metro area",2.0,276.0,209.0,138.0,31.0,51.97,279.0,98.19,15.79,144.65,2020-03
Rolling 3 Months,2020-01-01,2020-03-31,13821,32832,"Orlando, FL metro area",2.6,205.0,175.0,148.0,32.0,38.89,198.0,98.07,12.57,153.45,2020-03
Rolling 3 Months,2020-01-01,2020-03-31,13824,32835,"Orlando, FL metro area",3.3,242.0,168.0,185.0,40.0,38.77,227.0,97.5,12.5,136.61,2020-03
Rolling 3 Months,2020-01-01,2020-03-31,14733,34761,"Orlando, FL metro area",1.4,230.0,203.0,97.0,19.0,49.42,259.0,98.12,16.75,142.58,2020-03
Rolling 3 Months,2020-01-01,2020-03-31,14743,34786,"Orlando, FL metro area",4.1,326.0,228.0,307.0,41.0,37.88,293.0,97.07,9.21,172.31,2020-03
Rolling 3 Months,2020-01-01,2020-03-31,14744,34787,"Orlando, FL metro area",2.9,578.0,445.0,430.0,31.0,41.98,567.0,97.87,10.11,159.66,2020-03
Rolling 3 Months,2019-01-01,2019-03-31,13719,32703,"Orlando, FL metro area",2.8,264.0,197.0,185.0,33.0,38.89,252.0,97.89,16.24,132.7,2019-03
Rolling 3 Months,2019-01-01,2019-03-31,13726,32712,"Orlando, FL metro area",2.8,252.0,205.0,194.0,49.0,33.83,269.0,97.41,6.83,127.09,2019-03
Rolling 3 Months,2019-01-01,2019-03-31,13792,32801,"Orlando, FL metro area",5.7,113.0,64.0,122.0,73.0,25.93,81.0,96.11,3.13,237.57,2019-03
Rolling 3 Months,2019-01-01,2019-03-31,13794,32803,"Orlando, FL metro area",3.7,168.0,119.0,147.0,47.0,35.85,159.0,96.25,5.04,208.69,2019-03
Rolling 3 Months,2019-01-01,2019-03-31,13795,32804,"Orlando, FL metro area",3.9,168.0,109.0,143.0,45.0,36.65,161.0,96.36,6.42,203.64,2019-03
Rolling 3 Months,2019-01-01,2019-03-31,13796,32805,"Orlando, FL metro area",3.6,82.0,52.0,63.0,32.0,32.91,79.0,92.51,13.46,100.89,2019-03
Rolling 3 Months,2019-01-01,2019-03-31,13797,32806,"Orlando, FL metro area",2.8,157.0,120.0,110.0,49.0,30.13,156.0,95.87,7.5,172.84,2019-03
Rolling 3 Months,2019-01-01,2019-03-31,13798,32807,"Orlando, FL metro area",2.1,126.0,92.0,65.0,31.0,40.0,120.0,97.43,13.04,146.02,2019-03
Rolling 3 Months,2019-01-01,2019-03-31,13799,32808,"Orlando, FL metro area",2.6,242.0,174.0,149.0,43.0,33.47,245.0,96.55,12.64,106.93,2019-03
Rolling 3 Months,2019-01-01,2019-03-31,13801,32810,"Orlando, FL metro area",2.8,145.0,103.0,97.0,30.0,46.1,141.0,97.54,12.62,128.84,2019-03
Rolling 3 Months,2019-01-01,2019-03-31,13807,32817,"Orlando, FL metro area",2.2,118.0,88.0,65.0,28.0,44.09,127.0,98.8,17.05,148.99,2019-03
Rolling 3 Months,2019-01-01,2019-03-31,13809,32819,"Orlando, FL metro area",4.1,208.0,133.0,183.0,60.0,30.39,181.0,96.27,5.26,167.42,2019-03
Rolling 3 Months,2019-01-01,2019-03-31,13815,32826,"Orlando, FL metro area",2.3,96.0,64.0,49.0,20.0,48.96,96.0,98.08,12.5,137.98,2019-03
Rolling 3 Months,2019-01-01,2019-03-31,13816,32827,"Orlando, FL metro area",3.6,145.0,119.0,144.0,61.0,29.87,154.0,97.74,5.88,179.37,2019-03
Rolling 3 Months,2019-01-01,2019-03-31,13817,32828,"Orlando, FL metro area",3.3,349.0,200.0,217.0,35.0,35.83,307.0,97.95,11.0,140.12,2019-03
Rolling 3 Months,2019-01-01,2019-03-31,13821,32832,"Orlando, FL metro area",3.0,226.0,156.0,155.0,48.0,31.67,221.0,98.03,19.23,147.08,2019-03
Rolling 3 Months,2019-01-01,2019-03-31,13824,32835,"Orlando, FL metro area",2.9,272.0,192.0,186.0,26.0,39.45,256.0,97.28,13.02,132.55,2019-03
Rolling 3 Months,2019-01-01,2019-03-31,14733,34761,"Orlando, FL metro area",2.3,217.0,187.0,142.0,23.0,44.25,226.0,98.41,18.18,135.47,2019-03
Rolling 3 Months,2019-01-01,2019-03-31,14743,34786,"Orlando, FL metro area",4.7,322.0,223.0,353.0,63.0,29.28,321.0,96.28,4.04,159.61,2019-03
Rolling 3 Months,2019-01-01,2019-03-31,14744,34787,"Orlando, FL metro area",2.8,590.0,437.0,411.0,25.0,41.01,573.0,97.62,10.76,152.32,2019-03
Rolling 3 Months,2018-12-01,2019-02-28,13719,32703,"Orlando, FL metro area",2.9,213.0,186.0,178.0,39.0,38.99,218.0,98.0,16.67,130.44,2019-02
Rolling 3 Months,2018-12-01,2019-02-28,13726,32712,"Orlando, FL metro area",3.1,227.0,193.0,197.0,40.0,30.98,255.0,97.25,8.81,126.55,2019-02
Rolling 3 Months,2018-12-01,2019-02-28,13792,32801,"Orlando, FL metro area",5.7,93.0,58.0,111.0,69.0,24.32,74.0,95.69,3.45,241.33,2019-02
Rolling 3 Months,2018-12-01,2019-02-28,13794,32803,"Orlando, FL metro area",4.4,154.0,110.0,161.0,55.0,27.78,144.0,96.64,6.36,206.95,2019-02
Rolling 3 Months,2018-12-01,2019-02-28,13795,32804,"Orlando, FL metro area",4.5,134.0,92.0,139.0,49.0,34.03,144.0,96.76,7.61,196.83,2019-02
Rolling 3 Months,2018-12-01,2019-02-28,13796,32805,"Orlando, FL metro area",4.4,72.0,46.0,67.0,34.0,25.42,59.0,91.16,13.04,101.19,2019-02
Rolling 3 Months,2018-12-01,2019-02-28,13797,32806,"Orlando, FL metro area",2.7,117.0,120.0,108.0,42.0,22.79,136.0,95.65,8.33,174.05,2019-02
Rolling 3 Months,2018-12-01,2019-02-28,13798,32807,"Orlando, FL metro area",2.7,111.0,82.0,73.0,25.0,42.86,105.0,97.59,18.29,137.9,2019-02
Rolling 3 Months,2018-12-01,2019-02-28,13799,32808,"Orlando, FL metro area",3.3,187.0,156.0,171.0,50.0,27.8,205.0,96.87,14.1,107.88,2019-02
Rolling 3 Months,2018-12-01,2019-02-28,13801,32810,"Orlando, FL metro area",2.6,113.0,103.0,89.0,38.0,33.58,137.0,97.46,11.65,128.89,2019-02
Rolling 3 Months,2018-12-01,2019-02-28,13807,32817,"Orlando, FL metro area",2.2,97.0,90.0,65.0,38.0,37.3,126.0,98.15,10.0,144.98,2019-02
Rolling 3 Months,2018-12-01,2019-02-28,13809,32819,"Orlando, FL metro area",4.2,161.0,129.0,179.0,44.0,25.64,156.0,96.09,7.75,164.13,2019-02
Rolling 3 Months,2018-12-01,2019-02-28,13815,32826,"Orlando, FL metro area",2.7,79.0,55.0,49.0,19.0,40.24,82.0,97.59,10.91,140.08,2019-02
Rolling 3 Months,2018-12-01,2019-02-28,13816,32827,"Orlando, FL metro area",3.6,135.0,119.0,141.0,40.0,32.68,153.0,97.24,3.36,182.38,2019-02
Rolling 3 Months,2018-12-01,2019-02-28,13817,32828,"Orlando, FL metro area",3.4,251.0,183.0,205.0,38.0,30.57,229.0,97.87,10.93,137.92,2019-02
Rolling 3 Months,2018-12-01,2019-02-28,13821,32832,"Orlando, FL metro area",3.3,193.0,148.0,164.0,41.0,30.27,185.0,98.15,18.24,146.26,2019-02
Rolling 3 Months,2018-12-01,2019-02-28,13824,32835,"Orlando, FL metro area",2.7,223.0,196.0,176.0,32.0,39.27,219.0,97.06,11.22,129.06,2019-02
Rolling 3 Months,2018-12-01,2019-02-28,14733,34761,"Orlando, FL metro area",2.7,177.0,160.0,143.0,28.0,37.13,202.0,98.45,13.75,135.59,2019-02
Rolling 3 Months,2018-12-01,2019-02-28,14743,34786,"Orlando, FL metro area",5.0,263.0,214.0,355.0,80.0,27.54,276.0,96.15,2.8,162.95,2019-02
Rolling 3 Months,2018-12-01,2019-02-28,14744,34787,"Orlando, FL metro area",3.2,547.0,400.0,421.0,26.0,41.07,521.0,97.77,11.0,150.0,2019-02
Rolling 3 Months,2017-12-01,2018-02-28,13719,32703,"Orlando, FL metro area",2.4,203.0,184.0,146.0,29.0,39.58,240.0,96.52,15.76,124.05,2018-02
Rolling 3 Months,2017-12-01,2018-02-28,13726,32712,"Orlando, FL metro area",2.7,226.0,199.0,181.0,28.0,33.47,251.0,97.57,13.57,119.27,2018-02
Rolling 3 Months,2017-12-01,2018-02-28,13792,32801,"Orlando, FL metro area",3.4,90.0,81.0,92.0,63.0,33.33,90.0,96.79,7.41,248.35,2018-02
Rolling 3 Months,2017-12-01,2018-02-28,13794,32803,"Orlando, FL metro area",2.8,130.0,120.0,111.0,34.0,36.43,140.0,97.7,15.0,204.94,2018-02
Rolling 3 Months,2017-12-01,2018-02-28,13795,32804,"Orlando, FL metro area",3.1,135.0,112.0,115.0,64.0,31.85,135.0,96.98,7.14,194.29,2018-02
Rolling 3 Months,2017-12-01,2018-02-28,13796,32805,"Orlando, FL metro area",3.2,69.0,44.0,47.0,37.0,48.44,64.0,95.67,9.09,92.87,2018-02
Rolling 3 Months,2017-12-01,2018-02-28,13797,32806,"Orlando, FL metro area",2.7,153.0,153.0,139.0,49.0,29.68,155.0,96.02,6.54,163.18,2018-02
Rolling 3 Months,2017-12-01,2018-02-28,13798,32807,"Orlando, FL metro area",2.2,112.0,87.0,64.0,16.0,53.51,114.0,98.41,27.59,128.41,2018-02
Rolling 3 Months,2017-12-01,2018-02-28,13799,32808,"Orlando, FL metro area",2.4,194.0,161.0,130.0,21.0,35.96,203.0,95.74,19.25,88.97,2018-02
Rolling 3 Months,2017-12-01,2018-02-28,13801,32810,"Orlando, FL metro area",3.2,127.0,91.0,96.0,35.0,47.32,112.0,96.6,16.48,115.31,2018-02
Rolling 3 Months,2017-12-01,2018-02-28,13807,32817,"Orlando, FL metro area",1.7,101.0,92.0,53.0,26.0,46.67,120.0,97.71,13.04,141.54,2018-02
Rolling 3 Months,2017-12-01,2018-02-28,13809,32819,"Orlando, FL metro area",4.2,194.0,138.0,194.0,43.0,33.16,193.0,96.62,5.8,159.25,2018-02
Rolling 3 Months,2017-12-01,2018-02-28,13815,32826,"Orlando, FL metro area",2.1,71.0,64.0,44.0,20.0,44.3,79.0,96.99,14.06,129.87,2018-02
Rolling 3 Months,2017-12-01,2018-02-28,13816,32827,"Orlando, FL metro area",4.5,133.0,99.0,147.0,48.0,34.43,122.0,97.51,9.09,168.3,2018-02
Rolling 3 Months,2017-12-01,2018-02-28,13817,32828,"Orlando, FL metro area",2.0,247.0,211.0,140.0,36.0,42.57,249.0,97.92,12.32,129.94,2018-02
Rolling 3 Months,2017-12-01,2018-02-28,13821,32832,"Orlando, FL metro area",3.8,182.0,118.0,151.0,42.0,33.15,181.0,98.36,9.32,142.08,2018-02
Rolling 3 Months,2017-12-01,2018-02-28,13824,32835,"Orlando, FL metro area",2.5,206.0,182.0,152.0,38.0,28.38,229.0,96.63,9.34,118.46,2018-02
Rolling 3 Months,2017-12-01,2018-02-28,14733,34761,"Orlando, FL metro area",2.3,183.0,177.0,136.0,34.0,35.27,224.0,98.73,19.21,123.27,2018-02
Rolling 3 Months,2017-12-01,2018-02-28,14743,34786,"Orlando, FL metro area",4.4,294.0,234.0,345.0,70.0,22.3,278.0,96.8,5.98,147.37,2018-02
Rolling 3 Months,2017-12-01,2018-02-28,14744,34787,"Orlando, FL metro area",2.9,498.0,421.0,403.0,35.0,36.08,521.0,97.7,11.64,137.34,2018-02
Rolling 3 Months,2017-11-01,2018-01-31,13719,32703,"Orlando, FL metro area",2.3,183.0,180.0,135.0,30.0,37.61,218.0,96.7,13.33,120.96,2018-01
Rolling 3 Months,2017-11-01,2018-01-31,13726,32712,"Orlando, FL metro area",2.8,234.0,195.0,181.0,29.0,38.06,247.0,97.46,12.31,116.95,2018-01
Rolling 3 Months,2017-11-01,2018-01-31,13792,32801,"Orlando, FL metro area",3.6,81.0,79.0,94.0,65.0,25.3,83.0,96.06,6.33,254.98,2018-01
Rolling 3 Months,2017-11-01,2018-01-31,13794,32803,"Orlando, FL metro area",2.6,131.0,119.0,100.0,32.0,32.61,138.0,98.24,14.29,206.56,2018-01
Rolling 3 Months,2017-11-01,2018-01-31,13795,32804,"Orlando, FL metro area",3.3,106.0,107.0,114.0,58.0,26.67,120.0,96.33,6.54,193.58,2018-01
Rolling 3 Months,2017-11-01,2018-01-31,13796,32805,"Orlando, FL metro area",4.0,64.0,44.0,57.0,22.0,37.1,62.0,93.6,9.09,84.42,2018-01
Rolling 3 Months,2017-11-01,2018-01-31,13797,32806,"Orlando, FL metro area",2.6,145.0,137.0,118.0,45.0,29.11,158.0,96.15,8.03,157.65,2018-01
Rolling 3 Months,2017-11-01,2018-01-31,13798,32807,"Orlando, FL metro area",1.9,116.0,112.0,69.0,14.0,50.86,116.0,97.9,25.89,128.18,2018-01
Rolling 3 Months,2017-11-01,2018-01-31,13799,32808,"Orlando, FL metro area",2.2,196.0,163.0,115.0,26.0,36.82,220.0,96.26,22.7,86.75,2018-01
Rolling 3 Months,2017-11-01,2018-01-31,13801,32810,"Orlando, FL metro area",2.5,111.0,102.0,84.0,41.0,42.86,105.0,94.83,14.71,112.07,2018-01
Rolling 3 Months,2017-11-01,2018-01-31,13807,32817,"Orlando, FL metro area",1.8,96.0,96.0,56.0,21.0,42.59,108.0,97.48,16.67,137.15,2018-01
Rolling 3 Months,2017-11-01,2018-01-31,13809,32819,"Orlando, FL metro area",4.6,181.0,125.0,186.0,43.0,29.44,180.0,96.07,2.4,153.95,2018-01
Rolling 3 Months,2017-11-01,2018-01-31,13815,32826,"Orlando, FL metro area",2.1,67.0,70.0,47.0,13.0,40.79,76.0,97.17,21.43,127.01,2018-01
Rolling 3 Months,2017-11-01,2018-01-31,13816,32827,"Orlando, FL metro area",4.0,114.0,100.0,131.0,68.0,34.19,117.0,97.31,8.0,170.32,2018-01
Rolling 3 Months,2017-11-01,2018-01-31,13817,32828,"Orlando, FL metro area",1.7,220.0,233.0,130.0,46.0,36.73,245.0,98.17,15.02,129.11,2018-01
Rolling 3 Months,2017-11-01,2018-01-31,13821,32832,"Orlando, FL metro area",3.0,156.0,136.0,135.0,44.0,30.43,161.0,97.92,10.29,141.96,2018-01
Rolling 3 Months,2017-11-01,2018-01-31,13824,32835,"Orlando, FL metro area",2.6,210.0,202.0,169.0,35.0,29.2,226.0,96.41,9.41,116.65,2018-01
Rolling 3 Months,2017-11-01,2018-01-31,14733,34761,"Orlando, FL metro area",2.3,178.0,197.0,148.0,44.0,35.14,222.0,98.57,19.29,123.04,2018-01
Rolling 3 Months,2017-11-01,2018-01-31,14743,34786,"Orlando, FL metro area",4.3,259.0,240.0,336.0,66.0,20.65,276.0,96.74,4.58,147.11,2018-01
Rolling 3 Months,2017-11-01,2018-01-31,14744,34787,"Orlando, FL metro area",2.9,455.0,412.0,389.0,39.0,33.81,488.0,97.89,10.92,138.49,2018-01
Rolling 3 Months,2016-09-01,2016-11-30,13719,32703,"Orlando, FL metro area",2.1,184.0,204.0,139.0,40.0,39.91,213.0,98.0,19.61,108.14,2016-11
Rolling 3 Months,2016-09-01,2016-11-30,13726,32712,"Orlando, FL metro area",3.1,233.0,197.0,199.0,39.0,40.29,206.0,98.6,20.81,109.84,2016-11
Rolling 3 Months,2016-09-01,2016-11-30,13792,32801,"Orlando, FL metro area",4.6,103.0,86.0,131.0,98.0,18.18,88.0,97.27,18.6,233.78,2016-11
Rolling 3 Months,2016-09-01,2016-11-30,13794,32803,"Orlando, FL metro area",2.2,121.0,136.0,100.0,57.0,33.59,128.0,96.41,15.44,199.6,2016-11
Rolling 3 Months,2016-09-01,2016-11-30,13795,32804,"Orlando, FL metro area",5.0,125.0,94.0,155.0,63.0,26.72,116.0,96.01,11.7,188.79,2016-11
Rolling 3 Months,2016-09-01,2016-11-30,13796,32805,"Orlando, FL metro area",4.7,62.0,34.0,53.0,26.0,37.04,54.0,98.14,23.53,58.82,2016-11
Rolling 3 Months,2016-09-01,2016-11-30,13797,32806,"Orlando, FL metro area",3.2,160.0,142.0,150.0,44.0,32.91,158.0,97.09,18.31,148.9,2016-11
Rolling 3 Months,2016-09-01,2016-11-30,13798,32807,"Orlando, FL metro area",1.6,104.0,99.0,52.0,36.0,46.88,128.0,100.57,26.26,109.42,2016-11
Rolling 3 Months,2016-09-01,2016-11-30,13799,32808,"Orlando, FL metro area",2.5,190.0,170.0,140.0,42.0,33.98,206.0,97.36,25.29,73.74,2016-11
Rolling 3 Months,2016-09-01,2016-11-30,13801,32810,"Orlando, FL metro area",2.0,131.0,135.0,89.0,35.0,37.82,156.0,96.92,25.93,96.38,2016-11
Rolling 3 Months,2016-09-01,2016-11-30,13807,32817,"Orlando, FL metro area",2.2,112.0,106.0,76.0,46.0,42.06,107.0,97.71,18.87,125.4,2016-11
Rolling 3 Months,2016-09-01,2016-11-30,13809,32819,"Orlando, FL metro area",4.3,179.0,151.0,212.0,57.0,23.31,163.0,96.89,9.27,148.84,2016-11
Rolling 3 Months,2016-09-01,2016-11-30,13815,32826,"Orlando, FL metro area",2.5,67.0,69.0,57.0,29.0,36.84,76.0,96.87,13.04,114.69,2016-11
Rolling 3 Months,2016-09-01,2016-11-30,13816,32827,"Orlando, FL metro area",6.1,101.0,70.0,141.0,61.0,27.03,74.0,97.8,12.86,150.52,2016-11
Rolling 3 Months,2016-09-01,2016-11-30,13817,32828,"Orlando, FL metro area",2.2,259.0,262.0,192.0,48.0,32.7,263.0,97.73,11.45,120.14,2016-11
Rolling 3 Months,2016-09-01,2016-11-30,13821,32832,"Orlando, FL metro area",3.2,152.0,159.0,170.0,41.0,27.63,152.0,97.66,6.92,129.4,2016-11
Rolling 3 Months,2016-09-01,2016-11-30,13824,32835,"Orlando, FL metro area",4.1,247.0,189.0,257.0,43.0,29.52,210.0,96.68,10.58,107.79,2016-11
Rolling 3 Months,2016-09-01,2016-11-30,14733,34761,"Orlando, FL metro area",2.5,184.0,174.0,146.0,47.0,34.48,203.0,97.6,15.52,110.73,2016-11
Rolling 3 Months,2016-09-01,2016-11-30,14743,34786,"Orlando, FL metro area",6.6,303.0,238.0,516.0,96.0,19.18,245.0,96.52,4.62,148.21,2016-11
Rolling 3 Months,2016-09-01,2016-11-30,14744,34787,"Orlando, FL metro area",3.6,442.0,391.0,468.0,51.0,27.75,436.0,97.39,9.72,127.83,2016-11
Rolling 3 Months,2026-01-01,2026-03-31,13719,32703,"Orlando, FL metro area",4.0,249.0,160.0,215.0,49.0,26.91,249.0,98.24,10.0,210.34,2026-03
Rolling 3 Months,2026-01-01,2026-03-31,13726,32712,"Orlando, FL metro area",3.9,294.0,234.0,307.0,63.0,27.27,264.0,98.04,8.12,207.99,2026-03
Rolling 3 Months,2026-01-01,2026-03-31,13792,32801,"Orlando, FL metro area",9.7,104.0,45.0,146.0,94.0,14.55,55.0,93.57,4.44,265.73,2026-03
Rolling 3 Months,2026-01-01,2026-03-31,13794,32803,"Orlando, FL metro area",2.9,114.0,99.0,96.0,42.0,30.65,124.0,96.46,4.04,336.54,2026-03
Rolling 3 Months,2026-01-01,2026-03-31,13795,32804,"Orlando, FL metro area",3.9,132.0,91.0,119.0,42.0,37.07,116.0,96.62,10.99,341.0,2026-03
Rolling 3 Months,2026-01-01,2026-03-31,13796,32805,"Orlando, FL metro area",6.1,63.0,35.0,71.0,70.0,20.83,48.0,97.45,11.43,215.32,2026-03
Rolling 3 Months,2026-01-01,2026-03-31,13797,32806,"Orlando, FL metro area",3.5,128.0,93.0,110.0,57.0,32.46,114.0,96.66,9.68,289.12,2026-03
Rolling 3 Months,2026-01-01,2026-03-31,13798,32807,"Orlando, FL metro area",3.7,106.0,69.0,85.0,37.0,31.4,86.0,98.54,8.7,236.51,2026-03
Rolling 3 Months,2026-01-01,2026-03-31,13799,32808,"Orlando, FL metro area",5.0,149.0,89.0,147.0,66.0,23.62,127.0,95.85,13.48,194.71,2026-03
Rolling 3 Months,2026-01-01,2026-03-31,13801,32810,"Orlando, FL metro area",4.6,88.0,52.0,80.0,45.0,27.38,84.0,96.13,13.46,214.06,2026-03
Rolling 3 Months,2026-01-01,2026-03-31,13807,32817,"Orlando, FL metro area",3.0,82.0,54.0,54.0,33.0,45.33,75.0,97.9,18.52,242.45,2026-03
Rolling 3 Months,2026-01-01,2026-03-31,13809,32819,"Orlando, FL metro area",6.5,174.0,97.0,209.0,61.0,24.8,125.0,95.29,1.03,279.77,2026-03
Rolling 3 Months,2026-01-01,2026-03-31,13815,32826,"Orlando, FL metro area",3.8,61.0,38.0,48.0,61.0,24.0,50.0,97.14,7.89,236.51,2026-03
Rolling 3 Months,2026-01-01,2026-03-31,13816,32827,"Orlando, FL metro area",5.8,191.0,105.0,202.0,70.0,27.34,128.0,97.0,6.67,286.11,2026-03
Rolling 3 Months,2026-01-01,2026-03-31,13817,32828,"Orlando, FL metro area",3.4,187.0,117.0,132.0,34.0,42.76,152.0,97.62,13.68,221.47,2026-03
Rolling 3 Months,2026-01-01,2026-03-31,13821,32832,"Orlando, FL metro area",5.5,226.0,127.0,233.0,54.0,28.33,180.0,98.99,7.09,244.55,2026-03
Rolling 3 Months,2026-01-01,2026-03-31,13824,32835,"Orlando, FL metro area",7.7,185.0,91.0,233.0,54.0,28.57,119.0,94.85,1.1,188.19,2026-03
Rolling 3 Months,2026-01-01,2026-03-31,14733,34761,"Orlando, FL metro area",4.5,198.0,109.0,162.0,41.0,34.94,166.0,98.35,10.09,221.79,2026-03
Rolling 3 Months,2026-01-01,2026-03-31,14743,34786,"Orlando, FL metro area",4.8,244.0,143.0,230.0,56.0,34.21,190.0,97.04,10.49,266.89,2026-03
Rolling 3 Months,2026-01-01,2026-03-31,14744,34787,"Orlando, FL metro area",4.7,734.0,420.0,652.0,42.0,36.45,535.0,97.53,6.43,249.84,2026-03
Rolling 3 Months,2025-12-01,2026-02-28,13719,32703,"Orlando, FL metro area",4.3,216.0,158.0,227.0,61.0,24.24,198.0,98.14,11.39,207.97,2026-02
Rolling 3 Months,2025-12-01,2026-02-28,13726,32712,"Orlando, FL metro area",4.4,266.0,215.0,317.0,64.0,20.08,244.0,97.91,7.44,208.15,2026-02
Rolling 3 Months,2025-12-01,2026-02-28,13792,32801,"Orlando, FL metro area",9.8,83.0,44.0,144.0,90.0,11.76,51.0,94.79,4.55,272.6,2026-02
Rolling 3 Months,2025-12-01,2026-02-28,13794,32803,"Orlando, FL metro area",3.2,104.0,89.0,95.0,58.0,30.61,98.0,97.25,4.49,300.0,2026-02
Rolling 3 Months,2025-12-01,2026-02-28,13795,32804,"Orlando, FL metro area",4.4,112.0,80.0,116.0,49.0,35.92,103.0,96.98,6.25,349.03,2026-02
Rolling 3 Months,2025-12-01,2026-02-28,13796,32805,"Orlando, FL metro area",6.2,64.0,34.0,70.0,89.0,15.22,46.0,95.12,11.76,204.24,2026-02
Rolling 3 Months,2025-12-01,2026-02-28,13797,32806,"Orlando, FL metro area",3.4,94.0,101.0,113.0,75.0,26.09,92.0,95.99,2.97,289.12,2026-02
Rolling 3 Months,2025-12-01,2026-02-28,13798,32807,"Orlando, FL metro area",3.9,100.0,64.0,84.0,38.0,32.18,87.0,98.64,12.5,232.82,2026-02
Rolling 3 Months,2025-12-01,2026-02-28,13799,32808,"Orlando, FL metro area",5.4,137.0,86.0,154.0,58.0,28.57,119.0,95.29,13.95,181.22,2026-02
Rolling 3 Months,2025-12-01,2026-02-28,13801,32810,"Orlando, FL metro area",5.0,78.0,51.0,85.0,51.0,20.55,73.0,96.63,17.65,222.22,2026-02
Rolling 3 Months,2025-12-01,2026-02-28,13807,32817,"Orlando, FL metro area",2.5,62.0,57.0,47.0,39.0,35.29,68.0,97.65,14.04,245.6,2026-02
Rolling 3 Months,2025-12-01,2026-02-28,13809,32819,"Orlando, FL metro area",6.5,162.0,97.0,210.0,67.0,22.61,115.0,95.14,2.06,285.0,2026-02
Rolling 3 Months,2025-12-01,2026-02-28,13815,32826,"Orlando, FL metro area",3.0,46.0,38.0,38.0,57.0,16.67,42.0,97.32,13.16,235.56,2026-02
Rolling 3 Months,2025-12-01,2026-02-28,13816,32827,"Orlando, FL metro area",4.9,152.0,114.0,187.0,86.0,22.73,110.0,96.57,5.26,288.21,2026-02
Rolling 3 Months,2025-12-01,2026-02-28,13817,32828,"Orlando, FL metro area",3.8,149.0,104.0,131.0,47.0,35.71,140.0,98.22,17.31,218.94,2026-02
Rolling 3 Months,2025-12-01,2026-02-28,13821,32832,"Orlando, FL metro area",7.0,177.0,96.0,223.0,61.0,22.52,151.0,98.42,8.33,237.66,2026-02
Rolling 3 Months,2025-12-01,2026-02-28,13824,32835,"Orlando, FL metro area",7.1,153.0,90.0,213.0,61.0,27.68,112.0,94.48,3.33,180.67,2026-02
Rolling 3 Months,2025-12-01,2026-02-28,14733,34761,"Orlando, FL metro area",4.0,150.0,108.0,144.0,42.0,30.71,127.0,97.78,5.56,221.19,2026-02
Rolling 3 Months,2025-12-01,2026-02-28,14743,34786,"Orlando, FL metro area",4.7,182.0,135.0,210.0,64.0,26.79,168.0,96.76,7.41,277.84,2026-02
Rolling 3 Months,2025-12-01,2026-02-28,14744,34787,"Orlando, FL metro area",4.4,633.0,433.0,642.0,46.0,34.1,478.0,97.46,7.16,250.73,2026-02
Rolling 3 Months,2024-06-01,2024-08-31,13719,32703,"Orlando, FL metro area",3.9,264.0,191.0,242.0,50.0,27.27,209.0,97.98,12.04,219.06,2024-08
Rolling 3 Months,2024-06-01,2024-08-31,13726,32712,"Orlando, FL metro area",3.4,374.0,269.0,297.0,34.0,28.77,292.0,98.32,8.92,208.79,2024-08
Rolling 3 Months,2024-06-01,2024-08-31,13792,32801,"Orlando, FL metro area",5.5,105.0,67.0,121.0,52.0,20.45,88.0,97.06,5.97,317.69,2024-08
Rolling 3 Months,2024-06-01,2024-08-31,13794,32803,"Orlando, FL metro area",3.6,122.0,80.0,93.0,18.0,45.54,101.0,97.37,15.0,338.38,2024-08
Rolling 3 Months,2024-06-01,2024-08-31,13795,32804,"Orlando, FL metro area",3.1,130.0,103.0,103.0,21.0,45.28,106.0,97.26,14.56,339.97,2024-08
Rolling 3 Months,2024-06-01,2024-08-31,13796,32805,"Orlando, FL metro area",3.3,56.0,49.0,53.0,22.0,30.77,65.0,94.78,8.16,216.22,2024-08
Rolling 3 Months,2024-06-01,2024-08-31,13797,32806,"Orlando, FL metro area",3.3,157.0,127.0,136.0,28.0,36.96,138.0,97.7,14.17,292.56,2024-08
Rolling 3 Months,2024-06-01,2024-08-31,13798,32807,"Orlando, FL metro area",3.3,107.0,78.0,84.0,27.0,43.16,95.0,97.23,21.79,246.87,2024-08
Rolling 3 Months,2024-06-01,2024-08-31,13799,32808,"Orlando, FL metro area",3.5,171.0,118.0,135.0,35.0,35.48,155.0,97.13,14.41,196.79,2024-08
Rolling 3 Months,2024-06-01,2024-08-31,13801,32810,"Orlando, FL metro area",2.4,102.0,91.0,71.0,29.0,35.42,96.0,98.01,14.29,236.25,2024-08
Rolling 3 Months,2024-06-01,2024-08-31,13807,32817,"Orlando, FL metro area",2.5,87.0,70.0,56.0,25.0,38.46,78.0,97.39,15.71,252.27,2024-08
Rolling 3 Months,2024-06-01,2024-08-31,13809,32819,"Orlando, FL metro area",4.0,157.0,125.0,165.0,23.0,34.96,123.0,96.13,6.4,287.86,2024-08
Rolling 3 Months,2024-06-01,2024-08-31,13815,32826,"Orlando, FL metro area",2.1,79.0,70.0,48.0,20.0,40.58,69.0,98.79,22.86,227.91,2024-08
Rolling 3 Months,2024-06-01,2024-08-31,13816,32827,"Orlando, FL metro area",3.1,180.0,166.0,170.0,40.0,43.31,127.0,98.7,19.88,287.89,2024-08
Rolling 3 Months,2024-06-01,2024-08-31,13817,32828,"Orlando, FL metro area",2.9,211.0,149.0,142.0,23.0,33.91,174.0,98.31,18.12,233.1,2024-08
Rolling 3 Months,2024-06-01,2024-08-31,13821,32832,"Orlando, FL metro area",3.8,211.0,157.0,193.0,29.0,34.67,150.0,98.42,14.01,253.71,2024-08
Rolling 3 Months,2024-06-01,2024-08-31,13824,32835,"Orlando, FL metro area",3.9,176.0,140.0,179.0,40.0,21.33,150.0,97.25,3.57,209.4,2024-08
Rolling 3 Months,2024-06-01,2024-08-31,14733,34761,"Orlando, FL metro area",3.4,201.0,144.0,160.0,31.0,28.21,156.0,97.93,14.58,231.73,2024-08
Rolling 3 Months,2024-06-01,2024-08-31,14743,34786,"Orlando, FL metro area",3.8,237.0,190.0,238.0,36.0,30.0,190.0,96.8,7.89,300.24,2024-08
Rolling 3 Months,2024-06-01,2024-08-31,14744,34787,"Orlando, FL metro area",3.8,721.0,535.0,663.0,28.0,37.44,609.0,98.13,11.21,257.46,2024-08
Rolling 3 Months,2024-05-01,2024-07-31,13719,32703,"Orlando, FL metro area",3.2,241.0,195.0,202.0,46.0,29.63,216.0,98.11,13.85,220.97,2024-07
Rolling 3 Months,2024-05-01,2024-07-31,13726,32712,"Orlando, FL metro area",3.3,364.0,264.0,282.0,31.0,30.07,286.0,98.63,11.36,208.7,2024-07
Rolling 3 Months,2024-05-01,2024-07-31,13792,32801,"Orlando, FL metro area",5.6,110.0,71.0,130.0,51.0,24.68,77.0,96.89,5.63,317.69,2024-07
Rolling 3 Months,2024-05-01,2024-07-31,13794,32803,"Orlando, FL metro area",3.6,144.0,76.0,89.0,22.0,52.53,99.0,96.68,21.05,333.93,2024-07
Rolling 3 Months,2024-05-01,2024-07-31,13795,32804,"Orlando, FL metro area",2.7,133.0,111.0,99.0,21.0,43.52,108.0,96.97,17.12,337.67,2024-07
Rolling 3 Months,2024-05-01,2024-07-31,13796,32805,"Orlando, FL metro area",3.7,77.0,50.0,60.0,23.0,33.85,65.0,96.58,6.0,215.49,2024-07
Rolling 3 Months,2024-05-01,2024-07-31,13797,32806,"Orlando, FL metro area",3.4,165.0,126.0,139.0,32.0,37.96,137.0,98.08,18.25,292.16,2024-07
Rolling 3 Months,2024-05-01,2024-07-31,13798,32807,"Orlando, FL metro area",2.2,106.0,90.0,65.0,22.0,45.36,97.0,98.01,23.33,257.38,2024-07
Rolling 3 Months,2024-05-01,2024-07-31,13799,32808,"Orlando, FL metro area",2.8,160.0,126.0,117.0,42.0,30.86,162.0,96.36,10.32,185.56,2024-07
Rolling 3 Months,2024-05-01,2024-07-31,13801,32810,"Orlando, FL metro area",2.0,104.0,97.0,63.0,30.0,35.71,112.0,97.63,13.4,238.1,2024-07
Rolling 3 Months,2024-05-01,2024-07-31,13807,32817,"Orlando, FL metro area",2.4,92.0,71.0,55.0,24.0,40.74,81.0,97.34,21.13,255.41,2024-07
Rolling 3 Months,2024-05-01,2024-07-31,13809,32819,"Orlando, FL metro area",3.8,178.0,126.0,156.0,36.0,40.15,137.0,96.41,8.73,293.02,2024-07
Rolling 3 Months,2024-05-01,2024-07-31,13815,32826,"Orlando, FL metro area",2.0,87.0,73.0,47.0,20.0,44.44,81.0,98.51,19.18,227.59,2024-07
Rolling 3 Months,2024-05-01,2024-07-31,13816,32827,"Orlando, FL metro area",2.5,192.0,177.0,144.0,49.0,41.83,153.0,98.36,19.77,290.64,2024-07
Rolling 3 Months,2024-05-01,2024-07-31,13817,32828,"Orlando, FL metro area",2.9,232.0,156.0,146.0,21.0,43.6,172.0,98.66,19.23,236.22,2024-07
Rolling 3 Months,2024-05-01,2024-07-31,13821,32832,"Orlando, FL metro area",3.2,230.0,185.0,193.0,27.0,35.95,153.0,98.78,20.0,260.31,2024-07
Rolling 3 Months,2024-05-01,2024-07-31,13824,32835,"Orlando, FL metro area",3.6,200.0,153.0,178.0,29.0,25.15,171.0,97.32,6.54,212.1,2024-07
Rolling 3 Months,2024-05-01,2024-07-31,14733,34761,"Orlando, FL metro area",2.8,200.0,158.0,143.0,25.0,32.89,152.0,97.95,14.56,236.25,2024-07
Rolling 3 Months,2024-05-01,2024-07-31,14743,34786,"Orlando, FL metro area",3.9,253.0,187.0,240.0,29.0,35.27,207.0,97.03,11.76,282.39,2024-07
Rolling 3 Months,2024-05-01,2024-07-31,14744,34787,"Orlando, FL metro area",3.7,717.0,553.0,662.0,26.0,38.2,589.0,98.2,12.12,259.64,2024-07
Rolling 3 Months,2023-05-01,2023-07-31,13719,32703,"Orlando, FL metro area",1.8,181.0,163.0,94.0,16.0,49.73,187.0,98.59,29.45,212.84,2023-07
Rolling 3 Months,2023-05-01,2023-07-31,13726,32712,"Orlando, FL metro area",1.8,239.0,204.0,121.0,29.0,45.73,234.0,98.99,24.02,202.95,2023-07
Rolling 3 Months,2023-05-01,2023-07-31,13792,32801,"Orlando, FL metro area",3.1,105.0,78.0,78.0,18.0,43.53,85.0,97.55,17.95,323.47,2023-07
Rolling 3 Months,2023-05-01,2023-07-31,13794,32803,"Orlando, FL metro area",1.3,94.0,94.0,40.0,14.0,59.14,93.0,98.48,25.53,329.06,2023-07
Rolling 3 Months,2023-05-01,2023-07-31,13795,32804,"Orlando, FL metro area",2.0,115.0,103.0,66.0,13.0,58.65,104.0,98.84,26.21,312.5,2023-07
Rolling 3 Months,2023-05-01,2023-07-31,13796,32805,"Orlando, FL metro area",2.2,80.0,62.0,45.0,14.0,44.71,85.0,97.16,27.42,212.82,2023-07
Rolling 3 Months,2023-05-01,2023-07-31,13797,32806,"Orlando, FL metro area",1.8,158.0,127.0,73.0,11.0,53.02,149.0,97.79,23.62,275.05,2023-07
Rolling 3 Months,2023-05-01,2023-07-31,13798,32807,"Orlando, FL metro area",1.1,98.0,91.0,33.0,17.0,54.0,100.0,98.27,24.18,238.1,2023-07
Rolling 3 Months,2023-05-01,2023-07-31,13799,32808,"Orlando, FL metro area",1.9,166.0,129.0,81.0,19.0,52.38,168.0,98.49,29.46,192.31,2023-07
Rolling 3 Months,2023-05-01,2023-07-31,13801,32810,"Orlando, FL metro area",1.7,102.0,99.0,54.0,14.0,55.14,107.0,97.28,33.33,206.37,2023-07
Rolling 3 Months,2023-05-01,2023-07-31,13807,32817,"Orlando, FL metro area",1.2,86.0,85.0,33.0,11.0,65.22,92.0,99.84,36.47,240.66,2023-07
Rolling 3 Months,2023-05-01,2023-07-31,13809,32819,"Orlando, FL metro area",2.0,154.0,128.0,84.0,21.0,52.41,145.0,98.03,19.53,266.65,2023-07
Rolling 3 Months,2023-05-01,2023-07-31,13815,32826,"Orlando, FL metro area",1.2,58.0,54.0,21.0,8.0,70.59,51.0,99.86,37.04,234.36,2023-07
Rolling 3 Months,2023-05-01,2023-07-31,13816,32827,"Orlando, FL metro area",3.9,197.0,142.0,181.0,14.0,41.76,170.0,98.08,10.56,276.42,2023-07
Rolling 3 Months,2023-05-01,2023-07-31,13817,32828,"Orlando, FL metro area",1.3,211.0,195.0,81.0,14.0,54.19,203.0,99.09,27.69,229.59,2023-07
Rolling 3 Months,2023-05-01,2023-07-31,13821,32832,"Orlando, FL metro area",1.5,195.0,203.0,101.0,17.0,52.6,192.0,99.09,17.24,247.87,2023-07
Rolling 3 Months,2023-05-01,2023-07-31,13824,32835,"Orlando, FL metro area",1.6,202.0,191.0,97.0,19.0,49.5,202.0,98.28,18.32,210.21,2023-07
Rolling 3 Months,2023-05-01,2023-07-31,14733,34761,"Orlando, FL metro area",2.0,204.0,143.0,93.0,10.0,60.87,184.0,98.52,25.87,218.33,2023-07
Rolling 3 Months,2023-05-01,2023-07-31,14743,34786,"Orlando, FL metro area",1.9,242.0,219.0,139.0,17.0,46.77,201.0,97.7,19.18,282.05,2023-07
Rolling 3 Months,2023-05-01,2023-07-31,14744,34787,"Orlando, FL metro area",2.2,655.0,533.0,379.0,13.0,54.88,543.0,98.93,22.89,252.61,2023-07
Rolling 3 Months,2022-03-01,2022-05-31,13719,32703,"Orlando, FL metro area",1.1,226.0,174.0,65.0,7.0,69.2,224.0,100.87,56.32,200.64,2022-05
Rolling 3 Months,2022-03-01,2022-05-31,13726,32712,"Orlando, FL metro area",1.1,276.0,260.0,93.0,8.0,71.74,276.0,101.06,55.38,201.31,2022-05
Rolling 3 Months,2022-03-01,2022-05-31,13792,32801,"Orlando, FL metro area",1.2,118.0,113.0,45.0,9.0,66.36,110.0,98.81,32.74,318.67,2022-05
Rolling 3 Months,2022-03-01,2022-05-31,13794,32803,"Orlando, FL metro area",1.5,142.0,129.0,61.0,6.0,72.87,129.0,100.99,55.04,319.5,2022-05
Rolling 3 Months,2022-03-01,2022-05-31,13795,32804,"Orlando, FL metro area",1.6,146.0,122.0,65.0,7.0,65.12,129.0,101.2,47.54,303.61,2022-05
Rolling 3 Months,2022-03-01,2022-05-31,13796,32805,"Orlando, FL metro area",1.8,88.0,80.0,47.0,8.0,66.29,89.0,100.1,37.5,182.54,2022-05
Rolling 3 Months,2022-03-01,2022-05-31,13797,32806,"Orlando, FL metro area",1.2,214.0,172.0,69.0,8.0,74.02,204.0,100.19,45.35,258.96,2022-05
Rolling 3 Months,2022-03-01,2022-05-31,13798,32807,"Orlando, FL metro area",1.2,117.0,99.0,40.0,9.0,72.0,125.0,100.3,51.52,220.77,2022-05
Rolling 3 Months,2022-03-01,2022-05-31,13799,32808,"Orlando, FL metro area",1.1,193.0,192.0,68.0,11.0,63.64,220.0,100.67,52.08,187.03,2022-05
Rolling 3 Months,2022-03-01,2022-05-31,13801,32810,"Orlando, FL metro area",1.0,127.0,128.0,41.0,11.0,71.74,138.0,101.21,55.47,205.99,2022-05
Rolling 3 Months,2022-03-01,2022-05-31,13807,32817,"Orlando, FL metro area",0.7,93.0,100.0,23.0,7.0,78.16,87.0,101.42,55.0,234.32,2022-05
Rolling 3 Months,2022-03-01,2022-05-31,13809,32819,"Orlando, FL metro area",1.1,213.0,222.0,83.0,8.0,67.16,201.0,100.25,44.14,255.03,2022-05
Rolling 3 Months,2022-03-01,2022-05-31,13815,32826,"Orlando, FL metro area",1.2,94.0,71.0,28.0,5.0,80.65,93.0,103.41,66.2,224.7,2022-05
Rolling 3 Months,2022-03-01,2022-05-31,13816,32827,"Orlando, FL metro area",2.1,218.0,136.0,91.0,4.0,81.53,157.0,101.46,48.53,280.75,2022-05
Rolling 3 Months,2022-03-01,2022-05-31,13817,32828,"Orlando, FL metro area",0.9,316.0,264.0,75.0,6.0,79.38,291.0,103.72,72.35,220.56,2022-05
Rolling 3 Months,2022-03-01,2022-05-31,13821,32832,"Orlando, FL metro area",0.8,243.0,198.0,52.0,5.0,82.11,218.0,102.47,55.05,233.03,2022-05
Rolling 3 Months,2022-03-01,2022-05-31,13824,32835,"Orlando, FL metro area",1.3,292.0,229.0,94.0,9.0,71.58,278.0,101.35,54.59,193.16,2022-05
Rolling 3 Months,2022-03-01,2022-05-31,14733,34761,"Orlando, FL metro area",1.0,219.0,196.0,64.0,6.0,80.79,203.0,101.62,56.12,212.52,2022-05
Rolling 3 Months,2022-03-01,2022-05-31,14743,34786,"Orlando, FL metro area",1.4,283.0,248.0,111.0,7.0,71.43,252.0,100.83,50.0,267.43,2022-05
Rolling 3 Months,2022-03-01,2022-05-31,14744,34787,"Orlando, FL metro area",1.4,736.0,557.0,258.0,6.0,76.02,638.0,101.22,51.17,239.97,2022-05
Rolling 3 Months,2021-02-01,2021-04-30,13719,32703,"Orlando, FL metro area",0.7,242.0,239.0,54.0,8.0,72.9,262.0,98.87,31.38,156.56,2021-04
Rolling 3 Months,2021-02-01,2021-04-30,13726,32712,"Orlando, FL metro area",0.9,263.0,252.0,76.0,8.0,64.87,279.0,99.37,34.52,152.15,2021-04
Rolling 3 Months,2021-02-01,2021-04-30,13792,32801,"Orlando, FL metro area",2.1,139.0,127.0,90.0,55.0,29.87,154.0,97.44,6.3,246.68,2021-04
Rolling 3 Months,2021-02-01,2021-04-30,13794,32803,"Orlando, FL metro area",1.3,172.0,160.0,72.0,17.0,53.37,178.0,98.12,26.88,247.19,2021-04
Rolling 3 Months,2021-02-01,2021-04-30,13795,32804,"Orlando, FL metro area",1.5,157.0,149.0,75.0,28.0,50.89,169.0,97.79,20.13,242.67,2021-04
Rolling 3 Months,2021-02-01,2021-04-30,13796,32805,"Orlando, FL metro area",2.4,77.0,49.0,40.0,14.0,64.29,70.0,96.85,26.53,138.36,2021-04
Rolling 3 Months,2021-02-01,2021-04-30,13797,32806,"Orlando, FL metro area",1.3,187.0,167.0,75.0,19.0,56.45,186.0,98.13,18.56,225.33,2021-04
Rolling 3 Months,2021-02-01,2021-04-30,13798,32807,"Orlando, FL metro area",1.0,119.0,88.0,31.0,9.0,76.42,123.0,99.12,34.09,174.95,2021-04
Rolling 3 Months,2021-02-01,2021-04-30,13799,32808,"Orlando, FL metro area",0.9,172.0,190.0,58.0,16.0,58.21,201.0,98.05,20.53,129.74,2021-04
Rolling 3 Months,2021-02-01,2021-04-30,13801,32810,"Orlando, FL metro area",0.8,108.0,106.0,29.0,10.0,65.08,126.0,98.72,33.96,157.0,2021-04
Rolling 3 Months,2021-02-01,2021-04-30,13807,32817,"Orlando, FL metro area",0.6,115.0,97.0,20.0,6.0,77.12,118.0,99.41,47.42,184.18,2021-04
Rolling 3 Months,2021-02-01,2021-04-30,13809,32819,"Orlando, FL metro area",1.8,201.0,193.0,117.0,31.0,45.23,241.0,96.69,15.03,194.73,2021-04
Rolling 3 Months,2021-02-01,2021-04-30,13815,32826,"Orlando, FL metro area",0.7,75.0,82.0,19.0,12.0,70.73,82.0,99.15,40.24,167.85,2021-04
Rolling 3 Months,2021-02-01,2021-04-30,13816,32827,"Orlando, FL metro area",0.7,191.0,202.0,46.0,18.0,61.4,215.0,98.79,23.27,205.56,2021-04
Rolling 3 Months,2021-02-01,2021-04-30,13817,32828,"Orlando, FL metro area",0.6,258.0,245.0,48.0,7.0,81.95,266.0,100.76,44.9,160.42,2021-04
Rolling 3 Months,2021-02-01,2021-04-30,13821,32832,"Orlando, FL metro area",0.6,215.0,232.0,46.0,10.0,71.61,236.0,99.36,32.33,174.27,2021-04
Rolling 3 Months,2021-02-01,2021-04-30,13824,32835,"Orlando, FL metro area",1.3,227.0,223.0,97.0,33.0,46.52,273.0,98.14,17.94,145.56,2021-04
Rolling 3 Months,2021-02-01,2021-04-30,14733,34761,"Orlando, FL metro area",0.9,236.0,251.0,72.0,10.0,76.02,221.0,99.3,27.89,159.99,2021-04
Rolling 3 Months,2021-02-01,2021-04-30,14743,34786,"Orlando, FL metro area",0.9,345.0,369.0,114.0,20.0,59.45,402.0,98.34,23.58,187.64,2021-04
Rolling 3 Months,2021-02-01,2021-04-30,14744,34787,"Orlando, FL metro area",0.8,671.0,640.0,174.0,6.0,70.28,720.0,99.44,31.41,177.64,2021-04
Rolling 3 Months,2020-04-01,2020-06-30,13719,32703,"Orlando, FL metro area",2.1,262.0,204.0,140.0,12.0,51.21,248.0,97.95,23.53,144.4,2020-06
Rolling 3 Months,2020-04-01,2020-06-30,13726,32712,"Orlando, FL metro area",1.9,254.0,202.0,127.0,26.0,44.72,284.0,98.0,14.85,133.38,2020-06
Rolling 3 Months,2020-04-01,2020-06-30,13792,32801,"Orlando, FL metro area",4.4,92.0,64.0,93.0,40.0,24.72,89.0,96.99,3.13,240.13,2020-06
Rolling 3 Months,2020-04-01,2020-06-30,13794,32803,"Orlando, FL metro area",2.0,99.0,103.0,68.0,19.0,42.11,114.0,97.84,13.59,223.04,2020-06
Rolling 3 Months,2020-04-01,2020-06-30,13795,32804,"Orlando, FL metro area",2.7,132.0,123.0,109.0,18.0,40.3,134.0,96.77,13.01,220.65,2020-06
Rolling 3 Months,2020-04-01,2020-06-30,13796,32805,"Orlando, FL metro area",5.4,63.0,34.0,60.0,37.0,46.55,58.0,91.51,2.94,127.32,2020-06
Rolling 3 Months,2020-04-01,2020-06-30,13797,32806,"Orlando, FL metro area",2.4,160.0,127.0,101.0,14.0,45.83,168.0,97.92,14.96,199.29,2020-06
Rolling 3 Months,2020-04-01,2020-06-30,13798,32807,"Orlando, FL metro area",1.8,99.0,82.0,48.0,14.0,55.96,109.0,97.92,23.17,158.98,2020-06
Rolling 3 Months,2020-04-01,2020-06-30,13799,32808,"Orlando, FL metro area",2.9,158.0,133.0,126.0,32.0,36.51,189.0,97.76,14.29,127.7,2020-06
Rolling 3 Months,2020-04-01,2020-06-30,13801,32810,"Orlando, FL metro area",2.1,116.0,99.0,70.0,21.0,44.88,127.0,97.42,26.26,147.83,2020-06
Rolling 3 Months,2020-04-01,2020-06-30,13807,32817,"Orlando, FL metro area",1.8,91.0,75.0,45.0,10.0,54.55,88.0,98.49,21.33,162.58,2020-06
Rolling 3 Months,2020-04-01,2020-06-30,13809,32819,"Orlando, FL metro area",4.8,193.0,119.0,187.0,19.0,39.31,173.0,97.04,8.4,185.73,2020-06
Rolling 3 Months,2020-04-01,2020-06-30,13815,32826,"Orlando, FL metro area",1.2,88.0,84.0,32.0,13.0,52.63,95.0,98.36,19.05,150.93,2020-06
Rolling 3 Months,2020-04-01,2020-06-30,13816,32827,"Orlando, FL metro area",4.2,148.0,111.0,152.0,53.0,29.93,147.0,97.65,9.91,183.28,2020-06
Rolling 3 Months,2020-04-01,2020-06-30,13817,32828,"Orlando, FL metro area",1.1,291.0,267.0,100.0,13.0,56.97,330.0,98.91,25.47,149.28,2020-06
Rolling 3 Months,2020-04-01,2020-06-30,13821,32832,"Orlando, FL metro area",3.3,240.0,144.0,155.0,16.0,42.4,217.0,97.97,11.11,158.68,2020-06
Rolling 3 Months,2020-04-01,2020-06-30,13824,32835,"Orlando, FL metro area",4.3,190.0,123.0,174.0,28.0,31.58,190.0,97.0,11.38,145.28,2020-06
Rolling 3 Months,2020-04-01,2020-06-30,14733,34761,"Orlando, FL metro area",1.7,238.0,180.0,103.0,18.0,50.0,232.0,98.58,16.67,146.99,2020-06
Rolling 3 Months,2020-04-01,2020-06-30,14743,34786,"Orlando, FL metro area",5.9,299.0,161.0,312.0,37.0,34.24,257.0,96.92,10.56,176.1,2020-06
Rolling 3 Months,2020-04-01,2020-06-30,14744,34787,"Orlando, FL metro area",2.6,650.0,492.0,428.0,20.0,45.34,633.0,98.07,10.98,161.41,2020-06
Rolling 3 Months,2019-03-01,2019-05-31,13719,32703,"Orlando, FL metro area",2.1,283.0,249.0,169.0,20.0,45.36,302.0,97.53,15.26,135.71,2019-05
Rolling 3 Months,2019-03-01,2019-05-31,13726,32712,"Orlando, FL metro area",2.4,313.0,258.0,205.0,38.0,41.29,310.0,97.76,13.18,128.78,2019-05
Rolling 3 Months,2019-03-01,2019-05-31,13792,32801,"Orlando, FL metro area",5.4,115.0,71.0,125.0,33.0,32.56,86.0,96.34,2.82,233.96,2019-05
Rolling 3 Months,2019-03-01,2019-05-31,13794,32803,"Orlando, FL metro area",2.3,157.0,159.0,117.0,33.0,38.42,190.0,96.59,10.69,219.0,2019-05
Rolling 3 Months,2019-03-01,2019-05-31,13795,32804,"Orlando, FL metro area",3.2,184.0,145.0,152.0,42.0,37.74,159.0,96.23,8.97,208.39,2019-05
Rolling 3 Months,2019-03-01,2019-05-31,13796,32805,"Orlando, FL metro area",3.3,90.0,62.0,66.0,28.0,38.89,90.0,93.84,11.29,108.75,2019-05
Rolling 3 Months,2019-03-01,2019-05-31,13797,32806,"Orlando, FL metro area",2.3,197.0,150.0,114.0,28.0,46.49,185.0,97.63,13.33,183.88,2019-05
Rolling 3 Months,2019-03-01,2019-05-31,13798,32807,"Orlando, FL metro area",1.6,123.0,116.0,60.0,28.0,42.65,136.0,97.42,11.21,147.29,2019-05
Rolling 3 Months,2019-03-01,2019-05-31,13799,32808,"Orlando, FL metro area",2.2,242.0,210.0,148.0,26.0,39.62,260.0,97.03,20.0,105.15,2019-05
Rolling 3 Months,2019-03-01,2019-05-31,13801,32810,"Orlando, FL metro area",2.1,146.0,127.0,87.0,17.0,39.63,164.0,97.61,20.47,130.34,2019-05
Rolling 3 Months,2019-03-01,2019-05-31,13807,32817,"Orlando, FL metro area",1.7,142.0,119.0,66.0,20.0,49.32,146.0,98.34,29.41,156.66,2019-05
Rolling 3 Months,2019-03-01,2019-05-31,13809,32819,"Orlando, FL metro area",3.0,221.0,173.0,170.0,45.0,33.03,221.0,96.64,5.2,166.9,2019-05
Rolling 3 Months,2019-03-01,2019-05-31,13815,32826,"Orlando, FL metro area",1.7,105.0,94.0,51.0,21.0,48.25,114.0,97.61,12.77,142.24,2019-05
Rolling 3 Months,2019-03-01,2019-05-31,13816,32827,"Orlando, FL metro area",3.4,182.0,145.0,160.0,51.0,37.25,153.0,97.69,8.97,184.27,2019-05
Rolling 3 Months,2019-03-01,2019-05-31,13817,32828,"Orlando, FL metro area",2.7,445.0,306.0,265.0,24.0,45.15,392.0,98.43,12.09,141.84,2019-05
Rolling 3 Months,2019-03-01,2019-05-31,13821,32832,"Orlando, FL metro area",2.4,250.0,192.0,149.0,34.0,41.77,249.0,98.09,11.98,146.67,2019-05
Rolling 3 Months,2019-03-01,2019-05-31,13824,32835,"Orlando, FL metro area",2.5,282.0,214.0,176.0,22.0,38.81,286.0,96.94,13.55,139.11,2019-05
Rolling 3 Months,2019-03-01,2019-05-31,14733,34761,"Orlando, FL metro area",1.8,269.0,241.0,141.0,20.0,50.93,269.0,98.05,17.01,137.62,2019-05
Rolling 3 Months,2019-03-01,2019-05-31,14743,34786,"Orlando, FL metro area",3.5,393.0,311.0,352.0,44.0,33.24,364.0,97.02,6.43,161.18,2019-05
Rolling 3 Months,2019-03-01,2019-05-31,14744,34787,"Orlando, FL metro area",2.3,751.0,602.0,451.0,21.0,47.44,683.0,97.97,11.46,152.41,2019-05
Rolling 3 Months,2018-02-01,2018-04-30,13719,32703,"Orlando, FL metro area",1.9,280.0,224.0,143.0,23.0,50.87,289.0,97.18,24.11,126.43,2018-04
Rolling 3 Months,2018-02-01,2018-04-30,13726,32712,"Orlando, FL metro area",2.1,272.0,233.0,167.0,33.0,38.71,279.0,97.66,12.88,121.29,2018-04
Rolling 3 Months,2018-02-01,2018-04-30,13792,32801,"Orlando, FL metro area",4.3,105.0,67.0,98.0,46.0,35.79,95.0,96.83,5.97,250.43,2018-04
Rolling 3 Months,2018-02-01,2018-04-30,13794,32803,"Orlando, FL metro area",2.8,187.0,134.0,127.0,19.0,48.48,165.0,97.17,13.43,201.66,2018-04
Rolling 3 Months,2018-02-01,2018-04-30,13795,32804,"Orlando, FL metro area",3.0,201.0,136.0,137.0,28.0,49.7,165.0,97.51,15.44,190.08,2018-04
Rolling 3 Months,2018-02-01,2018-04-30,13796,32805,"Orlando, FL metro area",2.8,70.0,52.0,49.0,37.0,47.06,68.0,93.12,5.77,95.14,2018-04
Rolling 3 Months,2018-02-01,2018-04-30,13797,32806,"Orlando, FL metro area",2.6,204.0,159.0,140.0,39.0,38.42,190.0,96.41,15.72,170.03,2018-04
Rolling 3 Months,2018-02-01,2018-04-30,13798,32807,"Orlando, FL metro area",1.8,127.0,103.0,64.0,19.0,52.8,125.0,97.72,22.33,136.17,2018-04
Rolling 3 Months,2018-02-01,2018-04-30,13799,32808,"Orlando, FL metro area",2.3,213.0,179.0,136.0,22.0,45.79,214.0,95.97,18.99,95.2,2018-04
Rolling 3 Months,2018-02-01,2018-04-30,13801,32810,"Orlando, FL metro area",2.4,139.0,109.0,89.0,22.0,47.95,146.0,96.74,21.1,123.38,2018-04
Rolling 3 Months,2018-02-01,2018-04-30,13807,32817,"Orlando, FL metro area",1.5,122.0,103.0,52.0,15.0,53.17,126.0,97.86,20.39,141.54,2018-04
Rolling 3 Months,2018-02-01,2018-04-30,13809,32819,"Orlando, FL metro area",2.7,221.0,188.0,174.0,36.0,34.51,226.0,96.71,12.77,159.25,2018-04
Rolling 3 Months,2018-02-01,2018-04-30,13815,32826,"Orlando, FL metro area",1.6,87.0,70.0,37.0,24.0,54.35,92.0,97.02,10.0,131.46,2018-04
Rolling 3 Months,2018-02-01,2018-04-30,13816,32827,"Orlando, FL metro area",3.6,174.0,115.0,141.0,57.0,40.0,150.0,97.73,13.04,172.24,2018-04
Rolling 3 Months,2018-02-01,2018-04-30,13817,32828,"Orlando, FL metro area",1.8,349.0,242.0,145.0,13.0,56.69,344.0,97.88,12.4,136.15,2018-04
Rolling 3 Months,2018-02-01,2018-04-30,13821,32832,"Orlando, FL metro area",2.7,237.0,161.0,149.0,20.0,41.06,246.0,98.73,13.66,141.92,2018-04
Rolling 3 Months,2018-02-01,2018-04-30,13824,32835,"Orlando, FL metro area",2.5,249.0,200.0,167.0,35.0,37.94,253.0,97.01,14.0,123.19,2018-04
Rolling 3 Months,2018-02-01,2018-04-30,14733,34761,"Orlando, FL metro area",2.1,245.0,192.0,138.0,25.0,39.29,252.0,98.55,19.79,124.75,2018-04
Rolling 3 Months,2018-02-01,2018-04-30,14743,34786,"Orlando, FL metro area",3.8,420.0,283.0,364.0,48.0,32.44,373.0,96.81,9.19,151.07,2018-04
Rolling 3 Months,2018-02-01,2018-04-30,14744,34787,"Orlando, FL metro area",2.4,605.0,501.0,398.0,28.0,38.57,617.0,97.69,15.77,139.89,2018-04
Rolling 3 Months,2017-01-01,2017-03-31,13719,32703,"Orlando, FL metro area",3.0,226.0,146.0,144.0,42.0,41.86,215.0,97.52,19.86,107.19,2017-03
Rolling 3 Months,2017-01-01,2017-03-31,13726,32712,"Orlando, FL metro area",2.8,252.0,197.0,184.0,45.0,40.31,258.0,98.08,15.74,109.29,2017-03
Rolling 3 Months,2017-01-01,2017-03-31,13792,32801,"Orlando, FL metro area",6.0,107.0,71.0,143.0,57.0,22.09,86.0,96.1,9.86,201.46,2017-03
Rolling 3 Months,2017-01-01,2017-03-31,13794,32803,"Orlando, FL metro area",3.1,173.0,104.0,108.0,26.0,45.26,137.0,96.95,10.58,189.55,2017-03
Rolling 3 Months,2017-01-01,2017-03-31,13795,32804,"Orlando, FL metro area",3.9,171.0,118.0,152.0,51.0,32.26,155.0,95.25,7.63,178.26,2017-03
Rolling 3 Months,2017-01-01,2017-03-31,13796,32805,"Orlando, FL metro area",2.0,51.0,50.0,33.0,36.0,36.21,58.0,96.84,22.0,76.0,2017-03
Rolling 3 Months,2017-01-01,2017-03-31,13797,32806,"Orlando, FL metro area",3.1,202.0,154.0,157.0,42.0,32.31,195.0,96.5,12.99,152.62,2017-03
Rolling 3 Months,2017-01-01,2017-03-31,13798,32807,"Orlando, FL metro area",1.4,127.0,108.0,49.0,19.0,54.14,133.0,98.06,27.78,116.21,2017-03
Rolling 3 Months,2017-01-01,2017-03-31,13799,32808,"Orlando, FL metro area",2.7,206.0,158.0,144.0,34.0,32.14,196.0,96.46,28.48,77.14,2017-03
Rolling 3 Months,2017-01-01,2017-03-31,13801,32810,"Orlando, FL metro area",1.9,132.0,115.0,73.0,30.0,42.11,152.0,97.82,19.13,107.1,2017-03
Rolling 3 Months,2017-01-01,2017-03-31,13807,32817,"Orlando, FL metro area",2.0,127.0,103.0,70.0,33.0,42.74,124.0,97.05,25.24,124.64,2017-03
Rolling 3 Months,2017-01-01,2017-03-31,13809,32819,"Orlando, FL metro area",5.1,214.0,130.0,220.0,72.0,28.57,161.0,96.16,5.38,152.57,2017-03
Rolling 3 Months,2017-01-01,2017-03-31,13815,32826,"Orlando, FL metro area",1.7,89.0,67.0,38.0,31.0,50.52,97.0,97.63,14.93,119.39,2017-03
Rolling 3 Months,2017-01-01,2017-03-31,13816,32827,"Orlando, FL metro area",5.9,139.0,77.0,152.0,66.0,28.95,114.0,97.54,6.49,162.44,2017-03
Rolling 3 Months,2017-01-01,2017-03-31,13817,32828,"Orlando, FL metro area",1.9,297.0,244.0,152.0,40.0,42.02,326.0,98.28,15.57,123.94,2017-03
Rolling 3 Months,2017-01-01,2017-03-31,13821,32832,"Orlando, FL metro area",3.9,193.0,127.0,163.0,53.0,33.14,175.0,97.89,10.24,133.32,2017-03
Rolling 3 Months,2017-01-01,2017-03-31,13824,32835,"Orlando, FL metro area",3.1,277.0,213.0,222.0,44.0,32.21,267.0,96.53,9.39,109.56,2017-03
Rolling 3 Months,2017-01-01,2017-03-31,14733,34761,"Orlando, FL metro area",2.4,202.0,172.0,139.0,39.0,38.81,201.0,97.96,19.19,119.18,2017-03
Rolling 3 Months,2017-01-01,2017-03-31,14743,34786,"Orlando, FL metro area",5.8,391.0,261.0,504.0,94.0,19.09,330.0,96.41,6.51,144.96,2017-03
Rolling 3 Months,2017-01-01,2017-03-31,14744,34787,"Orlando, FL metro area",3.5,582.0,417.0,491.0,45.0,31.59,516.0,97.69,12.71,127.15,2017-03
Rolling 3 Months,2025-09-01,2025-11-30,13719,32703,"Orlando, FL metro area",3.2,217.0,218.0,233.0,52.0,20.5,239.0,98.03,4.13,213.15,2025-11
Rolling 3 Months,2025-09-01,2025-11-30,13726,32712,"Orlando, FL metro area",4.7,270.0,213.0,331.0,57.0,22.27,247.0,97.9,11.74,206.66,2025-11
Rolling 3 Months,2025-09-01,2025-11-30,13792,32801,"Orlando, FL metro area",10.7,75.0,41.0,145.0,88.0,14.0,50.0,94.85,2.44,262.94,2025-11
Rolling 3 Months,2025-09-01,2025-11-30,13794,32803,"Orlando, FL metro area",4.1,115.0,84.0,114.0,47.0,27.62,105.0,96.81,5.95,330.05,2025-11
Rolling 3 Months,2025-09-01,2025-11-30,13795,32804,"Orlando, FL metro area",3.6,106.0,100.0,120.0,65.0,33.66,101.0,96.24,7.0,340.52,2025-11
Rolling 3 Months,2025-09-01,2025-11-30,13796,32805,"Orlando, FL metro area",5.2,61.0,37.0,64.0,58.0,26.09,46.0,96.41,8.11,209.17,2025-11
Rolling 3 Months,2025-09-01,2025-11-30,13797,32806,"Orlando, FL metro area",4.1,121.0,97.0,130.0,43.0,30.58,121.0,97.9,17.53,294.78,2025-11
Rolling 3 Months,2025-09-01,2025-11-30,13798,32807,"Orlando, FL metro area",5.1,88.0,56.0,95.0,46.0,37.88,66.0,98.54,12.5,222.39,2025-11
Rolling 3 Months,2025-09-01,2025-11-30,13799,32808,"Orlando, FL metro area",4.4,136.0,110.0,158.0,59.0,21.95,123.0,95.89,16.36,199.67,2025-11
Rolling 3 Months,2025-09-01,2025-11-30,13801,32810,"Orlando, FL metro area",4.4,76.0,59.0,85.0,49.0,27.78,72.0,96.78,13.56,228.61,2025-11
Rolling 3 Months,2025-09-01,2025-11-30,13807,32817,"Orlando, FL metro area",2.3,65.0,75.0,58.0,54.0,25.33,75.0,97.5,8.0,244.14,2025-11
Rolling 3 Months,2025-09-01,2025-11-30,13809,32819,"Orlando, FL metro area",4.8,156.0,129.0,203.0,58.0,23.85,130.0,96.17,3.1,274.27,2025-11
Rolling 3 Months,2025-09-01,2025-11-30,13815,32826,"Orlando, FL metro area",3.8,44.0,34.0,43.0,42.0,15.38,39.0,97.43,8.82,237.33,2025-11
Rolling 3 Months,2025-09-01,2025-11-30,13816,32827,"Orlando, FL metro area",7.1,150.0,82.0,191.0,53.0,24.0,100.0,97.11,3.66,289.77,2025-11
Rolling 3 Months,2025-09-01,2025-11-30,13817,32828,"Orlando, FL metro area",3.6,155.0,112.0,134.0,40.0,29.55,132.0,97.62,8.93,223.22,2025-11
Rolling 3 Months,2025-09-01,2025-11-30,13821,32832,"Orlando, FL metro area",6.3,180.0,122.0,252.0,73.0,22.95,122.0,97.47,5.74,249.32,2025-11
Rolling 3 Months,2025-09-01,2025-11-30,13824,32835,"Orlando, FL metro area",7.2,137.0,98.0,233.0,55.0,18.1,116.0,95.5,3.06,192.54,2025-11
Rolling 3 Months,2025-09-01,2025-11-30,14733,34761,"Orlando, FL metro area",2.9,149.0,142.0,134.0,48.0,26.06,142.0,97.65,9.86,217.91,2025-11
Rolling 3 Months,2025-09-01,2025-11-30,14743,34786,"Orlando, FL metro area",4.4,181.0,160.0,233.0,49.0,25.34,146.0,96.0,3.75,286.52,2025-11
Rolling 3 Months,2025-09-01,2025-11-30,14744,34787,"Orlando, FL metro area",4.1,594.0,474.0,637.0,54.0,26.81,552.0,97.72,6.12,253.3,2025-11
Rolling 3 Months,2024-03-01,2024-05-31,13719,32703,"Orlando, FL metro area",3.4,255.0,177.0,195.0,27.0,36.41,217.0,98.44,16.38,218.61,2024-05
Rolling 3 Months,2024-03-01,2024-05-31,13726,32712,"Orlando, FL metro area",3.2,337.0,231.0,240.0,31.0,40.98,266.0,98.6,16.02,206.47,2024-05
Rolling 3 Months,2024-03-01,2024-05-31,13792,32801,"Orlando, FL metro area",5.2,118.0,71.0,120.0,42.0,30.77,78.0,97.36,5.63,324.35,2024-05
Rolling 3 Months,2024-03-01,2024-05-31,13794,32803,"Orlando, FL metro area",2.9,129.0,89.0,83.0,23.0,52.69,93.0,96.98,17.98,340.26,2024-05
Rolling 3 Months,2024-03-01,2024-05-31,13795,32804,"Orlando, FL metro area",2.9,134.0,109.0,103.0,18.0,43.12,109.0,97.47,18.35,330.98,2024-05
Rolling 3 Months,2024-03-01,2024-05-31,13796,32805,"Orlando, FL metro area",3.8,72.0,53.0,66.0,37.0,32.35,68.0,98.0,15.09,217.2,2024-05
Rolling 3 Months,2024-03-01,2024-05-31,13797,32806,"Orlando, FL metro area",3.2,165.0,129.0,135.0,35.0,37.91,153.0,98.22,13.18,286.02,2024-05
Rolling 3 Months,2024-03-01,2024-05-31,13798,32807,"Orlando, FL metro area",2.3,133.0,99.0,75.0,17.0,51.96,102.0,98.33,21.21,244.5,2024-05
Rolling 3 Months,2024-03-01,2024-05-31,13799,32808,"Orlando, FL metro area",3.2,160.0,121.0,125.0,40.0,27.21,147.0,96.59,10.74,183.61,2024-05
Rolling 3 Months,2024-03-01,2024-05-31,13801,32810,"Orlando, FL metro area",2.1,124.0,109.0,76.0,35.0,33.33,126.0,96.49,12.84,223.51,2024-05
Rolling 3 Months,2024-03-01,2024-05-31,13807,32817,"Orlando, FL metro area",2.1,90.0,77.0,52.0,18.0,43.59,78.0,98.31,27.27,258.68,2024-05
Rolling 3 Months,2024-03-01,2024-05-31,13809,32819,"Orlando, FL metro area",3.2,170.0,149.0,154.0,37.0,36.42,151.0,96.9,12.08,288.51,2024-05
Rolling 3 Months,2024-03-01,2024-05-31,13815,32826,"Orlando, FL metro area",2.0,75.0,56.0,36.0,35.0,40.0,75.0,97.55,10.71,232.63,2024-05
Rolling 3 Months,2024-03-01,2024-05-31,13816,32827,"Orlando, FL metro area",2.6,171.0,171.0,144.0,43.0,35.95,153.0,97.76,14.62,288.7,2024-05
Rolling 3 Months,2024-03-01,2024-05-31,13817,32828,"Orlando, FL metro area",2.1,208.0,168.0,117.0,19.0,50.57,176.0,98.51,18.45,239.64,2024-05
Rolling 3 Months,2024-03-01,2024-05-31,13821,32832,"Orlando, FL metro area",2.6,251.0,197.0,166.0,31.0,38.0,200.0,98.55,15.23,255.88,2024-05
Rolling 3 Months,2024-03-01,2024-05-31,13824,32835,"Orlando, FL metro area",3.6,236.0,155.0,181.0,28.0,34.54,194.0,97.62,10.32,217.51,2024-05
Rolling 3 Months,2024-03-01,2024-05-31,14733,34761,"Orlando, FL metro area",2.0,193.0,171.0,114.0,27.0,42.78,187.0,98.28,13.45,227.4,2024-05
Rolling 3 Months,2024-03-01,2024-05-31,14743,34786,"Orlando, FL metro area",3.7,246.0,182.0,219.0,25.0,38.73,204.0,97.01,11.54,273.02,2024-05
Rolling 3 Months,2024-03-01,2024-05-31,14744,34787,"Orlando, FL metro area",3.3,783.0,592.0,628.0,25.0,43.23,613.0,98.45,13.01,259.56,2024-05
Rolling 3 Months,2023-04-01,2023-06-30,13719,32703,"Orlando, FL metro area",1.6,176.0,164.0,88.0,16.0,50.0,188.0,98.7,28.05,212.33,2023-06
Rolling 3 Months,2023-04-01,2023-06-30,13726,32712,"Orlando, FL metro area",1.8,232.0,209.0,125.0,24.0,47.81,228.0,98.89,22.97,202.25,2023-06
Rolling 3 Months,2023-04-01,2023-06-30,13792,32801,"Orlando, FL metro area",2.9,106.0,69.0,66.0,17.0,49.44,89.0,96.98,17.39,306.42,2023-06
Rolling 3 Months,2023-04-01,2023-06-30,13794,32803,"Orlando, FL metro area",1.6,98.0,97.0,52.0,14.0,57.84,102.0,98.37,26.8,322.34,2023-06
Rolling 3 Months,2023-04-01,2023-06-30,13795,32804,"Orlando, FL metro area",1.5,110.0,108.0,55.0,13.0,60.61,99.0,99.02,28.7,308.31,2023-06
Rolling 3 Months,2023-04-01,2023-06-30,13796,32805,"Orlando, FL metro area",2.8,87.0,56.0,51.0,15.0,50.56,89.0,97.42,25.0,210.02,2023-06
Rolling 3 Months,2023-04-01,2023-06-30,13797,32806,"Orlando, FL metro area",1.9,147.0,118.0,75.0,14.0,52.11,142.0,97.87,25.42,278.3,2023-06
Rolling 3 Months,2023-04-01,2023-06-30,13798,32807,"Orlando, FL metro area",0.9,92.0,91.0,28.0,18.0,58.42,101.0,97.85,21.98,230.28,2023-06
Rolling 3 Months,2023-04-01,2023-06-30,13799,32808,"Orlando, FL metro area",2.1,158.0,128.0,90.0,21.0,50.3,169.0,99.03,28.91,197.55,2023-06
Rolling 3 Months,2023-04-01,2023-06-30,13801,32810,"Orlando, FL metro area",1.5,101.0,97.0,47.0,14.0,48.7,115.0,97.69,34.02,213.6,2023-06
Rolling 3 Months,2023-04-01,2023-06-30,13807,32817,"Orlando, FL metro area",1.2,83.0,76.0,30.0,13.0,56.98,86.0,99.61,35.53,243.88,2023-06
Rolling 3 Months,2023-04-01,2023-06-30,13809,32819,"Orlando, FL metro area",1.7,148.0,140.0,78.0,23.0,47.52,141.0,98.22,18.57,269.39,2023-06
Rolling 3 Months,2023-04-01,2023-06-30,13815,32826,"Orlando, FL metro area",0.9,59.0,58.0,18.0,9.0,70.69,58.0,99.72,39.66,234.36,2023-06
Rolling 3 Months,2023-04-01,2023-06-30,13816,32827,"Orlando, FL metro area",3.9,204.0,137.0,177.0,14.0,43.35,173.0,98.36,10.95,277.15,2023-06
Rolling 3 Months,2023-04-01,2023-06-30,13817,32828,"Orlando, FL metro area",1.3,200.0,182.0,80.0,14.0,56.35,197.0,99.24,30.22,226.26,2023-06
Rolling 3 Months,2023-04-01,2023-06-30,13821,32832,"Orlando, FL metro area",1.3,211.0,207.0,89.0,16.0,53.62,207.0,98.94,17.39,246.52,2023-06
Rolling 3 Months,2023-04-01,2023-06-30,13824,32835,"Orlando, FL metro area",1.6,201.0,179.0,96.0,21.0,50.0,206.0,98.17,21.23,205.22,2023-06
Rolling 3 Months,2023-04-01,2023-06-30,14733,34761,"Orlando, FL metro area",2.0,201.0,136.0,91.0,10.0,64.61,178.0,98.54,27.21,216.09,2023-06
Rolling 3 Months,2023-04-01,2023-06-30,14743,34786,"Orlando, FL metro area",1.8,248.0,226.0,135.0,20.0,48.43,223.0,97.75,21.24,281.41,2023-06
Rolling 3 Months,2023-04-01,2023-06-30,14744,34787,"Orlando, FL metro area",1.9,627.0,538.0,343.0,15.0,55.52,571.0,98.71,21.56,249.7,2023-06
Rolling 3 Months,2023-03-01,2023-05-31,13719,32703,"Orlando, FL metro area",1.5,183.0,163.0,81.0,19.0,52.04,196.0,98.4,23.93,209.05,2023-05
Rolling 3 Months,2023-03-01,2023-05-31,13726,32712,"Orlando, FL metro area",1.5,215.0,224.0,111.0,28.0,48.48,231.0,98.38,16.96,203.59,2023-05
Rolling 3 Months,2023-03-01,2023-05-31,13792,32801,"Orlando, FL metro area",3.0,98.0,65.0,63.0,17.0,47.44,78.0,97.76,18.46,299.74,2023-05
Rolling 3 Months,2023-03-01,2023-05-31,13794,32803,"Orlando, FL metro area",1.3,104.0,106.0,45.0,30.0,55.45,110.0,97.97,16.04,315.02,2023-05
Rolling 3 Months,2023-03-01,2023-05-31,13795,32804,"Orlando, FL metro area",1.4,107.0,109.0,51.0,21.0,54.95,111.0,98.48,21.1,301.85,2023-05
Rolling 3 Months,2023-03-01,2023-05-31,13796,32805,"Orlando, FL metro area",3.1,85.0,53.0,53.0,16.0,50.0,84.0,95.91,18.87,201.91,2023-05
Rolling 3 Months,2023-03-01,2023-05-31,13797,32806,"Orlando, FL metro area",1.8,128.0,115.0,67.0,15.0,51.91,131.0,97.6,22.61,275.0,2023-05
Rolling 3 Months,2023-03-01,2023-05-31,13798,32807,"Orlando, FL metro area",1.4,102.0,84.0,39.0,25.0,55.36,112.0,98.66,20.24,236.21,2023-05
Rolling 3 Months,2023-03-01,2023-05-31,13799,32808,"Orlando, FL metro area",1.7,156.0,163.0,90.0,27.0,50.56,180.0,98.07,24.54,197.51,2023-05
Rolling 3 Months,2023-03-01,2023-05-31,13801,32810,"Orlando, FL metro area",1.9,109.0,90.0,55.0,26.0,49.12,114.0,97.01,25.56,212.45,2023-05
Rolling 3 Months,2023-03-01,2023-05-31,13807,32817,"Orlando, FL metro area",1.2,85.0,82.0,32.0,10.0,60.87,92.0,99.47,26.83,245.07,2023-05
Rolling 3 Months,2023-03-01,2023-05-31,13809,32819,"Orlando, FL metro area",1.3,137.0,143.0,62.0,22.0,44.08,152.0,98.01,20.98,265.73,2023-05
Rolling 3 Months,2023-03-01,2023-05-31,13815,32826,"Orlando, FL metro area",0.8,50.0,65.0,17.0,13.0,66.07,56.0,99.29,30.77,222.68,2023-05
Rolling 3 Months,2023-03-01,2023-05-31,13816,32827,"Orlando, FL metro area",3.8,187.0,135.0,168.0,18.0,44.05,168.0,98.19,8.89,274.89,2023-05
Rolling 3 Months,2023-03-01,2023-05-31,13817,32828,"Orlando, FL metro area",1.2,202.0,174.0,68.0,18.0,57.49,207.0,99.17,18.39,224.09,2023-05
Rolling 3 Months,2023-03-01,2023-05-31,13821,32832,"Orlando, FL metro area",1.3,217.0,199.0,83.0,20.0,53.02,215.0,98.89,13.57,247.2,2023-05
Rolling 3 Months,2023-03-01,2023-05-31,13824,32835,"Orlando, FL metro area",1.8,193.0,171.0,98.0,28.0,48.8,209.0,97.49,17.54,205.1,2023-05
Rolling 3 Months,2023-03-01,2023-05-31,14733,34761,"Orlando, FL metro area",1.7,180.0,140.0,78.0,14.0,65.58,154.0,98.73,24.29,209.57,2023-05
Rolling 3 Months,2023-03-01,2023-05-31,14743,34786,"Orlando, FL metro area",1.8,233.0,208.0,120.0,24.0,49.37,237.0,97.76,18.27,282.04,2023-05
Rolling 3 Months,2023-03-01,2023-05-31,14744,34787,"Orlando, FL metro area",1.9,579.0,510.0,310.0,20.0,54.03,546.0,98.6,19.02,249.9,2023-05
Rolling 3 Months,2022-04-01,2022-06-30,13719,32703,"Orlando, FL metro area",1.4,245.0,188.0,89.0,8.0,66.1,236.0,101.22,56.38,210.85,2022-06
Rolling 3 Months,2022-04-01,2022-06-30,13726,32712,"Orlando, FL metro area",2.0,327.0,249.0,161.0,8.0,75.0,252.0,100.93,57.03,209.14,2022-06
Rolling 3 Months,2022-04-01,2022-06-30,13792,32801,"Orlando, FL metro area",1.6,117.0,94.0,49.0,10.0,60.0,105.0,98.44,29.79,320.89,2022-06
Rolling 3 Months,2022-04-01,2022-06-30,13794,32803,"Orlando, FL metro area",1.7,144.0,119.0,67.0,6.0,67.83,115.0,101.13,55.46,316.63,2022-06
Rolling 3 Months,2022-04-01,2022-06-30,13795,32804,"Orlando, FL metro area",2.2,149.0,105.0,76.0,8.0,62.81,121.0,101.43,48.57,307.6,2022-06
Rolling 3 Months,2022-04-01,2022-06-30,13796,32805,"Orlando, FL metro area",2.6,80.0,62.0,54.0,8.0,53.33,75.0,98.59,35.48,187.01,2022-06
Rolling 3 Months,2022-04-01,2022-06-30,13797,32806,"Orlando, FL metro area",1.4,202.0,177.0,80.0,7.0,71.68,173.0,100.72,49.72,262.41,2022-06
Rolling 3 Months,2022-04-01,2022-06-30,13798,32807,"Orlando, FL metro area",1.7,139.0,101.0,58.0,9.0,72.22,126.0,100.41,47.52,226.13,2022-06
Rolling 3 Months,2022-04-01,2022-06-30,13799,32808,"Orlando, FL metro area",1.7,209.0,167.0,94.0,12.0,62.05,195.0,100.5,55.09,188.46,2022-06
Rolling 3 Months,2022-04-01,2022-06-30,13801,32810,"Orlando, FL metro area",1.7,145.0,118.0,65.0,9.0,73.64,129.0,101.12,58.47,222.88,2022-06
Rolling 3 Months,2022-04-01,2022-06-30,13807,32817,"Orlando, FL metro area",1.0,105.0,89.0,30.0,6.0,78.02,91.0,101.93,56.18,239.82,2022-06
Rolling 3 Months,2022-04-01,2022-06-30,13809,32819,"Orlando, FL metro area",1.5,199.0,179.0,86.0,9.0,64.13,184.0,100.02,41.34,264.46,2022-06
Rolling 3 Months,2022-04-01,2022-06-30,13815,32826,"Orlando, FL metro area",1.6,105.0,77.0,40.0,5.0,78.02,91.0,103.26,72.73,229.83,2022-06
Rolling 3 Months,2022-04-01,2022-06-30,13816,32827,"Orlando, FL metro area",4.3,283.0,127.0,181.0,4.0,77.46,142.0,101.15,41.73,289.32,2022-06
Rolling 3 Months,2022-04-01,2022-06-30,13817,32828,"Orlando, FL metro area",1.3,356.0,275.0,115.0,6.0,79.86,293.0,103.36,69.45,228.92,2022-06
Rolling 3 Months,2022-04-01,2022-06-30,13821,32832,"Orlando, FL metro area",1.3,253.0,208.0,89.0,5.0,74.19,217.0,102.15,54.81,233.44,2022-06
Rolling 3 Months,2022-04-01,2022-06-30,13824,32835,"Orlando, FL metro area",1.6,324.0,242.0,127.0,8.0,70.04,267.0,101.82,52.89,203.03,2022-06
Rolling 3 Months,2022-04-01,2022-06-30,14733,34761,"Orlando, FL metro area",1.5,248.0,196.0,98.0,6.0,77.61,201.0,101.82,57.65,215.02,2022-06
Rolling 3 Months,2022-04-01,2022-06-30,14743,34786,"Orlando, FL metro area",2.1,309.0,225.0,157.0,7.0,69.96,233.0,100.78,47.56,262.86,2022-06
Rolling 3 Months,2022-04-01,2022-06-30,14744,34787,"Orlando, FL metro area",2.0,824.0,568.0,383.0,6.0,74.56,621.0,101.23,49.12,246.42,2022-06
Rolling 3 Months,2021-04-01,2021-06-30,13719,32703,"Orlando, FL metro area",0.8,266.0,251.0,70.0,6.0,74.72,269.0,100.04,45.82,166.24,2021-06
Rolling 3 Months,2021-04-01,2021-06-30,13726,32712,"Orlando, FL metro area",0.9,315.0,284.0,80.0,6.0,71.43,322.0,100.4,47.18,162.66,2021-06
Rolling 3 Months,2021-04-01,2021-06-30,13792,32801,"Orlando, FL metro area",1.8,153.0,143.0,86.0,30.0,36.36,154.0,97.74,13.29,267.05,2021-06
Rolling 3 Months,2021-04-01,2021-06-30,13794,32803,"Orlando, FL metro area",1.4,190.0,160.0,76.0,14.0,54.05,185.0,98.7,30.63,250.28,2021-06
Rolling 3 Months,2021-04-01,2021-06-30,13795,32804,"Orlando, FL metro area",1.5,165.0,156.0,75.0,16.0,53.9,154.0,98.89,25.0,254.54,2021-06
Rolling 3 Months,2021-04-01,2021-06-30,13796,32805,"Orlando, FL metro area",2.1,74.0,56.0,39.0,27.0,56.79,81.0,95.07,32.14,141.89,2021-06
Rolling 3 Months,2021-04-01,2021-06-30,13797,32806,"Orlando, FL metro area",1.4,211.0,182.0,84.0,14.0,59.31,204.0,98.85,25.27,229.77,2021-06
Rolling 3 Months,2021-04-01,2021-06-30,13798,32807,"Orlando, FL metro area",1.2,148.0,127.0,50.0,10.0,72.48,149.0,100.05,48.82,178.36,2021-06
Rolling 3 Months,2021-04-01,2021-06-30,13799,32808,"Orlando, FL metro area",1.6,205.0,154.0,79.0,15.0,65.64,195.0,98.32,35.71,136.44,2021-06
Rolling 3 Months,2021-04-01,2021-06-30,13801,32810,"Orlando, FL metro area",1.4,151.0,103.0,47.0,7.0,71.43,140.0,99.72,45.63,170.52,2021-06
Rolling 3 Months,2021-04-01,2021-06-30,13807,32817,"Orlando, FL metro area",0.7,128.0,123.0,29.0,5.0,80.65,124.0,100.97,53.66,189.2,2021-06
Rolling 3 Months,2021-04-01,2021-06-30,13809,32819,"Orlando, FL metro area",1.2,222.0,216.0,83.0,17.0,54.96,262.0,97.82,24.54,202.51,2021-06
Rolling 3 Months,2021-04-01,2021-06-30,13815,32826,"Orlando, FL metro area",0.8,102.0,92.0,24.0,6.0,82.47,97.0,100.47,59.78,174.87,2021-06
Rolling 3 Months,2021-04-01,2021-06-30,13816,32827,"Orlando, FL metro area",0.6,176.0,216.0,41.0,6.0,70.47,193.0,99.98,42.59,213.12,2021-06
Rolling 3 Months,2021-04-01,2021-06-30,13817,32828,"Orlando, FL metro area",0.6,327.0,302.0,56.0,6.0,83.84,328.0,102.16,66.56,173.31,2021-06
Rolling 3 Months,2021-04-01,2021-06-30,13821,32832,"Orlando, FL metro area",0.6,263.0,240.0,49.0,6.0,78.79,264.0,100.71,47.5,187.05,2021-06
Rolling 3 Months,2021-04-01,2021-06-30,13824,32835,"Orlando, FL metro area",1.2,278.0,249.0,99.0,16.0,54.84,310.0,98.62,31.33,148.53,2021-06
Rolling 3 Months,2021-04-01,2021-06-30,14733,34761,"Orlando, FL metro area",0.8,242.0,248.0,68.0,6.0,79.31,232.0,100.11,40.73,166.88,2021-06
Rolling 3 Months,2021-04-01,2021-06-30,14743,34786,"Orlando, FL metro area",0.9,392.0,389.0,116.0,9.0,67.97,409.0,99.45,38.3,209.27,2021-06
Rolling 3 Months,2021-04-01,2021-06-30,14744,34787,"Orlando, FL metro area",0.9,781.0,675.0,197.0,5.0,77.37,738.0,100.37,41.04,186.57,2021-06
Rolling 3 Months,2021-03-01,2021-05-31,13719,32703,"Orlando, FL metro area",0.9,264.0,244.0,71.0,7.0,74.81,266.0,99.51,36.89,159.91,2021-05
Rolling 3 Months,2021-03-01,2021-05-31,13726,32712,"Orlando, FL metro area",0.8,294.0,272.0,72.0,7.0,71.52,302.0,99.83,42.28,156.91,2021-05
Rolling 3 Months,2021-03-01,2021-05-31,13792,32801,"Orlando, FL metro area",2.0,150.0,148.0,96.0,50.0,31.37,153.0,97.51,6.08,248.7,2021-05
Rolling 3 Months,2021-03-01,2021-05-31,13794,32803,"Orlando, FL metro area",1.4,196.0,168.0,77.0,13.0,56.91,181.0,98.73,33.93,258.55,2021-05
Rolling 3 Months,2021-03-01,2021-05-31,13795,32804,"Orlando, FL metro area",1.2,166.0,171.0,68.0,20.0,52.0,175.0,98.61,21.64,246.13,2021-05
Rolling 3 Months,2021-03-01,2021-05-31,13796,32805,"Orlando, FL metro area",2.3,81.0,56.0,42.0,28.0,60.98,82.0,95.16,23.21,134.18,2021-05
Rolling 3 Months,2021-03-01,2021-05-31,13797,32806,"Orlando, FL metro area",1.0,197.0,185.0,62.0,14.0,55.98,209.0,98.76,22.16,226.42,2021-05
Rolling 3 Months,2021-03-01,2021-05-31,13798,32807,"Orlando, FL metro area",1.2,131.0,107.0,43.0,9.0,72.31,130.0,98.98,39.25,174.95,2021-05
Rolling 3 Months,2021-03-01,2021-05-31,13799,32808,"Orlando, FL metro area",1.2,182.0,171.0,65.0,14.0,61.31,199.0,98.62,23.98,132.99,2021-05
Rolling 3 Months,2021-03-01,2021-05-31,13801,32810,"Orlando, FL metro area",1.2,130.0,117.0,44.0,8.0,69.11,123.0,98.96,37.61,157.78,2021-05
Rolling 3 Months,2021-03-01,2021-05-31,13807,32817,"Orlando, FL metro area",0.6,116.0,112.0,21.0,5.0,79.66,118.0,100.55,54.46,186.87,2021-05
Rolling 3 Months,2021-03-01,2021-05-31,13809,32819,"Orlando, FL metro area",1.4,202.0,213.0,99.0,26.0,47.81,251.0,97.06,19.25,199.67,2021-05
Rolling 3 Months,2021-03-01,2021-05-31,13815,32826,"Orlando, FL metro area",0.8,95.0,84.0,21.0,6.0,78.79,99.0,99.49,48.81,174.95,2021-05
Rolling 3 Months,2021-03-01,2021-05-31,13816,32827,"Orlando, FL metro area",0.5,179.0,211.0,31.0,7.0,65.57,212.0,99.23,30.81,206.73,2021-05
Rolling 3 Months,2021-03-01,2021-05-31,13817,32828,"Orlando, FL metro area",0.5,303.0,265.0,47.0,6.0,86.0,300.0,101.49,56.6,166.41,2021-05
Rolling 3 Months,2021-03-01,2021-05-31,13821,32832,"Orlando, FL metro area",0.7,241.0,234.0,50.0,7.0,76.11,247.0,99.89,39.74,177.76,2021-05
Rolling 3 Months,2021-03-01,2021-05-31,13824,32835,"Orlando, FL metro area",1.2,263.0,250.0,95.0,28.0,53.29,304.0,98.47,27.2,146.15,2021-05
Rolling 3 Months,2021-03-01,2021-05-31,14733,34761,"Orlando, FL metro area",1.0,239.0,266.0,85.0,7.0,76.52,230.0,99.75,36.84,161.77,2021-05
Rolling 3 Months,2021-03-01,2021-05-31,14743,34786,"Orlando, FL metro area",0.9,392.0,385.0,119.0,11.0,66.27,415.0,98.87,29.87,194.9,2021-05
Rolling 3 Months,2021-03-01,2021-05-31,14744,34787,"Orlando, FL metro area",0.8,727.0,675.0,182.0,5.0,74.24,722.0,99.89,36.0,181.32,2021-05
Rolling 3 Months,2020-03-01,2020-05-31,13719,32703,"Orlando, FL metro area",2.0,254.0,216.0,143.0,20.0,53.75,240.0,97.39,20.83,142.95,2020-05
Rolling 3 Months,2020-03-01,2020-05-31,13726,32712,"Orlando, FL metro area",2.2,264.0,214.0,154.0,28.0,46.18,249.0,97.99,14.02,135.48,2020-05
Rolling 3 Months,2020-03-01,2020-05-31,13792,32801,"Orlando, FL metro area",4.9,98.0,67.0,106.0,35.0,34.21,76.0,96.57,1.49,238.95,2020-05
Rolling 3 Months,2020-03-01,2020-05-31,13794,32803,"Orlando, FL metro area",2.2,115.0,97.0,70.0,18.0,46.9,113.0,97.68,13.4,209.02,2020-05
Rolling 3 Months,2020-03-01,2020-05-31,13795,32804,"Orlando, FL metro area",2.6,145.0,116.0,97.0,19.0,45.11,133.0,96.83,13.79,222.37,2020-05
Rolling 3 Months,2020-03-01,2020-05-31,13796,32805,"Orlando, FL metro area",5.2,58.0,35.0,59.0,17.0,44.44,54.0,92.37,8.57,115.69,2020-05
Rolling 3 Months,2020-03-01,2020-05-31,13797,32806,"Orlando, FL metro area",2.4,174.0,137.0,109.0,14.0,52.74,146.0,97.73,13.14,198.35,2020-05
Rolling 3 Months,2020-03-01,2020-05-31,13798,32807,"Orlando, FL metro area",1.8,98.0,88.0,52.0,14.0,58.7,92.0,97.89,20.45,162.66,2020-05
Rolling 3 Months,2020-03-01,2020-05-31,13799,32808,"Orlando, FL metro area",2.8,160.0,144.0,130.0,34.0,40.63,192.0,97.45,15.97,120.63,2020-05
Rolling 3 Months,2020-03-01,2020-05-31,13801,32810,"Orlando, FL metro area",2.3,129.0,97.0,73.0,17.0,55.0,120.0,97.77,26.8,143.85,2020-05
Rolling 3 Months,2020-03-01,2020-05-31,13807,32817,"Orlando, FL metro area",1.9,95.0,71.0,44.0,9.0,60.24,83.0,98.58,22.54,155.68,2020-05
Rolling 3 Months,2020-03-01,2020-05-31,13809,32819,"Orlando, FL metro area",5.2,185.0,115.0,194.0,18.0,41.48,135.0,96.69,9.57,178.84,2020-05
Rolling 3 Months,2020-03-01,2020-05-31,13815,32826,"Orlando, FL metro area",1.2,89.0,72.0,28.0,16.0,56.44,101.0,98.22,23.61,154.61,2020-05
Rolling 3 Months,2020-03-01,2020-05-31,13816,32827,"Orlando, FL metro area",4.5,123.0,97.0,143.0,50.0,30.77,117.0,97.91,9.28,188.34,2020-05
Rolling 3 Months,2020-03-01,2020-05-31,13817,32828,"Orlando, FL metro area",1.5,280.0,240.0,115.0,15.0,54.93,304.0,98.65,24.17,149.46,2020-05
Rolling 3 Months,2020-03-01,2020-05-31,13821,32832,"Orlando, FL metro area",3.7,232.0,145.0,176.0,18.0,45.51,178.0,98.04,11.72,157.08,2020-05
Rolling 3 Months,2020-03-01,2020-05-31,13824,32835,"Orlando, FL metro area",3.9,201.0,142.0,179.0,29.0,37.02,181.0,96.94,10.56,140.02,2020-05
Rolling 3 Months,2020-03-01,2020-05-31,14733,34761,"Orlando, FL metro area",1.8,235.0,193.0,116.0,18.0,54.42,215.0,98.56,16.58,141.02,2020-05
Rolling 3 Months,2020-03-01,2020-05-31,14743,34786,"Orlando, FL metro area",4.9,286.0,195.0,310.0,27.0,36.77,223.0,97.3,10.77,176.09,2020-05
Rolling 3 Months,2020-03-01,2020-05-31,14744,34787,"Orlando, FL metro area",2.8,622.0,473.0,436.0,21.0,47.22,540.0,98.03,12.68,158.86,2020-05
Rolling 3 Months,2020-02-01,2020-04-30,13719,32703,"Orlando, FL metro area",2.0,242.0,202.0,135.0,22.0,51.59,252.0,97.4,15.84,140.83,2020-04
Rolling 3 Months,2020-02-01,2020-04-30,13726,32712,"Orlando, FL metro area",2.2,237.0,215.0,155.0,34.0,43.57,241.0,98.24,13.95,136.33,2020-04
Rolling 3 Months,2020-02-01,2020-04-30,13792,32801,"Orlando, FL metro area",4.2,105.0,77.0,108.0,37.0,41.56,77.0,96.47,0.0,237.74,2020-04
Rolling 3 Months,2020-02-01,2020-04-30,13794,32803,"Orlando, FL metro area",2.5,119.0,103.0,85.0,34.0,46.3,108.0,97.48,13.59,209.79,2020-04
Rolling 3 Months,2020-02-01,2020-04-30,13795,32804,"Orlando, FL metro area",3.0,153.0,120.0,118.0,26.0,47.58,124.0,97.42,18.33,222.24,2020-04
Rolling 3 Months,2020-02-01,2020-04-30,13796,32805,"Orlando, FL metro area",4.6,66.0,40.0,62.0,20.0,45.45,55.0,94.23,12.5,114.1,2020-04
Rolling 3 Months,2020-02-01,2020-04-30,13797,32806,"Orlando, FL metro area",2.3,174.0,133.0,104.0,19.0,54.36,149.0,97.38,15.04,196.01,2020-04
Rolling 3 Months,2020-02-01,2020-04-30,13798,32807,"Orlando, FL metro area",1.7,93.0,87.0,50.0,15.0,62.38,101.0,98.27,20.69,162.57,2020-04
Rolling 3 Months,2020-02-01,2020-04-30,13799,32808,"Orlando, FL metro area",2.3,168.0,155.0,121.0,34.0,35.29,221.0,96.59,14.84,119.59,2020-04
Rolling 3 Months,2020-02-01,2020-04-30,13801,32810,"Orlando, FL metro area",2.3,133.0,101.0,76.0,21.0,58.73,126.0,97.5,26.73,142.56,2020-04
Rolling 3 Months,2020-02-01,2020-04-30,13807,32817,"Orlando, FL metro area",1.9,85.0,71.0,46.0,8.0,56.96,79.0,98.87,25.35,154.33,2020-04
Rolling 3 Months,2020-02-01,2020-04-30,13809,32819,"Orlando, FL metro area",5.2,193.0,114.0,196.0,21.0,45.45,143.0,96.83,9.65,179.89,2020-04
Rolling 3 Months,2020-02-01,2020-04-30,13815,32826,"Orlando, FL metro area",1.8,89.0,58.0,35.0,17.0,66.67,81.0,97.64,24.14,155.15,2020-04
Rolling 3 Months,2020-02-01,2020-04-30,13816,32827,"Orlando, FL metro area",4.2,137.0,115.0,160.0,42.0,32.26,124.0,97.84,7.83,190.73,2020-04
Rolling 3 Months,2020-02-01,2020-04-30,13817,32828,"Orlando, FL metro area",1.7,279.0,231.0,129.0,18.0,54.68,267.0,98.56,21.21,149.5,2020-04
Rolling 3 Months,2020-02-01,2020-04-30,13821,32832,"Orlando, FL metro area",2.8,197.0,161.0,150.0,30.0,39.89,178.0,98.04,11.8,153.83,2020-04
Rolling 3 Months,2020-02-01,2020-04-30,13824,32835,"Orlando, FL metro area",3.6,214.0,150.0,180.0,28.0,40.22,184.0,97.29,12.67,137.03,2020-04
Rolling 3 Months,2020-02-01,2020-04-30,14733,34761,"Orlando, FL metro area",1.6,229.0,213.0,113.0,18.0,53.62,235.0,98.45,18.31,142.75,2020-04
Rolling 3 Months,2020-02-01,2020-04-30,14743,34786,"Orlando, FL metro area",3.9,291.0,234.0,305.0,37.0,40.42,240.0,97.01,10.68,176.09,2020-04
Rolling 3 Months,2020-02-01,2020-04-30,14744,34787,"Orlando, FL metro area",2.7,581.0,491.0,440.0,26.0,48.15,513.0,98.07,12.42,161.45,2020-04
Rolling 3 Months,2019-02-01,2019-04-30,13719,32703,"Orlando, FL metro area",2.4,262.0,216.0,174.0,27.0,40.61,293.0,97.97,13.89,132.47,2019-04
Rolling 3 Months,2019-02-01,2019-04-30,13726,32712,"Orlando, FL metro area",2.6,280.0,230.0,203.0,45.0,39.78,279.0,97.64,8.7,128.65,2019-04
Rolling 3 Months,2019-02-01,2019-04-30,13792,32801,"Orlando, FL metro area",4.9,115.0,69.0,115.0,55.0,32.14,84.0,96.77,4.35,247.82,2019-04
Rolling 3 Months,2019-02-01,2019-04-30,13794,32803,"Orlando, FL metro area",3.2,179.0,127.0,135.0,39.0,40.98,183.0,96.48,7.87,208.69,2019-04
Rolling 3 Months,2019-02-01,2019-04-30,13795,32804,"Orlando, FL metro area",3.2,180.0,128.0,139.0,43.0,37.79,172.0,96.61,9.38,205.47,2019-04
Rolling 3 Months,2019-02-01,2019-04-30,13796,32805,"Orlando, FL metro area",3.0,89.0,67.0,68.0,32.0,38.27,81.0,92.94,11.94,110.06,2019-04
Rolling 3 Months,2019-02-01,2019-04-30,13797,32806,"Orlando, FL metro area",2.4,165.0,142.0,115.0,37.0,41.51,159.0,96.42,7.75,181.69,2019-04
Rolling 3 Months,2019-02-01,2019-04-30,13798,32807,"Orlando, FL metro area",1.6,117.0,119.0,64.0,29.0,37.19,121.0,97.24,12.61,146.75,2019-04
Rolling 3 Months,2019-02-01,2019-04-30,13799,32808,"Orlando, FL metro area",2.2,245.0,203.0,150.0,36.0,36.25,251.0,96.5,17.24,105.07,2019-04
Rolling 3 Months,2019-02-01,2019-04-30,13801,32810,"Orlando, FL metro area",2.2,137.0,111.0,81.0,20.0,42.68,157.0,97.74,14.41,131.14,2019-04
Rolling 3 Months,2019-02-01,2019-04-30,13807,32817,"Orlando, FL metro area",1.8,131.0,107.0,66.0,26.0,50.38,133.0,99.21,28.97,153.85,2019-04
Rolling 3 Months,2019-02-01,2019-04-30,13809,32819,"Orlando, FL metro area",4.2,225.0,138.0,194.0,50.0,34.69,196.0,96.18,3.62,160.95,2019-04
Rolling 3 Months,2019-02-01,2019-04-30,13815,32826,"Orlando, FL metro area",1.5,94.0,83.0,43.0,19.0,46.15,104.0,97.79,10.84,140.4,2019-04
Rolling 3 Months,2019-02-01,2019-04-30,13816,32827,"Orlando, FL metro area",3.3,159.0,132.0,149.0,49.0,33.97,156.0,97.81,6.82,182.93,2019-04
Rolling 3 Months,2019-02-01,2019-04-30,13817,32828,"Orlando, FL metro area",2.9,385.0,251.0,248.0,31.0,41.81,354.0,98.25,11.55,141.33,2019-04
Rolling 3 Months,2019-02-01,2019-04-30,13821,32832,"Orlando, FL metro area",2.3,243.0,197.0,150.0,43.0,38.34,253.0,98.18,15.23,145.59,2019-04
Rolling 3 Months,2019-02-01,2019-04-30,13824,32835,"Orlando, FL metro area",2.5,270.0,210.0,174.0,30.0,39.16,263.0,97.02,13.33,136.81,2019-04
Rolling 3 Months,2019-02-01,2019-04-30,14733,34761,"Orlando, FL metro area",1.9,234.0,206.0,133.0,24.0,49.4,249.0,98.22,16.02,137.46,2019-04
Rolling 3 Months,2019-02-01,2019-04-30,14743,34786,"Orlando, FL metro area",3.8,358.0,272.0,351.0,59.0,32.17,345.0,96.87,6.25,158.2,2019-04
Rolling 3 Months,2019-02-01,2019-04-30,14744,34787,"Orlando, FL metro area",2.4,658.0,514.0,412.0,23.0,43.33,637.0,97.88,11.87,153.14,2019-04
Rolling 3 Months,2018-01-01,2018-03-31,13719,32703,"Orlando, FL metro area",2.1,241.0,193.0,132.0,32.0,45.76,271.0,96.64,20.21,125.0,2018-03
Rolling 3 Months,2018-01-01,2018-03-31,13726,32712,"Orlando, FL metro area",2.4,253.0,214.0,169.0,28.0,35.25,278.0,97.51,13.08,120.18,2018-03
Rolling 3 Months,2018-01-01,2018-03-31,13792,32801,"Orlando, FL metro area",3.8,102.0,72.0,92.0,49.0,36.59,82.0,96.77,6.94,241.8,2018-03
Rolling 3 Months,2018-01-01,2018-03-31,13794,32803,"Orlando, FL metro area",3.3,190.0,118.0,130.0,32.0,44.81,154.0,96.82,11.02,205.42,2018-03
Rolling 3 Months,2018-01-01,2018-03-31,13795,32804,"Orlando, FL metro area",3.0,172.0,122.0,123.0,60.0,39.87,153.0,97.1,12.3,190.32,2018-03
Rolling 3 Months,2018-01-01,2018-03-31,13796,32805,"Orlando, FL metro area",3.1,67.0,47.0,48.0,34.0,46.77,62.0,93.78,6.38,98.76,2018-03
Rolling 3 Months,2018-01-01,2018-03-31,13797,32806,"Orlando, FL metro area",2.9,180.0,132.0,127.0,47.0,34.18,196.0,96.01,9.85,168.17,2018-03
Rolling 3 Months,2018-01-01,2018-03-31,13798,32807,"Orlando, FL metro area",2.4,128.0,85.0,69.0,20.0,52.42,124.0,97.68,20.0,134.1,2018-03
Rolling 3 Months,2018-01-01,2018-03-31,13799,32808,"Orlando, FL metro area",2.3,205.0,170.0,130.0,23.0,38.6,215.0,96.15,17.65,91.62,2018-03
Rolling 3 Months,2018-01-01,2018-03-31,13801,32810,"Orlando, FL metro area",3.1,145.0,91.0,95.0,26.0,50.36,139.0,96.28,23.08,121.5,2018-03
Rolling 3 Months,2018-01-01,2018-03-31,13807,32817,"Orlando, FL metro area",1.8,116.0,97.0,57.0,24.0,50.4,125.0,97.92,17.53,142.93,2018-03
Rolling 3 Months,2018-01-01,2018-03-31,13809,32819,"Orlando, FL metro area",3.2,234.0,170.0,183.0,35.0,36.12,227.0,96.87,10.0,156.44,2018-03
Rolling 3 Months,2018-01-01,2018-03-31,13815,32826,"Orlando, FL metro area",1.7,74.0,64.0,37.0,22.0,42.17,83.0,97.29,14.06,131.46,2018-03
Rolling 3 Months,2018-01-01,2018-03-31,13816,32827,"Orlando, FL metro area",4.8,170.0,91.0,145.0,48.0,37.06,143.0,97.63,9.89,167.88,2018-03
Rolling 3 Months,2018-01-01,2018-03-31,13817,32828,"Orlando, FL metro area",2.1,308.0,202.0,142.0,21.0,50.34,298.0,98.05,12.87,135.7,2018-03
Rolling 3 Months,2018-01-01,2018-03-31,13821,32832,"Orlando, FL metro area",3.3,228.0,142.0,156.0,26.0,37.9,219.0,98.6,13.38,141.88,2018-03
Rolling 3 Months,2018-01-01,2018-03-31,13824,32835,"Orlando, FL metro area",2.8,263.0,193.0,177.0,38.0,36.86,236.0,96.91,11.92,118.89,2018-03
Rolling 3 Months,2018-01-01,2018-03-31,14733,34761,"Orlando, FL metro area",2.3,235.0,177.0,134.0,34.0,42.28,246.0,98.39,16.38,124.89,2018-03
Rolling 3 Months,2018-01-01,2018-03-31,14743,34786,"Orlando, FL metro area",4.6,378.0,234.0,358.0,61.0,28.31,332.0,96.94,6.41,152.19,2018-03
Rolling 3 Months,2018-01-01,2018-03-31,14744,34787,"Orlando, FL metro area",2.9,595.0,429.0,418.0,34.0,37.2,586.0,97.57,13.75,139.67,2018-03
Rolling 3 Months,2016-12-01,2017-02-28,13719,32703,"Orlando, FL metro area",2.7,178.0,172.0,157.0,41.0,33.53,173.0,97.88,22.09,107.29,2017-02
Rolling 3 Months,2016-12-01,2017-02-28,13726,32712,"Orlando, FL metro area",2.8,206.0,190.0,180.0,44.0,37.87,235.0,97.82,15.26,108.76,2017-02
Rolling 3 Months,2016-12-01,2017-02-28,13792,32801,"Orlando, FL metro area",5.9,99.0,74.0,145.0,63.0,22.08,77.0,96.23,10.81,222.58,2017-02
Rolling 3 Months,2016-12-01,2017-02-28,13794,32803,"Orlando, FL metro area",2.9,146.0,111.0,106.0,45.0,44.44,117.0,97.07,11.71,184.74,2017-02
Rolling 3 Months,2016-12-01,2017-02-28,13795,32804,"Orlando, FL metro area",4.3,139.0,105.0,149.0,55.0,27.27,132.0,96.05,7.62,177.7,2017-02
Rolling 3 Months,2016-12-01,2017-02-28,13796,32805,"Orlando, FL metro area",2.5,53.0,46.0,39.0,50.0,28.81,59.0,96.05,17.39,64.02,2017-02
Rolling 3 Months,2016-12-01,2017-02-28,13797,32806,"Orlando, FL metro area",3.1,170.0,145.0,150.0,47.0,33.14,172.0,96.23,11.03,159.04,2017-02
Rolling 3 Months,2016-12-01,2017-02-28,13798,32807,"Orlando, FL metro area",1.5,100.0,102.0,51.0,18.0,45.54,112.0,98.16,32.35,113.78,2017-02
Rolling 3 Months,2016-12-01,2017-02-28,13799,32808,"Orlando, FL metro area",3.0,194.0,151.0,149.0,31.0,31.25,192.0,97.45,27.15,78.23,2017-02
Rolling 3 Months,2016-12-01,2017-02-28,13801,32810,"Orlando, FL metro area",2.1,115.0,118.0,83.0,35.0,41.98,131.0,98.1,22.88,101.18,2017-02
Rolling 3 Months,2016-12-01,2017-02-28,13807,32817,"Orlando, FL metro area",2.2,92.0,84.0,61.0,26.0,32.38,105.0,97.21,20.24,123.56,2017-02
Rolling 3 Months,2016-12-01,2017-02-28,13809,32819,"Orlando, FL metro area",4.7,172.0,129.0,202.0,66.0,25.33,150.0,96.53,10.08,149.95,2017-02
Rolling 3 Months,2016-12-01,2017-02-28,13815,32826,"Orlando, FL metro area",1.8,70.0,70.0,42.0,42.0,43.9,82.0,97.06,15.71,119.49,2017-02
Rolling 3 Months,2016-12-01,2017-02-28,13816,32827,"Orlando, FL metro area",6.3,119.0,73.0,154.0,75.0,24.72,89.0,97.59,5.48,162.32,2017-02
Rolling 3 Months,2016-12-01,2017-02-28,13817,32828,"Orlando, FL metro area",2.1,232.0,204.0,144.0,40.0,36.8,269.0,98.52,15.2,122.03,2017-02
Rolling 3 Months,2016-12-01,2017-02-28,13821,32832,"Orlando, FL metro area",3.5,149.0,126.0,145.0,50.0,31.48,162.0,98.43,13.49,135.51,2017-02
Rolling 3 Months,2016-12-01,2017-02-28,13824,32835,"Orlando, FL metro area",3.6,235.0,187.0,226.0,44.0,30.08,246.0,97.1,12.3,106.95,2017-02
Rolling 3 Months,2016-12-01,2017-02-28,14733,34761,"Orlando, FL metro area",2.0,171.0,176.0,115.0,49.0,34.31,204.0,97.39,17.05,114.02,2017-02
Rolling 3 Months,2016-12-01,2017-02-28,14743,34786,"Orlando, FL metro area",6.2,326.0,233.0,483.0,88.0,16.78,298.0,96.73,8.15,142.33,2017-02
Rolling 3 Months,2016-12-01,2017-02-28,14744,34787,"Orlando, FL metro area",3.2,458.0,415.0,437.0,55.0,28.63,454.0,97.47,12.77,127.79,2017-02
Rolling 3 Months,2016-11-01,2017-01-31,13719,32703,"Orlando, FL metro area",2.2,165.0,188.0,137.0,38.0,33.52,182.0,98.27,23.4,107.7,2017-01
Rolling 3 Months,2016-11-01,2017-01-31,13726,32712,"Orlando, FL metro area",3.0,187.0,178.0,173.0,45.0,34.84,221.0,98.02,19.1,109.69,2017-01
Rolling 3 Months,2016-11-01,2017-01-31,13792,32801,"Orlando, FL metro area",6.4,100.0,68.0,142.0,80.0,22.89,83.0,96.35,11.76,216.26,2017-01
Rolling 3 Months,2016-11-01,2017-01-31,13794,32803,"Orlando, FL metro area",2.7,124.0,110.0,96.0,53.0,35.9,117.0,96.98,14.55,201.14,2017-01
Rolling 3 Months,2016-11-01,2017-01-31,13795,32804,"Orlando, FL metro area",4.5,123.0,99.0,145.0,59.0,23.48,115.0,96.56,13.13,180.26,2017-01
Rolling 3 Months,2016-11-01,2017-01-31,13796,32805,"Orlando, FL metro area",3.6,60.0,42.0,49.0,44.0,28.57,63.0,94.54,19.05,60.24,2017-01
Rolling 3 Months,2016-11-01,2017-01-31,13797,32806,"Orlando, FL metro area",3.4,159.0,136.0,150.0,49.0,31.48,162.0,96.23,11.03,159.04,2017-01
Rolling 3 Months,2016-11-01,2017-01-31,13798,32807,"Orlando, FL metro area",1.6,105.0,100.0,52.0,30.0,49.14,116.0,99.41,31.0,111.93,2017-01
Rolling 3 Months,2016-11-01,2017-01-31,13799,32808,"Orlando, FL metro area",2.8,190.0,163.0,150.0,42.0,31.22,189.0,97.34,23.31,76.91,2017-01
Rolling 3 Months,2016-11-01,2017-01-31,13801,32810,"Orlando, FL metro area",2.0,113.0,117.0,76.0,35.0,35.34,133.0,96.8,25.64,100.0,2017-01
Rolling 3 Months,2016-11-01,2017-01-31,13807,32817,"Orlando, FL metro area",2.6,102.0,82.0,70.0,25.0,37.04,108.0,97.07,17.07,121.24,2017-01
Rolling 3 Months,2016-11-01,2017-01-31,13809,32819,"Orlando, FL metro area",4.5,159.0,132.0,192.0,64.0,26.75,157.0,96.45,11.36,144.42,2017-01
Rolling 3 Months,2016-11-01,2017-01-31,13815,32826,"Orlando, FL metro area",2.1,57.0,61.0,41.0,47.0,35.82,67.0,96.69,13.11,121.44,2017-01
Rolling 3 Months,2016-11-01,2017-01-31,13816,32827,"Orlando, FL metro area",6.1,97.0,71.0,141.0,76.0,20.93,86.0,97.59,7.04,162.32,2017-01
Rolling 3 Months,2016-11-01,2017-01-31,13817,32828,"Orlando, FL metro area",2.2,199.0,211.0,152.0,39.0,32.23,242.0,98.22,14.22,118.77,2017-01
Rolling 3 Months,2016-11-01,2017-01-31,13821,32832,"Orlando, FL metro area",3.0,140.0,143.0,140.0,41.0,25.0,156.0,97.93,6.99,135.37,2017-01
Rolling 3 Months,2016-11-01,2017-01-31,13824,32835,"Orlando, FL metro area",4.2,229.0,173.0,236.0,47.0,29.15,223.0,97.24,10.98,107.61,2017-01
Rolling 3 Months,2016-11-01,2017-01-31,14733,34761,"Orlando, FL metro area",2.1,166.0,175.0,120.0,49.0,31.86,204.0,97.15,12.57,114.99,2017-01
Rolling 3 Months,2016-11-01,2017-01-31,14743,34786,"Orlando, FL metro area",6.0,289.0,237.0,466.0,96.0,15.87,271.0,96.72,7.17,144.48,2017-01
Rolling 3 Months,2016-11-01,2017-01-31,14744,34787,"Orlando, FL metro area",3.3,438.0,397.0,426.0,55.0,28.35,462.0,97.18,12.09,126.57,2017-01
Rolling 3 Months,2026-04-01,2026-06-30,13719,32703,"Orlando, FL metro area",2.8,300.0,250.0,228.0,41.0,28.26,276.0,98.65,13.2,213.22,2026-06
Rolling 3 Months,2026-04-01,2026-06-30,13726,32712,"Orlando, FL metro area",3.8,326.0,239.0,297.0,51.0,23.62,271.0,98.78,10.46,206.53,2026-06
Rolling 3 Months,2026-04-01,2026-06-30,13792,32801,"Orlando, FL metro area",7.3,83.0,53.0,128.0,62.0,31.48,54.0,96.76,5.66,313.32,2026-06
Rolling 3 Months,2026-04-01,2026-06-30,13794,32803,"Orlando, FL metro area",2.9,115.0,105.0,99.0,40.0,43.36,113.0,97.96,10.48,341.99,2026-06
Rolling 3 Months,2026-04-01,2026-06-30,13795,32804,"Orlando, FL metro area",2.9,136.0,121.0,114.0,39.0,39.1,133.0,96.74,7.44,336.3,2026-06
Rolling 3 Months,2026-04-01,2026-06-30,13796,32805,"Orlando, FL metro area",5.4,67.0,42.0,75.0,51.0,25.93,54.0,97.42,16.67,220.49,2026-06
Rolling 3 Months,2026-04-01,2026-06-30,13797,32806,"Orlando, FL metro area",3.1,162.0,123.0,126.0,18.0,45.83,144.0,97.55,17.07,285.47,2026-06
Rolling 3 Months,2026-04-01,2026-06-30,13798,32807,"Orlando, FL metro area",3.7,95.0,73.0,89.0,45.0,29.35,92.0,97.62,16.44,237.79,2026-06
Rolling 3 Months,2026-04-01,2026-06-30,13799,32808,"Orlando, FL metro area",4.6,151.0,107.0,163.0,50.0,28.26,138.0,97.24,18.69,195.63,2026-06
Rolling 3 Months,2026-04-01,2026-06-30,13801,32810,"Orlando, FL metro area",4.7,101.0,68.0,105.0,30.0,29.49,78.0,97.4,14.71,219.93,2026-06
Rolling 3 Months,2026-04-01,2026-06-30,13807,32817,"Orlando, FL metro area",2.5,95.0,71.0,59.0,19.0,51.72,87.0,98.71,18.31,246.0,2026-06
Rolling 3 Months,2026-04-01,2026-06-30,13809,32819,"Orlando, FL metro area",5.1,170.0,116.0,195.0,52.0,27.74,137.0,96.41,8.62,274.71,2026-06
Rolling 3 Months,2026-04-01,2026-06-30,13815,32826,"Orlando, FL metro area",2.6,77.0,47.0,41.0,24.0,39.39,66.0,97.93,14.89,254.32,2026-06
Rolling 3 Months,2026-04-01,2026-06-30,13816,32827,"Orlando, FL metro area",5.2,218.0,134.0,229.0,49.0,33.33,135.0,97.04,5.97,287.61,2026-06
Rolling 3 Months,2026-04-01,2026-06-30,13817,32828,"Orlando, FL metro area",3.4,246.0,164.0,182.0,28.0,35.56,180.0,98.25,12.2,224.11,2026-06
Rolling 3 Months,2026-04-01,2026-06-30,13821,32832,"Orlando, FL metro area",3.8,238.0,190.0,240.0,47.0,29.28,181.0,97.42,5.26,239.8,2026-06
Rolling 3 Months,2026-04-01,2026-06-30,13824,32835,"Orlando, FL metro area",6.1,207.0,121.0,242.0,44.0,28.79,132.0,96.44,4.96,210.21,2026-06
Rolling 3 Months,2026-04-01,2026-06-30,14733,34761,"Orlando, FL metro area",2.4,222.0,194.0,154.0,28.0,35.35,215.0,98.97,18.56,220.92,2026-06
Rolling 3 Months,2026-04-01,2026-06-30,14743,34786,"Orlando, FL metro area",3.7,265.0,205.0,248.0,33.0,34.82,224.0,96.45,7.8,297.27,2026-06
Rolling 3 Months,2026-04-01,2026-06-30,14744,34787,"Orlando, FL metro area",4.0,789.0,535.0,713.0,39.0,35.28,615.0,98.01,9.16,258.07,2026-06
Rolling 3 Months,2025-04-01,2025-06-30,13719,32703,"Orlando, FL metro area",2.8,311.0,278.0,259.0,45.0,30.39,306.0,98.64,8.63,214.42,2025-06
Rolling 3 Months,2025-04-01,2025-06-30,13726,32712,"Orlando, FL metro area",3.8,338.0,268.0,335.0,54.0,28.21,273.0,98.22,10.82,210.32,2025-06
Rolling 3 Months,2025-04-01,2025-06-30,13792,32801,"Orlando, FL metro area",7.6,119.0,63.0,158.0,41.0,20.25,79.0,94.91,1.59,279.17,2025-06
Rolling 3 Months,2025-04-01,2025-06-30,13794,32803,"Orlando, FL metro area",3.7,144.0,103.0,127.0,26.0,41.67,120.0,97.87,10.68,360.0,2025-06
Rolling 3 Months,2025-04-01,2025-06-30,13795,32804,"Orlando, FL metro area",3.9,170.0,115.0,147.0,23.0,37.88,132.0,97.92,13.91,338.94,2025-06
Rolling 3 Months,2025-04-01,2025-06-30,13796,32805,"Orlando, FL metro area",4.4,69.0,49.0,71.0,72.0,29.03,62.0,94.44,8.16,221.67,2025-06
Rolling 3 Months,2025-04-01,2025-06-30,13797,32806,"Orlando, FL metro area",4.3,155.0,112.0,157.0,47.0,26.77,127.0,96.84,8.04,280.04,2025-06
Rolling 3 Months,2025-04-01,2025-06-30,13798,32807,"Orlando, FL metro area",2.9,96.0,85.0,81.0,33.0,30.61,98.0,99.02,15.29,250.87,2025-06
Rolling 3 Months,2025-04-01,2025-06-30,13799,32808,"Orlando, FL metro area",4.7,188.0,124.0,191.0,54.0,28.27,191.0,97.74,16.94,193.21,2025-06
Rolling 3 Months,2025-04-01,2025-06-30,13801,32810,"Orlando, FL metro area",3.5,102.0,84.0,98.0,39.0,30.93,97.0,95.08,9.52,217.95,2025-06
Rolling 3 Months,2025-04-01,2025-06-30,13807,32817,"Orlando, FL metro area",3.6,114.0,73.0,87.0,33.0,42.86,91.0,96.41,10.96,250.0,2025-06
Rolling 3 Months,2025-04-01,2025-06-30,13809,32819,"Orlando, FL metro area",6.8,199.0,106.0,239.0,44.0,30.91,110.0,95.47,2.83,288.41,2025-06
Rolling 3 Months,2025-04-01,2025-06-30,13815,32826,"Orlando, FL metro area",3.1,70.0,52.0,53.0,33.0,34.55,55.0,97.8,15.38,242.2,2025-06
Rolling 3 Months,2025-04-01,2025-06-30,13816,32827,"Orlando, FL metro area",5.4,205.0,123.0,220.0,50.0,26.76,142.0,97.02,8.94,290.12,2025-06
Rolling 3 Months,2025-04-01,2025-06-30,13817,32828,"Orlando, FL metro area",2.9,217.0,171.0,161.0,27.0,33.52,182.0,98.55,12.87,231.68,2025-06
Rolling 3 Months,2025-04-01,2025-06-30,13821,32832,"Orlando, FL metro area",4.1,258.0,192.0,259.0,42.0,32.22,180.0,98.18,6.25,252.36,2025-06
Rolling 3 Months,2025-04-01,2025-06-30,13824,32835,"Orlando, FL metro area",8.0,234.0,115.0,305.0,43.0,26.09,138.0,97.4,6.96,220.6,2025-06
Rolling 3 Months,2025-04-01,2025-06-30,14733,34761,"Orlando, FL metro area",2.6,204.0,187.0,159.0,43.0,33.16,190.0,98.24,9.63,223.22,2025-06
Rolling 3 Months,2025-04-01,2025-06-30,14743,34786,"Orlando, FL metro area",4.2,278.0,196.0,269.0,45.0,28.85,208.0,95.98,3.57,280.23,2025-06
Rolling 3 Months,2025-04-01,2025-06-30,14744,34787,"Orlando, FL metro area",4.2,701.0,521.0,721.0,43.0,28.25,531.0,97.6,9.98,257.58,2025-06
Rolling 3 Months,2024-04-01,2024-06-30,13719,32703,"Orlando, FL metro area",3.3,261.0,180.0,195.0,29.0,32.31,229.0,98.28,17.22,221.38,2024-06
Rolling 3 Months,2024-04-01,2024-06-30,13726,32712,"Orlando, FL metro area",3.1,346.0,254.0,261.0,29.0,34.32,271.0,98.58,13.39,206.41,2024-06
Rolling 3 Months,2024-04-01,2024-06-30,13792,32801,"Orlando, FL metro area",5.3,118.0,73.0,127.0,40.0,25.27,91.0,97.34,4.11,317.69,2024-06
Rolling 3 Months,2024-04-01,2024-06-30,13794,32803,"Orlando, FL metro area",2.9,129.0,87.0,83.0,21.0,55.81,86.0,97.4,21.84,329.41,2024-06
Rolling 3 Months,2024-04-01,2024-06-30,13795,32804,"Orlando, FL metro area",2.5,129.0,110.0,89.0,17.0,43.97,116.0,97.4,17.27,336.9,2024-06
Rolling 3 Months,2024-04-01,2024-06-30,13796,32805,"Orlando, FL metro area",3.0,68.0,55.0,55.0,20.0,30.67,75.0,97.71,12.73,204.17,2024-06
Rolling 3 Months,2024-04-01,2024-06-30,13797,32806,"Orlando, FL metro area",3.2,175.0,130.0,136.0,27.0,41.78,146.0,98.13,15.38,286.43,2024-06
Rolling 3 Months,2024-04-01,2024-06-30,13798,32807,"Orlando, FL metro area",2.2,129.0,96.0,71.0,15.0,52.0,100.0,98.19,22.92,251.09,2024-06
Rolling 3 Months,2024-04-01,2024-06-30,13799,32808,"Orlando, FL metro area",3.0,150.0,118.0,118.0,43.0,25.48,157.0,96.52,14.41,183.09,2024-06
Rolling 3 Months,2024-04-01,2024-06-30,13801,32810,"Orlando, FL metro area",2.2,111.0,97.0,71.0,30.0,34.26,108.0,97.1,16.49,236.57,2024-06
Rolling 3 Months,2024-04-01,2024-06-30,13807,32817,"Orlando, FL metro area",2.3,93.0,70.0,52.0,19.0,44.87,78.0,97.75,24.29,259.53,2024-06
Rolling 3 Months,2024-04-01,2024-06-30,13809,32819,"Orlando, FL metro area",3.6,165.0,133.0,159.0,36.0,36.88,141.0,96.88,9.02,293.02,2024-06
Rolling 3 Months,2024-04-01,2024-06-30,13815,32826,"Orlando, FL metro area",2.3,89.0,69.0,52.0,28.0,46.91,81.0,98.45,15.94,226.42,2024-06
Rolling 3 Months,2024-04-01,2024-06-30,13816,32827,"Orlando, FL metro area",2.5,193.0,187.0,154.0,47.0,41.5,147.0,97.96,19.25,288.14,2024-06
Rolling 3 Months,2024-04-01,2024-06-30,13817,32828,"Orlando, FL metro area",2.7,240.0,159.0,143.0,16.0,48.31,178.0,98.67,20.13,236.63,2024-06
Rolling 3 Months,2024-04-01,2024-06-30,13821,32832,"Orlando, FL metro area",3.0,239.0,188.0,185.0,27.0,35.68,185.0,98.81,16.49,259.81,2024-06
Rolling 3 Months,2024-04-01,2024-06-30,13824,32835,"Orlando, FL metro area",3.4,223.0,165.0,184.0,28.0,31.28,179.0,97.25,7.88,217.02,2024-06
Rolling 3 Months,2024-04-01,2024-06-30,14733,34761,"Orlando, FL metro area",2.2,197.0,163.0,120.0,20.0,45.83,168.0,98.24,15.34,235.21,2024-06
Rolling 3 Months,2024-04-01,2024-06-30,14743,34786,"Orlando, FL metro area",3.4,246.0,190.0,214.0,28.0,37.04,216.0,97.34,10.53,283.36,2024-06
Rolling 3 Months,2024-04-01,2024-06-30,14744,34787,"Orlando, FL metro area",3.6,807.0,574.0,676.0,22.0,41.6,613.0,98.46,12.54,259.61,2024-06
Rolling 3 Months,2023-01-01,2023-03-31,13719,32703,"Orlando, FL metro area",1.8,159.0,139.0,82.0,35.0,45.0,180.0,97.52,14.39,204.88,2023-03
Rolling 3 Months,2023-01-01,2023-03-31,13726,32712,"Orlando, FL metro area",2.2,205.0,167.0,125.0,49.0,36.36,242.0,97.81,10.78,201.47,2023-03
Rolling 3 Months,2023-01-01,2023-03-31,13792,32801,"Orlando, FL metro area",2.4,73.0,58.0,46.0,27.0,35.21,71.0,97.6,13.79,306.16,2023-03
Rolling 3 Months,2023-01-01,2023-03-31,13794,32803,"Orlando, FL metro area",1.8,99.0,90.0,55.0,40.0,39.64,111.0,97.26,11.11,300.78,2023-03
Rolling 3 Months,2023-01-01,2023-03-31,13795,32804,"Orlando, FL metro area",2.0,91.0,80.0,54.0,48.0,38.14,118.0,96.85,15.0,280.22,2023-03
Rolling 3 Months,2023-01-01,2023-03-31,13796,32805,"Orlando, FL metro area",4.5,63.0,33.0,49.0,24.0,38.33,60.0,93.7,18.18,199.56,2023-03
Rolling 3 Months,2023-01-01,2023-03-31,13797,32806,"Orlando, FL metro area",1.8,125.0,113.0,66.0,41.0,45.86,133.0,96.85,14.16,266.2,2023-03
Rolling 3 Months,2023-01-01,2023-03-31,13798,32807,"Orlando, FL metro area",1.6,83.0,74.0,39.0,36.0,42.27,97.0,97.62,12.16,227.92,2023-03
Rolling 3 Months,2023-01-01,2023-03-31,13799,32808,"Orlando, FL metro area",1.6,150.0,147.0,79.0,43.0,36.41,206.0,97.36,17.01,184.7,2023-03
Rolling 3 Months,2023-01-01,2023-03-31,13801,32810,"Orlando, FL metro area",2.3,98.0,77.0,60.0,37.0,40.63,96.0,97.29,15.58,205.48,2023-03
Rolling 3 Months,2023-01-01,2023-03-31,13807,32817,"Orlando, FL metro area",1.4,85.0,73.0,35.0,19.0,54.08,98.0,97.24,19.18,234.28,2023-03
Rolling 3 Months,2023-01-01,2023-03-31,13809,32819,"Orlando, FL metro area",1.8,124.0,120.0,70.0,47.0,38.13,160.0,96.53,10.83,258.34,2023-03
Rolling 3 Months,2023-01-01,2023-03-31,13815,32826,"Orlando, FL metro area",1.0,46.0,53.0,17.0,34.0,39.13,69.0,97.12,16.98,209.78,2023-03
Rolling 3 Months,2023-01-01,2023-03-31,13816,32827,"Orlando, FL metro area",5.3,168.0,94.0,165.0,27.0,37.93,145.0,97.63,5.32,270.36,2023-03
Rolling 3 Months,2023-01-01,2023-03-31,13817,32828,"Orlando, FL metro area",1.6,180.0,141.0,76.0,28.0,46.88,192.0,98.81,12.06,225.33,2023-03
Rolling 3 Months,2023-01-01,2023-03-31,13821,32832,"Orlando, FL metro area",1.8,194.0,152.0,93.0,18.0,45.69,197.0,98.48,7.89,248.01,2023-03
Rolling 3 Months,2023-01-01,2023-03-31,13824,32835,"Orlando, FL metro area",2.2,166.0,134.0,97.0,33.0,40.1,192.0,97.02,11.19,204.76,2023-03
Rolling 3 Months,2023-01-01,2023-03-31,14733,34761,"Orlando, FL metro area",1.3,133.0,114.0,50.0,39.0,45.83,144.0,98.03,12.28,214.72,2023-03
Rolling 3 Months,2023-01-01,2023-03-31,14743,34786,"Orlando, FL metro area",2.8,191.0,136.0,128.0,43.0,42.56,195.0,96.71,13.24,268.71,2023-03
Rolling 3 Months,2023-01-01,2023-03-31,14744,34787,"Orlando, FL metro area",2.4,487.0,387.0,306.0,27.0,40.52,538.0,98.35,14.73,248.6,2023-03
Rolling 3 Months,2022-01-01,2022-03-31,13719,32703,"Orlando, FL metro area",1.4,177.0,149.0,70.0,11.0,64.89,188.0,100.26,49.66,191.03,2022-03
Rolling 3 Months,2022-01-01,2022-03-31,13726,32712,"Orlando, FL metro area",0.8,274.0,230.0,64.0,8.0,65.64,291.0,100.58,45.22,187.48,2022-03
Rolling 3 Months,2022-01-01,2022-03-31,13792,32801,"Orlando, FL metro area",1.1,110.0,115.0,41.0,16.0,54.47,123.0,99.36,31.3,286.09,2022-03
Rolling 3 Months,2022-01-01,2022-03-31,13794,32803,"Orlando, FL metro area",1.0,122.0,121.0,42.0,22.0,62.88,132.0,99.07,33.88,301.56,2022-03
Rolling 3 Months,2022-01-01,2022-03-31,13795,32804,"Orlando, FL metro area",1.3,124.0,119.0,52.0,17.0,55.8,138.0,99.0,36.97,287.75,2022-03
Rolling 3 Months,2022-01-01,2022-03-31,13796,32805,"Orlando, FL metro area",1.4,79.0,80.0,37.0,22.0,59.79,97.0,99.02,32.5,175.84,2022-03
Rolling 3 Months,2022-01-01,2022-03-31,13797,32806,"Orlando, FL metro area",0.9,169.0,158.0,45.0,14.0,63.39,183.0,99.45,29.11,254.39,2022-03
Rolling 3 Months,2022-01-01,2022-03-31,13798,32807,"Orlando, FL metro area",1.0,111.0,91.0,29.0,7.0,68.07,119.0,100.39,43.96,209.48,2022-03
Rolling 3 Months,2022-01-01,2022-03-31,13799,32808,"Orlando, FL metro area",1.2,190.0,169.0,65.0,12.0,62.15,214.0,99.74,45.56,176.37,2022-03
Rolling 3 Months,2022-01-01,2022-03-31,13801,32810,"Orlando, FL metro area",1.0,123.0,113.0,37.0,13.0,59.44,143.0,99.85,45.13,189.39,2022-03
Rolling 3 Months,2022-01-01,2022-03-31,13807,32817,"Orlando, FL metro area",0.6,96.0,91.0,17.0,8.0,71.58,95.0,101.11,54.95,221.11,2022-03
Rolling 3 Months,2022-01-01,2022-03-31,13809,32819,"Orlando, FL metro area",1.0,229.0,201.0,66.0,10.0,67.1,231.0,99.37,38.31,238.68,2022-03
Rolling 3 Months,2022-01-01,2022-03-31,13815,32826,"Orlando, FL metro area",1.0,72.0,54.0,18.0,7.0,73.53,68.0,102.04,53.7,211.53,2022-03
Rolling 3 Months,2022-01-01,2022-03-31,13816,32827,"Orlando, FL metro area",0.9,128.0,111.0,32.0,5.0,79.34,121.0,101.83,48.65,259.26,2022-03
Rolling 3 Months,2022-01-01,2022-03-31,13817,32828,"Orlando, FL metro area",0.6,228.0,186.0,39.0,6.0,73.64,239.0,102.99,60.22,205.23,2022-03
Rolling 3 Months,2022-01-01,2022-03-31,13821,32832,"Orlando, FL metro area",0.8,181.0,163.0,41.0,5.0,77.33,172.0,101.35,44.79,216.78,2022-03
Rolling 3 Months,2022-01-01,2022-03-31,13824,32835,"Orlando, FL metro area",1.0,228.0,216.0,75.0,13.0,65.02,243.0,100.24,45.83,181.96,2022-03
Rolling 3 Months,2022-01-01,2022-03-31,14733,34761,"Orlando, FL metro area",0.7,176.0,165.0,36.0,11.0,68.27,208.0,100.68,46.67,198.41,2022-03
Rolling 3 Months,2022-01-01,2022-03-31,14743,34786,"Orlando, FL metro area",1.2,242.0,203.0,83.0,7.0,69.1,233.0,100.71,47.29,246.11,2022-03
Rolling 3 Months,2022-01-01,2022-03-31,14744,34787,"Orlando, FL metro area",1.1,598.0,490.0,183.0,7.0,75.0,560.0,100.59,45.92,229.8,2022-03
Rolling 3 Months,2021-12-01,2022-02-28,13719,32703,"Orlando, FL metro area",0.9,148.0,178.0,56.0,10.0,60.23,171.0,99.75,43.26,185.58,2022-02
Rolling 3 Months,2021-12-01,2022-02-28,13726,32712,"Orlando, FL metro area",1.1,265.0,223.0,84.0,10.0,64.06,281.0,99.8,34.53,183.33,2022-02
Rolling 3 Months,2021-12-01,2022-02-28,13792,32801,"Orlando, FL metro area",1.0,98.0,117.0,39.0,23.0,48.84,129.0,98.64,24.79,273.69,2022-02
Rolling 3 Months,2021-12-01,2022-02-28,13794,32803,"Orlando, FL metro area",0.9,105.0,131.0,40.0,26.0,50.4,125.0,98.34,24.43,282.99,2022-02
Rolling 3 Months,2021-12-01,2022-02-28,13795,32804,"Orlando, FL metro area",1.1,107.0,128.0,45.0,31.0,48.57,140.0,97.68,24.22,268.56,2022-02
Rolling 3 Months,2021-12-01,2022-02-28,13796,32805,"Orlando, FL metro area",1.8,76.0,63.0,37.0,20.0,52.87,87.0,97.33,34.92,172.29,2022-02
Rolling 3 Months,2021-12-01,2022-02-28,13797,32806,"Orlando, FL metro area",0.8,149.0,172.0,45.0,20.0,55.29,170.0,99.24,23.26,243.3,2022-02
Rolling 3 Months,2021-12-01,2022-02-28,13798,32807,"Orlando, FL metro area",1.0,100.0,90.0,31.0,7.0,64.15,106.0,100.39,43.33,209.61,2022-02
Rolling 3 Months,2021-12-01,2022-02-28,13799,32808,"Orlando, FL metro area",1.5,175.0,158.0,79.0,13.0,56.41,195.0,99.4,43.67,167.83,2022-02
Rolling 3 Months,2021-12-01,2022-02-28,13801,32810,"Orlando, FL metro area",1.1,115.0,116.0,41.0,14.0,59.84,127.0,99.78,39.66,185.88,2022-02
Rolling 3 Months,2021-12-01,2022-02-28,13807,32817,"Orlando, FL metro area",0.5,90.0,79.0,14.0,11.0,63.64,88.0,99.83,44.3,212.22,2022-02
Rolling 3 Months,2021-12-01,2022-02-28,13809,32819,"Orlando, FL metro area",1.0,184.0,182.0,60.0,12.0,60.68,206.0,99.03,35.71,228.62,2022-02
Rolling 3 Months,2021-12-01,2022-02-28,13815,32826,"Orlando, FL metro area",0.9,61.0,65.0,20.0,8.0,71.7,53.0,101.12,47.69,205.9,2022-02
Rolling 3 Months,2021-12-01,2022-02-28,13816,32827,"Orlando, FL metro area",0.6,108.0,124.0,25.0,6.0,73.55,121.0,101.41,43.55,247.84,2022-02
Rolling 3 Months,2021-12-01,2022-02-28,13817,32828,"Orlando, FL metro area",0.7,204.0,174.0,40.0,7.0,72.99,211.0,102.16,52.3,196.55,2022-02
Rolling 3 Months,2021-12-01,2022-02-28,13821,32832,"Orlando, FL metro area",0.4,151.0,171.0,25.0,7.0,72.84,162.0,100.66,42.11,208.64,2022-02
Rolling 3 Months,2021-12-01,2022-02-28,13824,32835,"Orlando, FL metro area",0.9,203.0,229.0,65.0,14.0,58.3,223.0,99.72,41.05,181.14,2022-02
Rolling 3 Months,2021-12-01,2022-02-28,14733,34761,"Orlando, FL metro area",0.7,150.0,157.0,38.0,12.0,62.15,177.0,100.47,45.86,192.69,2022-02
Rolling 3 Months,2021-12-01,2022-02-28,14743,34786,"Orlando, FL metro area",1.2,203.0,203.0,79.0,8.0,65.99,197.0,100.28,45.81,233.93,2022-02
Rolling 3 Months,2021-12-01,2022-02-28,14744,34787,"Orlando, FL metro area",1.0,506.0,489.0,155.0,8.0,69.25,517.0,100.34,41.31,219.56,2022-02
Rolling 3 Months,2021-01-01,2021-03-31,13719,32703,"Orlando, FL metro area",0.9,232.0,196.0,57.0,12.0,65.34,251.0,98.27,25.51,154.57,2021-03
Rolling 3 Months,2021-01-01,2021-03-31,13726,32712,"Orlando, FL metro area",1.0,236.0,224.0,76.0,10.0,60.31,262.0,99.1,29.46,148.91,2021-03
Rolling 3 Months,2021-01-01,2021-03-31,13792,32801,"Orlando, FL metro area",2.7,129.0,108.0,96.0,62.0,26.9,145.0,97.27,4.63,244.57,2021-03
Rolling 3 Months,2021-01-01,2021-03-31,13794,32803,"Orlando, FL metro area",1.5,150.0,135.0,67.0,25.0,50.91,165.0,97.83,20.0,246.88,2021-03
Rolling 3 Months,2021-01-01,2021-03-31,13795,32804,"Orlando, FL metro area",1.4,125.0,140.0,63.0,45.0,42.26,168.0,97.57,18.57,238.77,2021-03
Rolling 3 Months,2021-01-01,2021-03-31,13796,32805,"Orlando, FL metro area",2.7,67.0,44.0,39.0,13.0,58.73,63.0,96.87,25.0,140.42,2021-03
Rolling 3 Months,2021-01-01,2021-03-31,13797,32806,"Orlando, FL metro area",1.4,158.0,158.0,76.0,21.0,48.68,189.0,97.97,16.46,216.14,2021-03
Rolling 3 Months,2021-01-01,2021-03-31,13798,32807,"Orlando, FL metro area",1.2,99.0,80.0,32.0,11.0,70.71,99.0,98.27,27.5,170.19,2021-03
Rolling 3 Months,2021-01-01,2021-03-31,13799,32808,"Orlando, FL metro area",0.9,174.0,170.0,50.0,18.0,55.4,213.0,97.05,14.71,127.3,2021-03
Rolling 3 Months,2021-01-01,2021-03-31,13801,32810,"Orlando, FL metro area",1.0,114.0,108.0,35.0,11.0,61.6,125.0,97.36,23.15,151.11,2021-03
Rolling 3 Months,2021-01-01,2021-03-31,13807,32817,"Orlando, FL metro area",0.9,103.0,85.0,25.0,10.0,67.83,115.0,98.98,38.82,176.25,2021-03
Rolling 3 Months,2021-01-01,2021-03-31,13809,32819,"Orlando, FL metro area",1.8,182.0,179.0,110.0,38.0,39.55,220.0,96.17,11.17,192.77,2021-03
Rolling 3 Months,2021-01-01,2021-03-31,13815,32826,"Orlando, FL metro area",0.7,68.0,71.0,16.0,13.0,57.47,87.0,98.48,28.17,166.3,2021-03
Rolling 3 Months,2021-01-01,2021-03-31,13816,32827,"Orlando, FL metro area",1.1,178.0,161.0,59.0,23.0,54.68,203.0,98.32,11.18,204.85,2021-03
Rolling 3 Months,2021-01-01,2021-03-31,13817,32828,"Orlando, FL metro area",0.5,232.0,225.0,41.0,11.0,71.54,260.0,99.6,33.78,160.42,2021-03
Rolling 3 Months,2021-01-01,2021-03-31,13821,32832,"Orlando, FL metro area",0.6,204.0,221.0,44.0,16.0,61.32,243.0,98.94,19.0,167.33,2021-03
Rolling 3 Months,2021-01-01,2021-03-31,13824,32835,"Orlando, FL metro area",1.8,216.0,202.0,118.0,35.0,43.12,269.0,97.86,15.35,148.16,2021-03
Rolling 3 Months,2021-01-01,2021-03-31,14733,34761,"Orlando, FL metro area",1.0,218.0,225.0,77.0,13.0,68.61,223.0,98.96,24.44,157.47,2021-03
Rolling 3 Months,2021-01-01,2021-03-31,14743,34786,"Orlando, FL metro area",1.0,313.0,336.0,116.0,29.0,48.26,402.0,97.88,15.48,181.49,2021-03
Rolling 3 Months,2021-01-01,2021-03-31,14744,34787,"Orlando, FL metro area",0.8,597.0,575.0,157.0,14.0,62.11,673.0,98.9,21.91,175.16,2021-03
Rolling 3 Months,2019-12-01,2020-02-29,13719,32703,"Orlando, FL metro area",2.4,217.0,162.0,130.0,25.0,41.45,234.0,97.09,13.58,140.83,2020-02
Rolling 3 Months,2019-12-01,2020-02-29,13726,32712,"Orlando, FL metro area",1.8,200.0,222.0,131.0,38.0,31.62,253.0,97.77,7.66,134.15,2020-02
Rolling 3 Months,2019-12-01,2020-02-29,13792,32801,"Orlando, FL metro area",3.5,102.0,83.0,97.0,57.0,21.43,98.0,96.36,3.61,222.79,2020-02
Rolling 3 Months,2019-12-01,2020-02-29,13794,32803,"Orlando, FL metro area",2.0,110.0,125.0,81.0,46.0,37.84,148.0,96.86,8.8,226.07,2020-02
Rolling 3 Months,2019-12-01,2020-02-29,13795,32804,"Orlando, FL metro area",2.9,130.0,106.0,103.0,60.0,35.66,129.0,96.99,14.15,222.1,2020-02
Rolling 3 Months,2019-12-01,2020-02-29,13796,32805,"Orlando, FL metro area",3.6,55.0,43.0,51.0,53.0,41.67,48.0,96.91,18.6,128.38,2020-02
Rolling 3 Months,2019-12-01,2020-02-29,13797,32806,"Orlando, FL metro area",2.2,129.0,123.0,88.0,39.0,42.31,156.0,96.52,12.2,190.26,2020-02
Rolling 3 Months,2019-12-01,2020-02-29,13798,32807,"Orlando, FL metro area",1.7,95.0,86.0,47.0,34.0,40.0,120.0,97.5,18.6,157.0,2020-02
Rolling 3 Months,2019-12-01,2020-02-29,13799,32808,"Orlando, FL metro area",3.0,202.0,153.0,149.0,31.0,31.88,229.0,96.53,15.03,120.15,2020-02
Rolling 3 Months,2019-12-01,2020-02-29,13801,32810,"Orlando, FL metro area",2.0,106.0,91.0,61.0,19.0,38.46,117.0,96.88,21.98,138.47,2020-02
Rolling 3 Months,2019-12-01,2020-02-29,13807,32817,"Orlando, FL metro area",1.4,68.0,72.0,34.0,23.0,45.36,97.0,97.82,20.83,155.34,2020-02
Rolling 3 Months,2019-12-01,2020-02-29,13809,32819,"Orlando, FL metro area",3.8,163.0,132.0,167.0,47.0,36.36,154.0,96.59,11.36,173.21,2020-02
Rolling 3 Months,2019-12-01,2020-02-29,13815,32826,"Orlando, FL metro area",1.9,68.0,60.0,37.0,13.0,48.57,70.0,97.17,16.67,156.93,2020-02
Rolling 3 Months,2019-12-01,2020-02-29,13816,32827,"Orlando, FL metro area",3.6,165.0,140.0,168.0,43.0,37.74,159.0,97.14,7.14,185.39,2020-02
Rolling 3 Months,2019-12-01,2020-02-29,13817,32828,"Orlando, FL metro area",1.7,232.0,231.0,129.0,36.0,42.8,264.0,98.38,14.72,144.88,2020-02
Rolling 3 Months,2019-12-01,2020-02-29,13821,32832,"Orlando, FL metro area",2.4,185.0,164.0,128.0,42.0,31.82,198.0,97.93,12.2,153.79,2020-02
Rolling 3 Months,2019-12-01,2020-02-29,13824,32835,"Orlando, FL metro area",2.7,199.0,176.0,158.0,30.0,33.33,207.0,97.15,12.5,137.12,2020-02
Rolling 3 Months,2019-12-01,2020-02-29,14733,34761,"Orlando, FL metro area",1.6,216.0,199.0,102.0,23.0,47.33,243.0,98.16,13.07,144.88,2020-02
Rolling 3 Months,2019-12-01,2020-02-29,14743,34786,"Orlando, FL metro area",4.0,277.0,221.0,294.0,43.0,33.71,267.0,96.61,8.14,169.95,2020-02
Rolling 3 Months,2019-12-01,2020-02-29,14744,34787,"Orlando, FL metro area",2.6,511.0,450.0,383.0,29.0,38.75,542.0,97.99,8.44,159.44,2020-02
Rolling 3 Months,2018-11-01,2019-01-31,13719,32703,"Orlando, FL metro area",3.2,215.0,188.0,198.0,29.0,38.18,220.0,97.09,14.89,130.44,2019-01
Rolling 3 Months,2018-11-01,2019-01-31,13726,32712,"Orlando, FL metro area",3.0,237.0,206.0,201.0,36.0,29.05,241.0,97.55,10.68,125.86,2019-01
Rolling 3 Months,2018-11-01,2019-01-31,13792,32801,"Orlando, FL metro area",5.8,72.0,53.0,101.0,61.0,25.0,60.0,95.24,0.0,224.3,2019-01
Rolling 3 Months,2018-11-01,2019-01-31,13794,32803,"Orlando, FL metro area",4.5,134.0,102.0,149.0,52.0,22.9,131.0,96.74,7.84,217.78,2019-01
Rolling 3 Months,2018-11-01,2019-01-31,13795,32804,"Orlando, FL metro area",4.6,110.0,93.0,140.0,47.0,28.57,112.0,96.32,7.53,202.91,2019-01
Rolling 3 Months,2018-11-01,2019-01-31,13796,32805,"Orlando, FL metro area",4.8,71.0,40.0,62.0,47.0,24.07,54.0,92.83,10.0,100.84,2019-01
Rolling 3 Months,2018-11-01,2019-01-31,13797,32806,"Orlando, FL metro area",2.6,129.0,136.0,117.0,38.0,26.39,144.0,96.29,8.82,172.19,2019-01
Rolling 3 Months,2018-11-01,2019-01-31,13798,32807,"Orlando, FL metro area",3.0,110.0,74.0,73.0,25.0,43.0,100.0,97.94,18.92,145.06,2019-01
Rolling 3 Months,2018-11-01,2019-01-31,13799,32808,"Orlando, FL metro area",3.6,167.0,138.0,164.0,42.0,23.68,190.0,97.33,15.22,101.9,2019-01
Rolling 3 Months,2018-11-01,2019-01-31,13801,32810,"Orlando, FL metro area",2.5,117.0,109.0,90.0,33.0,35.04,137.0,97.59,14.68,129.15,2019-01
Rolling 3 Months,2018-11-01,2019-01-31,13807,32817,"Orlando, FL metro area",2.3,94.0,89.0,66.0,28.0,35.29,102.0,97.13,11.24,144.96,2019-01
Rolling 3 Months,2018-11-01,2019-01-31,13809,32819,"Orlando, FL metro area",4.1,161.0,134.0,177.0,42.0,23.87,155.0,96.61,7.46,163.89,2019-01
Rolling 3 Months,2018-11-01,2019-01-31,13815,32826,"Orlando, FL metro area",2.7,72.0,53.0,47.0,27.0,39.71,68.0,97.01,15.09,134.18,2019-01
Rolling 3 Months,2018-11-01,2019-01-31,13816,32827,"Orlando, FL metro area",4.4,122.0,110.0,157.0,38.0,31.62,136.0,97.11,4.55,182.01,2019-01
Rolling 3 Months,2018-11-01,2019-01-31,13817,32828,"Orlando, FL metro area",3.5,234.0,194.0,219.0,42.0,31.48,216.0,97.58,8.25,134.4,2019-01
Rolling 3 Months,2018-11-01,2019-01-31,13821,32832,"Orlando, FL metro area",3.6,193.0,141.0,167.0,39.0,30.77,169.0,97.99,17.02,145.08,2019-01
Rolling 3 Months,2018-11-01,2019-01-31,13824,32835,"Orlando, FL metro area",2.7,213.0,184.0,164.0,28.0,36.64,232.0,96.98,17.39,126.26,2019-01
Rolling 3 Months,2018-11-01,2019-01-31,14733,34761,"Orlando, FL metro area",2.7,187.0,169.0,148.0,25.0,35.42,192.0,98.02,13.02,132.45,2019-01
Rolling 3 Months,2018-11-01,2019-01-31,14743,34786,"Orlando, FL metro area",5.1,249.0,217.0,364.0,67.0,23.66,262.0,95.97,3.23,163.04,2019-01
Rolling 3 Months,2018-11-01,2019-01-31,14744,34787,"Orlando, FL metro area",3.0,525.0,415.0,408.0,20.0,39.57,470.0,97.89,10.36,146.83,2019-01
Rolling 3 Months,2017-10-01,2017-12-31,13719,32703,"Orlando, FL metro area",2.2,183.0,198.0,142.0,33.0,32.73,220.0,97.08,14.14,121.16,2017-12
Rolling 3 Months,2017-10-01,2017-12-31,13726,32712,"Orlando, FL metro area",3.2,258.0,191.0,202.0,36.0,37.16,218.0,97.73,12.04,115.1,2017-12
Rolling 3 Months,2017-10-01,2017-12-31,13792,32801,"Orlando, FL metro area",3.1,84.0,83.0,84.0,66.0,23.08,91.0,95.38,3.61,241.23,2017-12
Rolling 3 Months,2017-10-01,2017-12-31,13794,32803,"Orlando, FL metro area",2.6,119.0,109.0,94.0,29.0,34.78,138.0,98.26,13.76,206.55,2017-12
Rolling 3 Months,2017-10-01,2017-12-31,13795,32804,"Orlando, FL metro area",2.6,99.0,120.0,103.0,49.0,32.52,123.0,96.89,10.0,185.93,2017-12
Rolling 3 Months,2017-10-01,2017-12-31,13796,32805,"Orlando, FL metro area",3.4,63.0,45.0,50.0,39.0,43.75,64.0,95.53,11.11,71.64,2017-12
Rolling 3 Months,2017-10-01,2017-12-31,13797,32806,"Orlando, FL metro area",2.7,155.0,155.0,134.0,48.0,33.33,141.0,96.15,8.39,158.27,2017-12
Rolling 3 Months,2017-10-01,2017-12-31,13798,32807,"Orlando, FL metro area",1.6,118.0,122.0,65.0,13.0,54.62,130.0,97.69,24.59,127.55,2017-12
Rolling 3 Months,2017-10-01,2017-12-31,13799,32808,"Orlando, FL metro area",2.5,202.0,158.0,131.0,31.0,38.1,210.0,95.77,24.68,86.75,2017-12
Rolling 3 Months,2017-10-01,2017-12-31,13801,32810,"Orlando, FL metro area",2.4,115.0,109.0,85.0,36.0,41.28,109.0,95.71,16.51,111.86,2017-12
Rolling 3 Months,2017-10-01,2017-12-31,13807,32817,"Orlando, FL metro area",1.9,98.0,93.0,58.0,22.0,46.3,108.0,97.0,16.13,135.37,2017-12
Rolling 3 Months,2017-10-01,2017-12-31,13809,32819,"Orlando, FL metro area",4.2,152.0,131.0,181.0,53.0,25.62,160.0,96.06,3.82,152.27,2017-12
Rolling 3 Months,2017-10-01,2017-12-31,13815,32826,"Orlando, FL metro area",1.9,75.0,72.0,45.0,11.0,49.35,77.0,98.15,25.0,128.42,2017-12
Rolling 3 Months,2017-10-01,2017-12-31,13816,32827,"Orlando, FL metro area",4.1,88.0,99.0,132.0,68.0,24.79,117.0,97.73,6.06,173.16,2017-12
Rolling 3 Months,2017-10-01,2017-12-31,13817,32828,"Orlando, FL metro area",1.5,185.0,250.0,119.0,47.0,32.27,251.0,97.88,12.0,127.34,2017-12
Rolling 3 Months,2017-10-01,2017-12-31,13821,32832,"Orlando, FL metro area",2.6,157.0,157.0,132.0,44.0,34.73,167.0,97.74,12.1,138.17,2017-12
Rolling 3 Months,2017-10-01,2017-12-31,13824,32835,"Orlando, FL metro area",2.3,199.0,210.0,160.0,37.0,29.79,235.0,96.29,10.0,116.86,2017-12
Rolling 3 Months,2017-10-01,2017-12-31,14733,34761,"Orlando, FL metro area",2.3,198.0,196.0,150.0,37.0,34.4,218.0,99.09,20.92,121.65,2017-12
Rolling 3 Months,2017-10-01,2017-12-31,14743,34786,"Orlando, FL metro area",3.8,253.0,267.0,330.0,67.0,23.19,276.0,96.71,5.99,147.72,2017-12
Rolling 3 Months,2017-10-01,2017-12-31,14744,34787,"Orlando, FL metro area",2.5,450.0,475.0,392.0,44.0,34.91,487.0,98.01,12.84,137.75,2017-12
Rolling 3 Months,2016-08-01,2016-10-31,13719,32703,"Orlando, FL metro area",2.4,219.0,212.0,163.0,40.0,39.32,234.0,98.09,18.4,108.07,2016-10
Rolling 3 Months,2016-08-01,2016-10-31,13726,32712,"Orlando, FL metro area",2.9,246.0,228.0,212.0,35.0,41.22,245.0,98.4,17.54,110.0,2016-10
Rolling 3 Months,2016-08-01,2016-10-31,13792,32801,"Orlando, FL metro area",4.4,105.0,94.0,136.0,77.0,17.95,78.0,97.7,18.09,232.37,2016-10
Rolling 3 Months,2016-08-01,2016-10-31,13794,32803,"Orlando, FL metro area",2.4,153.0,157.0,125.0,44.0,38.57,140.0,96.79,15.92,190.31,2016-10
Rolling 3 Months,2016-08-01,2016-10-31,13795,32804,"Orlando, FL metro area",4.7,121.0,102.0,157.0,57.0,24.81,129.0,95.97,6.86,183.35,2016-10
Rolling 3 Months,2016-08-01,2016-10-31,13796,32805,"Orlando, FL metro area",5.5,61.0,32.0,57.0,27.0,46.0,50.0,95.97,21.88,57.8,2016-10
Rolling 3 Months,2016-08-01,2016-10-31,13797,32806,"Orlando, FL metro area",3.5,178.0,150.0,170.0,41.0,35.37,164.0,97.32,20.67,147.74,2016-10
Rolling 3 Months,2016-08-01,2016-10-31,13798,32807,"Orlando, FL metro area",1.6,102.0,113.0,60.0,24.0,45.74,129.0,99.63,31.86,109.29,2016-10
Rolling 3 Months,2016-08-01,2016-10-31,13799,32808,"Orlando, FL metro area",2.8,202.0,163.0,151.0,34.0,41.15,226.0,97.83,28.83,71.75,2016-10
Rolling 3 Months,2016-08-01,2016-10-31,13801,32810,"Orlando, FL metro area",1.8,151.0,163.0,97.0,31.0,41.76,182.0,97.92,27.61,95.11,2016-10
Rolling 3 Months,2016-08-01,2016-10-31,13807,32817,"Orlando, FL metro area",1.9,102.0,126.0,79.0,38.0,47.06,119.0,98.32,22.22,127.84,2016-10
Rolling 3 Months,2016-08-01,2016-10-31,13809,32819,"Orlando, FL metro area",3.8,182.0,188.0,231.0,66.0,22.35,170.0,96.32,7.45,146.54,2016-10
Rolling 3 Months,2016-08-01,2016-10-31,13815,32826,"Orlando, FL metro area",1.9,91.0,93.0,58.0,25.0,47.25,91.0,97.42,21.51,114.31,2016-10
Rolling 3 Months,2016-08-01,2016-10-31,13816,32827,"Orlando, FL metro area",4.9,107.0,88.0,142.0,48.0,31.87,91.0,97.66,13.64,151.79,2016-10
Rolling 3 Months,2016-08-01,2016-10-31,13817,32828,"Orlando, FL metro area",2.3,311.0,301.0,230.0,45.0,33.55,304.0,97.95,14.95,120.73,2016-10
Rolling 3 Months,2016-08-01,2016-10-31,13821,32832,"Orlando, FL metro area",3.3,180.0,156.0,168.0,40.0,31.93,166.0,97.97,11.54,126.66,2016-10
Rolling 3 Months,2016-08-01,2016-10-31,13824,32835,"Orlando, FL metro area",3.6,261.0,218.0,259.0,49.0,30.77,234.0,96.96,11.47,108.86,2016-10
Rolling 3 Months,2016-08-01,2016-10-31,14733,34761,"Orlando, FL metro area",2.7,192.0,189.0,164.0,47.0,36.23,207.0,98.03,16.4,111.11,2016-10
Rolling 3 Months,2016-08-01,2016-10-31,14743,34786,"Orlando, FL metro area",6.6,303.0,247.0,530.0,90.0,17.74,265.0,96.64,5.26,143.35,2016-10
Rolling 3 Months,2016-08-01,2016-10-31,14744,34787,"Orlando, FL metro area",3.6,464.0,417.0,487.0,53.0,26.61,451.0,97.59,8.87,126.38,2016-10
Rolling 3 Months,2016-07-01,2016-09-30,13719,32703,"Orlando, FL metro area",2.6,252.0,220.0,187.0,34.0,42.59,263.0,98.11,24.09,109.54,2016-09
Rolling 3 Months,2016-07-01,2016-09-30,13726,32712,"Orlando, FL metro area",2.6,273.0,262.0,224.0,37.0,40.15,259.0,98.42,20.23,109.69,2016-09
Rolling 3 Months,2016-07-01,2016-09-30,13792,32801,"Orlando, FL metro area",4.3,100.0,101.0,140.0,77.0,18.48,92.0,97.32,16.83,233.2,2016-09
Rolling 3 Months,2016-07-01,2016-09-30,13794,32803,"Orlando, FL metro area",2.7,174.0,158.0,139.0,39.0,40.91,176.0,97.07,15.82,188.72,2016-09
Rolling 3 Months,2016-07-01,2016-09-30,13795,32804,"Orlando, FL metro area",4.2,129.0,122.0,168.0,68.0,25.58,129.0,96.52,7.38,180.23,2016-09
Rolling 3 Months,2016-07-01,2016-09-30,13796,32805,"Orlando, FL metro area",4.1,61.0,35.0,47.0,32.0,43.75,48.0,100.29,34.29,53.68,2016-09
Rolling 3 Months,2016-07-01,2016-09-30,13797,32806,"Orlando, FL metro area",3.9,201.0,142.0,182.0,39.0,34.5,171.0,97.19,23.24,150.45,2016-09
Rolling 3 Months,2016-07-01,2016-09-30,13798,32807,"Orlando, FL metro area",2.0,122.0,108.0,69.0,27.0,51.35,148.0,98.18,33.33,102.4,2016-09
Rolling 3 Months,2016-07-01,2016-09-30,13799,32808,"Orlando, FL metro area",2.7,198.0,169.0,151.0,35.0,41.48,229.0,97.52,27.81,72.42,2016-09
Rolling 3 Months,2016-07-01,2016-09-30,13801,32810,"Orlando, FL metro area",2.1,174.0,162.0,112.0,35.0,38.46,195.0,98.41,27.78,93.36,2016-09
Rolling 3 Months,2016-07-01,2016-09-30,13807,32817,"Orlando, FL metro area",1.8,113.0,140.0,80.0,32.0,47.65,149.0,98.46,21.43,128.21,2016-09
Rolling 3 Months,2016-07-01,2016-09-30,13809,32819,"Orlando, FL metro area",3.8,195.0,205.0,251.0,59.0,23.65,203.0,95.89,7.32,149.4,2016-09
Rolling 3 Months,2016-07-01,2016-09-30,13815,32826,"Orlando, FL metro area",2.1,107.0,96.0,65.0,24.0,52.04,98.0,97.54,22.92,113.35,2016-09
Rolling 3 Months,2016-07-01,2016-09-30,13816,32827,"Orlando, FL metro area",5.4,112.0,83.0,146.0,56.0,33.0,100.0,97.87,12.05,154.27,2016-09
Rolling 3 Months,2016-07-01,2016-09-30,13817,32828,"Orlando, FL metro area",2.3,347.0,326.0,249.0,39.0,36.98,338.0,98.11,15.95,119.25,2016-09
Rolling 3 Months,2016-07-01,2016-09-30,13821,32832,"Orlando, FL metro area",3.4,198.0,165.0,181.0,43.0,36.02,186.0,97.62,12.12,128.19,2016-09
Rolling 3 Months,2016-07-01,2016-09-30,13824,32835,"Orlando, FL metro area",3.1,252.0,244.0,249.0,46.0,29.39,245.0,97.39,12.3,105.81,2016-09
Rolling 3 Months,2016-07-01,2016-09-30,14733,34761,"Orlando, FL metro area",2.3,194.0,223.0,166.0,45.0,33.92,227.0,97.96,17.49,111.83,2016-09
Rolling 3 Months,2016-07-01,2016-09-30,14743,34786,"Orlando, FL metro area",6.7,335.0,252.0,552.0,86.0,15.75,292.0,96.7,5.95,142.43,2016-09
Rolling 3 Months,2016-07-01,2016-09-30,14744,34787,"Orlando, FL metro area",3.7,499.0,436.0,532.0,48.0,27.27,462.0,97.72,11.24,124.06,2016-09
